# This file uses meters as units for non-parametric coordinates.

mtllib DALIRI.mtl
g default
v -0.002428 0.817360 0.524332
v -0.002428 0.660143 0.467221
v 0.064442 0.659085 0.465177
v 0.084651 0.816580 0.523558
v 0.141984 0.654720 0.459666
v 0.174477 0.813300 0.517186
v 0.245730 0.653578 0.438623
v 0.356624 0.645702 0.422728
v 0.374588 0.802958 0.473850
v 0.274004 0.808750 0.500913
v -0.002428 1.464793 0.496278
v -0.002428 1.303096 0.520873
v 0.089428 1.303551 0.520451
v 0.089386 1.464881 0.496235
v -0.002428 1.131101 0.539545
v 0.089184 1.132536 0.537013
v 0.176486 1.133790 0.532129
v 0.174665 1.304407 0.516345
v 0.173299 1.464799 0.492973
v 0.261151 1.134698 0.519830
v 0.263689 1.297502 0.498999
v 0.343134 1.134752 0.494664
v 0.331120 1.302681 0.480918
v 0.317292 1.459535 0.461431
v 0.251835 1.457303 0.478958
v -0.002428 1.702841 0.435173
v -0.002428 1.594401 0.469053
v 0.089410 1.594390 0.469080
v 0.089340 1.702835 0.435183
v 0.172005 1.593209 0.466834
v 0.170702 1.700575 0.434037
v 0.247765 1.574148 0.451333
v 0.310267 1.570392 0.436322
v 0.299575 1.657013 0.406541
v 0.239556 1.677475 0.422564
v -0.002428 1.895723 0.332097
v -0.002338 1.860180 0.367646
v 0.089129 1.879478 0.338940
v 0.089100 1.906590 0.313613
v 0.168924 1.875700 0.339723
v 0.170633 1.922013 0.283656
v 0.229351 1.854998 0.338172
v 0.236822 1.904716 0.285385
v 0.281923 1.829538 0.333470
v 0.296874 1.873115 0.283909
v 0.312578 1.888319 0.228230
v 0.245193 1.927118 0.229112
v 0.172451 1.953427 0.226034
v 0.248325 1.936148 0.176334
v 0.191688 1.956165 0.175009
v 0.318667 1.897953 0.174205
v 0.321606 1.907554 0.115197
v 0.249792 1.941409 0.119889
v 0.192099 1.958251 0.121643
v 0.250189 1.938341 0.047336
v 0.192202 1.957172 0.056287
v 0.322078 1.906204 0.039170
v 0.321141 1.900368 -0.040190
v 0.250040 1.929117 -0.032697
v 0.173075 1.952074 -0.018091
v -0.002428 1.876582 -0.191880
v -0.002428 1.928263 -0.111328
v 0.089006 1.928435 -0.110891
v 0.088948 1.876675 -0.191688
v -0.002428 1.954201 -0.034856
v 0.086989 1.954409 -0.034282
v 0.173337 1.921818 -0.112387
v 0.172336 1.872805 -0.189382
v 0.247498 1.904973 -0.115604
v 0.314538 1.879745 -0.114786
v 0.309679 1.834298 -0.174965
v 0.245918 1.856152 -0.185288
v -0.002428 1.461942 -0.349506
v -0.002428 1.584098 -0.307062
v 0.088977 1.584089 -0.307050
v 0.089174 1.461995 -0.349449
v -0.002428 1.687350 -0.268428
v 0.088877 1.687333 -0.268375
v 0.173949 1.684681 -0.264386
v 0.175497 1.582295 -0.302594
v 0.187824 1.460498 -0.348490
v 0.257802 1.673316 -0.256006
v 0.270261 1.574816 -0.294456
v 0.333762 1.660186 -0.240900
v 0.352095 1.569675 -0.276363
v 0.369489 1.459943 -0.316066
v 0.289977 1.459979 -0.338708
v -0.002428 1.129971 -0.421001
v -0.002428 1.301959 -0.392130
v 0.089345 1.302183 -0.391932
v 0.090331 1.129675 -0.421047
v 0.179089 1.301769 -0.387534
v 0.182754 1.130106 -0.416513
v 0.307121 1.308741 -0.383050
v 0.409371 1.316719 -0.362742
v 0.394755 1.125418 -0.387831
v 0.281650 1.129012 -0.404753
v -0.002428 0.664790 -0.363600
v -0.002428 0.819361 -0.404442
v 0.087972 0.815414 -0.405483
v 0.076137 0.665166 -0.365154
v 0.181621 0.817023 -0.402040
v 0.160203 0.667965 -0.364561
v 0.289594 0.817771 -0.391680
v 0.260073 0.667778 -0.357432
v 0.399154 0.815347 -0.373266
v 0.366535 0.661826 -0.345491
v 0.631146 0.649804 -0.208726
v 0.572894 0.660697 -0.274394
v 0.604328 0.827056 -0.296323
v 0.645163 0.806397 -0.208535
v 0.667085 0.639388 -0.126804
v 0.679123 0.795330 -0.110962
v 0.687981 0.634706 -0.034407
v 0.695850 0.791563 -0.014707
v 0.692138 0.629821 0.057816
v 0.698376 0.789497 0.076763
v 0.684227 0.626858 0.143730
v 0.690034 0.787318 0.163707
v 0.658997 0.627048 0.218996
v 0.670766 0.790940 0.244105
v 0.611719 0.630818 0.288698
v 0.627484 0.793875 0.320147
v 0.539617 0.633452 0.345448
v 0.567512 0.797699 0.379113
v 0.652527 1.115824 -0.109931
v 0.621458 1.121665 -0.208862
v 0.585228 1.296879 -0.195745
v 0.625504 1.287694 -0.097527
v 0.563671 1.126508 -0.295358
v 0.536697 1.313710 -0.277133
v 0.492382 1.460292 -0.244816
v 0.536260 1.456131 -0.183508
v 0.583745 1.458233 -0.089674
v 0.667325 1.105360 0.082113
v 0.666768 1.109564 -0.012378
v 0.638057 1.273034 0.005636
v 0.622521 1.275485 0.102446
v 0.598677 1.376709 -0.010774
v 0.614631 1.350553 0.106891
v 0.626593 1.104308 0.257133
v 0.654030 1.103527 0.172270
v 0.632925 1.269323 0.189727
v 0.606553 1.274125 0.267824
v 0.621503 1.363053 0.192730
v 0.587498 1.447879 0.265613
v 0.513151 1.112790 0.403369
v 0.580661 1.105088 0.336153
v 0.557331 1.281523 0.337842
v 0.489006 1.289160 0.397145
v 0.510742 1.456602 0.320146
v 0.451710 1.456273 0.378609
v 0.517082 1.568470 -0.156377
v 0.558837 1.573306 -0.096020
v 0.470690 1.563513 -0.213053
v 0.456920 1.642424 -0.186013
v 0.503727 1.653651 -0.132990
v 0.542032 1.662766 -0.078649
v 0.502019 1.549266 0.307496
v 0.440142 1.555207 0.362233
v 0.558313 1.539027 0.261715
v 0.521505 1.601423 0.253671
v 0.476694 1.610466 0.293571
v 0.421827 1.617994 0.339629
v -0.002428 0.969006 -0.424942
v 0.091479 0.969116 -0.424682
v 0.186212 0.969497 -0.420471
v 0.292296 0.969412 -0.408930
v 0.399664 0.968274 -0.388486
v 0.637880 0.959063 -0.213152
v 0.673565 0.955321 -0.109530
v 0.597103 0.977174 -0.303587
v 0.687143 0.950036 -0.012350
v 0.686819 0.946593 0.080551
v 0.674785 0.944043 0.170927
v 0.647005 0.943516 0.255942
v 0.606359 0.947392 0.330959
v 0.548953 0.951899 0.395403
v 0.276632 0.967949 0.523128
v 0.183390 0.970436 0.538391
v 0.369155 0.963039 0.496084
v -0.002428 0.972314 0.543648
v 0.092649 0.971750 0.543559
v 0.455501 0.638428 0.392857
v 0.475580 0.798164 0.433746
v 0.459924 0.955817 0.454217
v 0.437470 1.118336 0.460602
v 0.404324 1.302293 0.440950
v 0.384210 1.459455 0.427684
v 0.361210 1.634004 0.377141
v 0.375586 1.563113 0.406179
v 0.358816 1.824622 0.275356
v 0.381095 1.835124 0.227261
v 0.337202 1.793384 0.317302
v 0.381570 1.751691 0.301507
v 0.409346 1.759957 0.270535
v 0.448858 1.774263 0.231434
v 0.389986 1.848495 0.173604
v 0.394268 1.863301 0.112196
v 0.447073 1.828014 0.172221
v 0.449195 1.842376 0.110450
v 0.395237 1.868014 0.038778
v 0.391246 1.863040 -0.036825
v 0.453256 1.852046 0.044025
v 0.460877 1.837177 -0.028905
v 0.377614 1.843991 -0.105862
v 0.366972 1.803022 -0.160194
v 0.431168 1.794460 -0.100933
v 0.409895 1.772773 -0.143336
v 0.418743 1.565856 -0.250942
v 0.440350 1.462689 -0.286888
v 0.401069 1.646887 -0.219986
v 0.482022 1.318145 -0.330965
v 0.504377 1.142121 -0.350036
v 0.522710 0.982245 -0.357723
v 0.521077 0.826628 -0.345983
v 0.471061 0.656931 -0.319341
v 0.653334 1.443266 -0.002034
v 0.655035 1.419326 0.076428
v 0.630232 1.529025 -0.085141
v 0.690560 1.556852 -0.053773
v 0.706064 1.489673 -0.016010
v 0.710560 1.452294 0.056427
v 0.604090 1.606581 -0.090855
v 0.577569 1.658100 -0.084829
v 0.652962 1.694640 -0.069854
v 0.675515 1.610624 -0.071527
v 0.518317 1.841465 0.058374
v 0.524383 1.815153 -0.014797
v 0.518645 1.835538 0.131819
v 0.600382 1.813913 0.154238
v 0.593424 1.819493 0.075651
v 0.597050 1.812093 0.005134
v 0.621061 1.419232 0.167861
v 0.639591 1.471682 0.223965
v 0.733165 1.436709 0.127984
v 0.720961 1.473330 0.184755
v 0.524477 1.820324 0.199793
v 0.531701 1.766975 0.231980
v 0.646436 1.727460 0.239438
v 0.608882 1.792558 0.205734
v 0.707241 1.545014 0.231777
v 0.598021 1.582073 0.245662
v 0.642580 1.508003 0.236894
v 0.720926 1.511602 0.224173
v 0.756529 1.635231 -0.065156
v 0.775371 1.575008 -0.051868
v 0.735620 1.710195 -0.048589
v 0.880195 1.717820 -0.037446
v 0.908787 1.670017 -0.051314
v 0.917071 1.584634 -0.035420
v 0.714466 1.807492 0.095237
v 0.720530 1.803037 0.019456
v 0.714635 1.792820 0.171194
v 0.816241 1.777770 0.186653
v 0.839957 1.797859 0.119192
v 0.859049 1.796958 0.040864
v 0.723364 1.754150 0.233466
v 0.739085 1.701278 0.242889
v 0.825088 1.660944 0.234772
v 0.808956 1.725747 0.235842
v 0.891186 1.532717 0.234581
v 0.805003 1.527803 0.220913
v 0.823981 1.499761 0.197418
v 0.919125 1.495132 0.195722
v 0.843589 1.466472 0.150723
v 0.926522 1.470563 0.156930
v 0.847617 1.449476 0.095410
v 0.818598 1.469245 0.028156
v 0.936721 1.478871 0.040487
v 0.937772 1.461679 0.102291
v 0.802218 1.504045 -0.025323
v 0.931636 1.523736 -0.005134
v -0.002428 1.790550 -0.237127
v 0.088852 1.790581 -0.237050
v 0.172737 1.787213 -0.233540
v 0.249535 1.773208 -0.225775
v 0.316870 1.754461 -0.211872
v 0.377540 1.730089 -0.194582
v 0.431767 1.715655 -0.164693
v 0.473008 1.728360 -0.112880
v 0.503252 1.738890 -0.059241
v 0.546443 1.730019 -0.062680
v 0.625706 1.753168 -0.032629
v 0.727041 1.765116 -0.015628
v 0.870351 1.775650 0.002227
v 0.674006 1.634928 0.246233
v 0.774978 1.609039 0.242021
v 0.857712 1.594136 0.246154
v 0.485383 1.690896 0.250626
v 0.555286 1.668027 0.249675
v 0.446999 1.696289 0.283607
v 0.396090 1.695217 0.317340
v 0.285140 1.752046 0.374427
v 0.340851 1.720299 0.350213
v 0.231488 1.776782 0.385180
v 0.169259 1.797859 0.390575
v -0.002428 1.801023 0.390615
v 0.089203 1.801001 0.390640
v -0.089507 0.816580 0.523558
v -0.069298 0.659085 0.465177
v -0.179333 0.813300 0.517186
v -0.146840 0.654720 0.459666
v -0.250586 0.653578 0.438623
v -0.278860 0.808750 0.500913
v -0.379444 0.802958 0.473850
v -0.361480 0.645702 0.422728
v -0.094242 1.464881 0.496235
v -0.094284 1.303551 0.520451
v -0.094040 1.132536 0.537013
v -0.179521 1.304407 0.516345
v -0.181342 1.133790 0.532129
v -0.178155 1.464799 0.492973
v -0.268545 1.297502 0.498999
v -0.266007 1.134698 0.519830
v -0.335976 1.302681 0.480918
v -0.347990 1.134752 0.494664
v -0.256691 1.457303 0.478958
v -0.322148 1.459535 0.461431
v -0.094196 1.702835 0.435183
v -0.094266 1.594390 0.469080
v -0.176861 1.593209 0.466834
v -0.175558 1.700575 0.434037
v -0.252621 1.574148 0.451333
v -0.315123 1.570392 0.436322
v -0.244412 1.677475 0.422564
v -0.304431 1.657013 0.406541
v -0.093956 1.906590 0.313613
v -0.093985 1.879478 0.338940
v -0.175489 1.922013 0.283656
v -0.173780 1.875700 0.339723
v -0.241678 1.904716 0.285385
v -0.234207 1.854998 0.338172
v -0.301730 1.873115 0.283909
v -0.286779 1.829538 0.333470
v -0.250050 1.927118 0.229112
v -0.317434 1.888319 0.228230
v -0.177307 1.953427 0.226034
v -0.196544 1.956165 0.175009
v -0.253181 1.936148 0.176334
v -0.323523 1.897953 0.174205
v -0.254648 1.941409 0.119889
v -0.326462 1.907554 0.115197
v -0.196955 1.958251 0.121643
v -0.197058 1.957172 0.056287
v -0.255045 1.938341 0.047336
v -0.326934 1.906204 0.039170
v -0.254896 1.929117 -0.032697
v -0.325997 1.900368 -0.040190
v -0.177931 1.952074 -0.018091
v -0.093805 1.876675 -0.191688
v -0.093862 1.928435 -0.110891
v -0.091845 1.954409 -0.034282
v -0.178193 1.921818 -0.112387
v -0.177192 1.872805 -0.189382
v -0.252354 1.904973 -0.115604
v -0.319394 1.879745 -0.114786
v -0.250774 1.856152 -0.185288
v -0.314535 1.834298 -0.174965
v -0.094030 1.461995 -0.349449
v -0.093833 1.584089 -0.307050
v -0.093733 1.687333 -0.268375
v -0.180353 1.582295 -0.302594
v -0.178805 1.684681 -0.264386
v -0.192680 1.460498 -0.348490
v -0.275117 1.574816 -0.294456
v -0.262658 1.673316 -0.256006
v -0.356951 1.569675 -0.276363
v -0.338618 1.660186 -0.240900
v -0.294833 1.459979 -0.338708
v -0.374345 1.459943 -0.316066
v -0.095187 1.129675 -0.421047
v -0.094201 1.302183 -0.391932
v -0.183945 1.301769 -0.387534
v -0.187610 1.130106 -0.416513
v -0.311977 1.308741 -0.383050
v -0.414227 1.316719 -0.362742
v -0.286506 1.129012 -0.404753
v -0.399611 1.125418 -0.387831
v -0.080993 0.665166 -0.365154
v -0.092828 0.815414 -0.405483
v -0.165059 0.667965 -0.364561
v -0.186477 0.817023 -0.402040
v -0.264929 0.667778 -0.357432
v -0.294450 0.817771 -0.391680
v -0.371391 0.661826 -0.345491
v -0.404010 0.815347 -0.373266
v -0.636002 0.649804 -0.208726
v -0.650019 0.806397 -0.208535
v -0.609184 0.827056 -0.296323
v -0.577749 0.660697 -0.274394
v -0.671941 0.639388 -0.126804
v -0.683978 0.795330 -0.110962
v -0.692837 0.634706 -0.034407
v -0.700706 0.791563 -0.014707
v -0.696994 0.629821 0.057816
v -0.703232 0.789497 0.076763
v -0.689083 0.626858 0.143730
v -0.694890 0.787318 0.163707
v -0.663853 0.627048 0.218996
v -0.675622 0.790940 0.244105
v -0.616575 0.630818 0.288698
v -0.632340 0.793875 0.320147
v -0.544473 0.633452 0.345448
v -0.572368 0.797699 0.379113
v -0.657383 1.115824 -0.109931
v -0.630360 1.287694 -0.097527
v -0.590084 1.296879 -0.195745
v -0.626314 1.121665 -0.208862
v -0.541553 1.313710 -0.277133
v -0.568527 1.126508 -0.295358
v -0.541116 1.456131 -0.183508
v -0.497238 1.460292 -0.244816
v -0.588601 1.458233 -0.089674
v -0.672181 1.105360 0.082113
v -0.627377 1.275485 0.102446
v -0.642913 1.273034 0.005636
v -0.671624 1.109564 -0.012378
v -0.603533 1.376709 -0.010774
v -0.619487 1.350553 0.106891
v -0.631449 1.104308 0.257133
v -0.611409 1.274125 0.267824
v -0.637781 1.269323 0.189727
v -0.658886 1.103527 0.172270
v -0.626359 1.363053 0.192730
v -0.592354 1.447879 0.265613
v -0.518007 1.112790 0.403369
v -0.493862 1.289160 0.397145
v -0.562187 1.281523 0.337842
v -0.585517 1.105088 0.336153
v -0.515598 1.456602 0.320146
v -0.456566 1.456273 0.378609
v -0.563693 1.573306 -0.096020
v -0.521938 1.568470 -0.156377
v -0.475546 1.563513 -0.213053
v -0.508583 1.653651 -0.132990
v -0.461776 1.642424 -0.186013
v -0.546888 1.662766 -0.078649
v -0.444998 1.555207 0.362233
v -0.506875 1.549266 0.307496
v -0.563169 1.539027 0.261715
v -0.481550 1.610466 0.293571
v -0.526361 1.601423 0.253671
v -0.426683 1.617994 0.339629
v -0.096335 0.969116 -0.424682
v -0.191068 0.969497 -0.420471
v -0.297152 0.969412 -0.408930
v -0.404520 0.968274 -0.388486
v -0.678421 0.955321 -0.109530
v -0.642736 0.959063 -0.213152
v -0.601959 0.977174 -0.303587
v -0.691675 0.946593 0.080551
v -0.691999 0.950036 -0.012350
v -0.651861 0.943516 0.255942
v -0.679641 0.944043 0.170927
v -0.553809 0.951899 0.395403
v -0.611215 0.947392 0.330959
v -0.188246 0.970436 0.538391
v -0.281488 0.967949 0.523128
v -0.374011 0.963039 0.496084
v -0.097505 0.971750 0.543559
v -0.480436 0.798164 0.433746
v -0.460357 0.638428 0.392857
v -0.442326 1.118336 0.460602
v -0.464780 0.955817 0.454217
v -0.389066 1.459455 0.427684
v -0.409180 1.302293 0.440950
v -0.380442 1.563113 0.406179
v -0.366066 1.634004 0.377141
v -0.385951 1.835124 0.227261
v -0.363672 1.824622 0.275356
v -0.342057 1.793384 0.317302
v -0.414202 1.759957 0.270535
v -0.386426 1.751691 0.301507
v -0.453714 1.774263 0.231434
v -0.399124 1.863301 0.112196
v -0.394842 1.848495 0.173604
v -0.451929 1.828014 0.172221
v -0.454051 1.842376 0.110450
v -0.396102 1.863040 -0.036825
v -0.400093 1.868014 0.038778
v -0.458112 1.852046 0.044025
v -0.465733 1.837177 -0.028905
v -0.371828 1.803022 -0.160194
v -0.382470 1.843991 -0.105862
v -0.436024 1.794460 -0.100933
v -0.414751 1.772773 -0.143336
v -0.445206 1.462689 -0.286888
v -0.423599 1.565856 -0.250942
v -0.405925 1.646887 -0.219986
v -0.509233 1.142121 -0.350036
v -0.486878 1.318145 -0.330965
v -0.525933 0.826628 -0.345983
v -0.527566 0.982245 -0.357723
v -0.475917 0.656931 -0.319341
v -0.659547 1.419260 0.076119
v -0.657846 1.443200 -0.002343
v -0.634744 1.528959 -0.085450
v -0.710549 1.489739 -0.016591
v -0.695045 1.556918 -0.054354
v -0.715045 1.452360 0.055846
v -0.608602 1.606515 -0.091164
v -0.582080 1.658034 -0.085138
v -0.680000 1.610690 -0.072109
v -0.657447 1.694706 -0.070435
v -0.528895 1.815087 -0.015106
v -0.522828 1.841399 0.058065
v -0.523157 1.835472 0.131510
v -0.597909 1.819559 0.075070
v -0.604867 1.813979 0.153657
v -0.601535 1.812159 0.004553
v -0.644102 1.471616 0.223656
v -0.625573 1.419166 0.167552
v -0.737650 1.436775 0.127403
v -0.725446 1.473396 0.184174
v -0.528989 1.820258 0.199484
v -0.536213 1.766909 0.231671
v -0.613367 1.792624 0.205153
v -0.650921 1.727525 0.238857
v -0.711726 1.545080 0.231196
v -0.725411 1.511668 0.223592
v -0.647092 1.507937 0.236584
v -0.602532 1.582007 0.245352
v -0.779864 1.575143 -0.052371
v -0.761022 1.635366 -0.065659
v -0.740113 1.710330 -0.049092
v -0.913267 1.670179 -0.050716
v -0.884675 1.717983 -0.036848
v -0.921551 1.584797 -0.034822
v -0.725022 1.803172 0.018953
v -0.718959 1.807627 0.094734
v -0.719127 1.792955 0.170691
v -0.844437 1.798022 0.119790
v -0.820721 1.777932 0.187251
v -0.863529 1.797121 0.041462
v -0.727857 1.754285 0.232963
v -0.743578 1.701413 0.242386
v -0.813436 1.725909 0.236440
v -0.829569 1.661107 0.235370
v -0.895666 1.532879 0.235179
v -0.923605 1.495294 0.196320
v -0.828473 1.499896 0.196915
v -0.809496 1.527938 0.220410
v -0.848082 1.466607 0.150220
v -0.931003 1.470725 0.157528
v -0.852110 1.449610 0.094908
v -0.823091 1.469380 0.027653
v -0.942253 1.461841 0.102889
v -0.941201 1.479033 0.041086
v -0.806711 1.504180 -0.025825
v -0.936117 1.523898 -0.004536
v -0.093708 1.790581 -0.237050
v -0.177593 1.787213 -0.233540
v -0.254391 1.773208 -0.225775
v -0.321726 1.754461 -0.211872
v -0.436623 1.715655 -0.164693
v -0.382396 1.730089 -0.194582
v -0.508108 1.738890 -0.059241
v -0.477864 1.728360 -0.112880
v -0.630191 1.753234 -0.033210
v -0.550955 1.729953 -0.062989
v -0.874831 1.775812 0.002825
v -0.731534 1.765250 -0.016131
v -0.779471 1.609174 0.241518
v -0.678491 1.634994 0.245652
v -0.862192 1.594298 0.246753
v -0.559798 1.667961 0.249365
v -0.490239 1.690896 0.250626
v -0.400946 1.695217 0.317340
v -0.451855 1.696289 0.283607
v -0.345707 1.720299 0.350213
v -0.289996 1.752046 0.374427
v -0.174115 1.797859 0.390575
v -0.236344 1.776782 0.385180
v -0.094059 1.801001 0.390640
vt 0.231546 0.712114
vt 0.231546 0.678161
vt 0.245987 0.677933
vt 0.250352 0.711946
vt 0.262733 0.676990
vt 0.269751 0.711237
vt 0.285139 0.676743
vt 0.309088 0.675043
vt 0.312967 0.709004
vt 0.291245 0.710255
vt 0.231546 0.851935
vt 0.231546 0.817015
vt 0.251383 0.817113
vt 0.251374 0.851954
vt 0.231546 0.779870
vt 0.251331 0.780180
vt 0.270185 0.780451
vt 0.269791 0.817298
vt 0.269496 0.851936
vt 0.288469 0.780647
vt 0.289017 0.815807
vt 0.306174 0.780659
vt 0.303580 0.816925
vt 0.300593 0.850799
vt 0.286457 0.850317
vt 0.231546 0.903344
vt 0.231546 0.879925
vt 0.251379 0.879923
vt 0.251364 0.903343
vt 0.269217 0.879668
vt 0.268936 0.902855
vt 0.285578 0.875551
vt 0.299076 0.874740
vt 0.296767 0.893447
vt 0.283805 0.897866
vt 0.231546 0.944999
vt 0.231565 0.937324
vt 0.251319 0.941491
vt 0.251313 0.947346
vt 0.268551 0.940675
vt 0.268921 0.950677
vt 0.281601 0.936204
vt 0.283215 0.946942
vt 0.292955 0.930706
vt 0.296184 0.940117
vt 0.299575 0.943400
vt 0.285023 0.951780
vt 0.269313 0.957461
vt 0.285699 0.953730
vt 0.273468 0.958053
vt 0.300890 0.945481
vt 0.301525 0.947554
vt 0.286016 0.954866
vt 0.273556 0.958503
vt 0.286102 0.954203
vt 0.273579 0.958270
vt 0.301627 0.947263
vt 0.702302 0.956651
vt 0.717827 0.949711
vt 0.717625 0.948451
vt 0.702270 0.954659
vt 0.689779 0.960718
vt 0.685648 0.959617
vt 0.647747 0.943314
vt 0.647747 0.954475
vt 0.667493 0.954512
vt 0.667480 0.943334
vt 0.647747 0.960077
vt 0.667057 0.960122
vt 0.685705 0.953083
vt 0.685489 0.942498
vt 0.701721 0.949445
vt 0.716199 0.943997
vt 0.715150 0.934182
vt 0.701380 0.938902
vt 0.647747 0.853768
vt 0.647747 0.880149
vt 0.667487 0.880147
vt 0.667529 0.853779
vt 0.647747 0.902447
vt 0.667465 0.902443
vt 0.685837 0.901871
vt 0.686171 0.879759
vt 0.688834 0.853456
vt 0.703946 0.899416
vt 0.706637 0.878144
vt 0.720351 0.896581
vt 0.724310 0.877034
vt 0.728066 0.853336
vt 0.710895 0.853344
vt 0.647747 0.782074
vt 0.647747 0.819217
vt 0.667566 0.819266
vt 0.667779 0.782011
vt 0.686947 0.819176
vt 0.687739 0.782104
vt 0.714597 0.820682
vt 0.736679 0.822405
vt 0.733523 0.781091
vt 0.709096 0.781867
vt 0.647747 0.681613
vt 0.647747 0.714995
vt 0.667269 0.714142
vt 0.664714 0.681694
vt 0.687494 0.714490
vt 0.682869 0.682299
vt 0.710812 0.714651
vt 0.704437 0.682258
vt 0.734473 0.714128
vt 0.727428 0.680973
vt 0.784574 0.678377
vt 0.771994 0.680729
vt 0.778783 0.716656
vt 0.787601 0.712195
vt 0.792336 0.676127
vt 0.794935 0.709805
vt 0.796848 0.675116
vt 0.798548 0.708991
vt 0.797746 0.674061
vt 0.799093 0.708545
vt 0.379837 0.670973
vt 0.381546 0.671613
vt 0.382893 0.706097
vt 0.381091 0.705626
vt 0.374388 0.671014
vt 0.379837 0.670973
vt 0.381091 0.705626
vt 0.376930 0.706408
vt 0.364178 0.671828
vt 0.367583 0.707042
vt 0.348607 0.672397
vt 0.354631 0.707868
vt 0.789192 0.779019
vt 0.782482 0.780281
vt 0.774658 0.818120
vt 0.783356 0.816137
vt 0.770002 0.781326
vt 0.764177 0.821755
vt 0.754607 0.853411
vt 0.764083 0.852513
vt 0.774338 0.852966
vt 0.792388 0.776759
vt 0.792267 0.777667
vt 0.786067 0.812971
vt 0.782712 0.813500
vt 0.777562 0.835361
vt 0.781008 0.829712
vt 0.367390 0.774084
vt 0.373316 0.773915
vt 0.368758 0.809721
vt 0.363063 0.810758
vt 0.373316 0.773915
vt 0.376187 0.774311
vt 0.366511 0.811052
vt 0.368758 0.809721
vt 0.364807 0.827263
vt 0.366291 0.829963
vt 0.366291 0.829963
vt 0.358947 0.848282
vt 0.342891 0.775916
vt 0.357471 0.774252
vt 0.352432 0.812356
vt 0.337677 0.814005
vt 0.342371 0.850166
vt 0.329623 0.850095
vt 0.759941 0.876774
vt 0.768958 0.877818
vt 0.749922 0.875703
vt 0.746948 0.892745
vt 0.757057 0.895169
vt 0.765329 0.897138
vt 0.340487 0.870178
vt 0.327124 0.871461
vt 0.352645 0.867967
vt 0.344696 0.881442
vt 0.335018 0.883395
vt 0.323169 0.885021
vt 0.647747 0.747312
vt 0.668027 0.747336
vt 0.688486 0.747418
vt 0.711396 0.747400
vt 0.734583 0.747154
vt 0.786029 0.745165
vt 0.793735 0.744357
vt 0.777222 0.749076
vt 0.796667 0.743215
vt 0.796597 0.742472
vt 0.377798 0.739473
vt 0.371799 0.739359
vt 0.380397 0.740023
vt 0.377798 0.739473
vt 0.363021 0.740196
vt 0.350623 0.741170
vt 0.291812 0.744636
vt 0.271676 0.745173
vt 0.311794 0.743575
vt 0.231546 0.745578
vt 0.252079 0.745456
vt 0.330441 0.673472
vt 0.334778 0.707969
vt 0.331396 0.742016
vt 0.326547 0.777113
vt 0.319389 0.816841
vt 0.315045 0.850782
vt 0.310078 0.888478
vt 0.313183 0.873168
vt 0.309561 0.929644
vt 0.314372 0.931912
vt 0.304893 0.922898
vt 0.314475 0.913894
vt 0.320473 0.915679
vt 0.329006 0.918769
vt 0.316292 0.934800
vt 0.317217 0.937997
vt 0.328621 0.930377
vt 0.329079 0.933478
vt 0.733627 0.941463
vt 0.732765 0.940389
vt 0.317426 0.939015
vt 0.329956 0.935567
vt 0.746157 0.938015
vt 0.747803 0.934804
vt 0.729821 0.936275
vt 0.727523 0.927428
vt 0.741387 0.925579
vt 0.736793 0.920895
vt 0.738703 0.876209
vt 0.743370 0.853929
vt 0.734886 0.893709
vt 0.752369 0.822713
vt 0.757197 0.784698
vt 0.761156 0.750171
vt 0.760804 0.716564
vt 0.750002 0.679916
vt 0.789366 0.849734
vt 0.789733 0.844564
vt 0.784377 0.868255
vt 0.797405 0.874264
vt 0.800754 0.859756
vt 0.801725 0.851684
vt 0.778731 0.885004
vt 0.773004 0.896130
vt 0.789286 0.904021
vt 0.794156 0.885877
vt 0.760207 0.935730
vt 0.761518 0.930048
vt 0.344078 0.932002
vt 0.344007 0.933282
vt 0.361730 0.927332
vt 0.360227 0.928537
vt 0.776428 0.930985
vt 0.777211 0.929387
vt 0.366196 0.842096
vt 0.370197 0.853423
vt 0.373533 0.842116
vt 0.366196 0.842096
vt 0.385524 0.849236
vt 0.390406 0.845870
vt 0.390406 0.845870
vt 0.387770 0.853779
vt 0.345337 0.928716
vt 0.346897 0.917195
vt 0.371676 0.908661
vt 0.363566 0.922720
vt 0.384807 0.869260
vt 0.361220 0.877263
vt 0.370843 0.861267
vt 0.387763 0.862044
vt 0.811652 0.891191
vt 0.815721 0.878185
vt 0.807137 0.907381
vt 0.838359 0.909027
vt 0.844534 0.898704
vt 0.846323 0.880264
vt 0.802568 0.928393
vt 0.803878 0.927431
vt 0.386404 0.922776
vt 0.386368 0.925945
vt 0.408347 0.919526
vt 0.413469 0.923865
vt 0.829670 0.926313
vt 0.833793 0.926118
vt 0.388289 0.914425
vt 0.391685 0.903007
vt 0.410258 0.894296
vt 0.406774 0.908291
vt 0.424532 0.866604
vt 0.405920 0.865543
vt 0.410019 0.859487
vt 0.430566 0.858487
vt 0.414253 0.852298
vt 0.432164 0.853181
vt 0.415123 0.848627
vt 0.408856 0.852897
vt 0.415123 0.848627
vt 0.434366 0.854975
vt 0.434593 0.851262
vt 0.434593 0.851262
vt 0.821519 0.862860
vt 0.825057 0.855345
vt 0.849469 0.867113
vt 0.850567 0.857423
vt 0.647747 0.924734
vt 0.667460 0.924741
vt 0.685575 0.924014
vt 0.702161 0.920989
vt 0.716703 0.916940
vt 0.729805 0.911677
vt 0.741516 0.908560
vt 0.750423 0.911304
vt 0.756954 0.913578
vt 0.766282 0.911662
vt 0.783400 0.916661
vt 0.805284 0.919241
vt 0.836233 0.921516
vt 0.377630 0.888678
vt 0.399436 0.883087
vt 0.417303 0.879868
vt 0.336895 0.900765
vt 0.351991 0.895826
vt 0.328605 0.901929
vt 0.317611 0.901698
vt 0.293650 0.913971
vt 0.305681 0.907114
vt 0.282063 0.919313
vt 0.268624 0.923864
vt 0.231546 0.924548
vt 0.251335 0.924543
vt 0.212740 0.711946
vt 0.217105 0.677933
vt 0.193341 0.711237
vt 0.200359 0.676990
vt 0.177953 0.676743
vt 0.171847 0.710255
vt 0.150125 0.709004
vt 0.154004 0.675043
vt 0.211718 0.851954
vt 0.211709 0.817113
vt 0.211761 0.780180
vt 0.193301 0.817298
vt 0.192907 0.780451
vt 0.193596 0.851936
vt 0.174075 0.815807
vt 0.174623 0.780647
vt 0.159512 0.816925
vt 0.156918 0.780659
vt 0.176635 0.850317
vt 0.162499 0.850799
vt 0.211728 0.903343
vt 0.211713 0.879923
vt 0.193875 0.879668
vt 0.194156 0.902855
vt 0.177514 0.875551
vt 0.164016 0.874740
vt 0.179287 0.897866
vt 0.166325 0.893447
vt 0.211779 0.947346
vt 0.211773 0.941491
vt 0.194171 0.950677
vt 0.194541 0.940675
vt 0.179877 0.946942
vt 0.181490 0.936204
vt 0.166908 0.940117
vt 0.170137 0.930706
vt 0.178069 0.951780
vt 0.163517 0.943400
vt 0.193779 0.957461
vt 0.189624 0.958053
vt 0.177393 0.953730
vt 0.162202 0.945481
vt 0.177076 0.954866
vt 0.161567 0.947554
vt 0.189536 0.958503
vt 0.189513 0.958270
vt 0.176990 0.954203
vt 0.161465 0.947263
vt 0.593191 0.956651
vt 0.593223 0.954659
vt 0.577868 0.948451
vt 0.577666 0.949711
vt 0.605714 0.960718
vt 0.609845 0.959617
vt 0.628013 0.943334
vt 0.628000 0.954512
vt 0.628436 0.960122
vt 0.609788 0.953083
vt 0.610004 0.942498
vt 0.593772 0.949445
vt 0.579294 0.943997
vt 0.594113 0.938902
vt 0.580343 0.934182
vt 0.627964 0.853779
vt 0.628007 0.880147
vt 0.628028 0.902443
vt 0.609322 0.879759
vt 0.609656 0.901871
vt 0.606659 0.853456
vt 0.588856 0.878144
vt 0.591547 0.899416
vt 0.571183 0.877034
vt 0.575142 0.896581
vt 0.584598 0.853344
vt 0.567427 0.853336
vt 0.627714 0.782011
vt 0.627927 0.819266
vt 0.608546 0.819176
vt 0.607754 0.782104
vt 0.580896 0.820682
vt 0.558814 0.822405
vt 0.586397 0.781867
vt 0.561970 0.781091
vt 0.630780 0.681694
vt 0.628224 0.714142
vt 0.612624 0.682299
vt 0.607999 0.714490
vt 0.591056 0.682258
vt 0.584681 0.714651
vt 0.568065 0.680973
vt 0.561020 0.714128
vt 0.510919 0.678377
vt 0.507892 0.712195
vt 0.516710 0.716656
vt 0.523499 0.680729
vt 0.503157 0.676127
vt 0.500558 0.709805
vt 0.498645 0.675116
vt 0.496945 0.708991
vt 0.497747 0.674061
vt 0.496400 0.708545
vt 0.083255 0.670973
vt 0.082001 0.705626
vt 0.080199 0.706097
vt 0.081546 0.671613
vt 0.088704 0.671014
vt 0.086162 0.706408
vt 0.082001 0.705626
vt 0.083255 0.670973
vt 0.098914 0.671828
vt 0.095509 0.707042
vt 0.114485 0.672397
vt 0.108461 0.707868
vt 0.506301 0.779019
vt 0.512137 0.816137
vt 0.520835 0.818120
vt 0.513011 0.780281
vt 0.531316 0.821755
vt 0.525491 0.781326
vt 0.531411 0.852513
vt 0.540886 0.853411
vt 0.521156 0.852966
vt 0.503105 0.776759
vt 0.512782 0.813500
vt 0.509426 0.812971
vt 0.503226 0.777667
vt 0.517931 0.835360
vt 0.514485 0.829712
vt 0.095702 0.774084
vt 0.100029 0.810758
vt 0.094334 0.809721
vt 0.089776 0.773915
vt 0.089776 0.773915
vt 0.094334 0.809721
vt 0.096581 0.811052
vt 0.086905 0.774311
vt 0.096801 0.829963
vt 0.098285 0.827263
vt 0.104145 0.848282
vt 0.096801 0.829963
vt 0.120201 0.775916
vt 0.125415 0.814005
vt 0.110660 0.812356
vt 0.105621 0.774252
vt 0.120721 0.850166
vt 0.133469 0.850095
vt 0.526535 0.877818
vt 0.535552 0.876774
vt 0.545571 0.875703
vt 0.538436 0.895169
vt 0.548545 0.892745
vt 0.530164 0.897138
vt 0.135968 0.871461
vt 0.122605 0.870178
vt 0.110447 0.867967
vt 0.128074 0.883395
vt 0.118396 0.881442
vt 0.139923 0.885021
vt 0.627466 0.747336
vt 0.607007 0.747418
vt 0.584097 0.747400
vt 0.560910 0.747154
vt 0.501758 0.744357
vt 0.509465 0.745165
vt 0.518271 0.749076
vt 0.498896 0.742472
vt 0.498826 0.743215
vt 0.091293 0.739359
vt 0.085294 0.739473
vt 0.085294 0.739473
vt 0.082695 0.740023
vt 0.112469 0.741170
vt 0.100071 0.740196
vt 0.191416 0.745173
vt 0.171280 0.744636
vt 0.151298 0.743575
vt 0.211013 0.745456
vt 0.128314 0.707969
vt 0.132651 0.673472
vt 0.136545 0.777113
vt 0.131696 0.742016
vt 0.148047 0.850782
vt 0.143703 0.816841
vt 0.149909 0.873168
vt 0.153014 0.888478
vt 0.148720 0.931912
vt 0.153531 0.929644
vt 0.158199 0.922898
vt 0.142618 0.915679
vt 0.148617 0.913894
vt 0.134085 0.918769
vt 0.145875 0.937997
vt 0.146800 0.934800
vt 0.134471 0.930377
vt 0.134013 0.933478
vt 0.562728 0.940389
vt 0.561866 0.941463
vt 0.145666 0.939015
vt 0.133136 0.935567
vt 0.547690 0.934804
vt 0.549336 0.938015
vt 0.567970 0.927428
vt 0.565672 0.936275
vt 0.554106 0.925579
vt 0.558701 0.920895
vt 0.552123 0.853929
vt 0.556790 0.876209
vt 0.560607 0.893709
vt 0.538296 0.784698
vt 0.543124 0.822713
vt 0.534689 0.716564
vt 0.534337 0.750171
vt 0.545491 0.679916
vt 0.505834 0.844550
vt 0.506201 0.849720
vt 0.511190 0.868241
vt 0.494820 0.859771
vt 0.498168 0.874279
vt 0.493849 0.851698
vt 0.516836 0.884990
vt 0.522564 0.896116
vt 0.501417 0.885891
vt 0.506287 0.904036
vt 0.534050 0.930033
vt 0.535360 0.935716
vt 0.119159 0.933268
vt 0.119088 0.931988
vt 0.102945 0.928551
vt 0.101442 0.927346
vt 0.518362 0.929401
vt 0.519145 0.930999
vt 0.092969 0.853408
vt 0.096971 0.842081
vt 0.096971 0.842081
vt 0.089633 0.842102
vt 0.072766 0.845884
vt 0.077648 0.849250
vt 0.075402 0.853793
vt 0.072766 0.845884
vt 0.117829 0.928702
vt 0.116269 0.917181
vt 0.099607 0.922734
vt 0.091496 0.908675
vt 0.078365 0.869274
vt 0.075409 0.862058
vt 0.092323 0.861252
vt 0.101946 0.877249
vt 0.479850 0.878214
vt 0.483919 0.891220
vt 0.488435 0.907410
vt 0.451040 0.898739
vt 0.457215 0.909063
vt 0.449251 0.880299
vt 0.491694 0.927460
vt 0.493003 0.928422
vt 0.076803 0.925974
vt 0.076766 0.922805
vt 0.049704 0.923900
vt 0.054826 0.919561
vt 0.461782 0.926153
vt 0.465905 0.926348
vt 0.074881 0.914454
vt 0.071486 0.903036
vt 0.056399 0.908326
vt 0.052915 0.894331
vt 0.038641 0.866639
vt 0.032607 0.858522
vt 0.053152 0.859516
vt 0.057250 0.865572
vt 0.048917 0.852327
vt 0.031009 0.853216
vt 0.048047 0.848656
vt 0.048047 0.848656
vt 0.054314 0.852926
vt 0.028580 0.851297
vt 0.028807 0.855010
vt 0.028580 0.851297
vt 0.470515 0.855374
vt 0.474052 0.862889
vt 0.446105 0.867148
vt 0.445007 0.857458
vt 0.628034 0.924741
vt 0.609918 0.924014
vt 0.593332 0.920989
vt 0.578790 0.916940
vt 0.553977 0.908560
vt 0.565688 0.911677
vt 0.538539 0.913578
vt 0.545070 0.911304
vt 0.512174 0.916676
vt 0.529286 0.911648
vt 0.459341 0.921551
vt 0.490288 0.919271
vt 0.063734 0.883116
vt 0.085542 0.888692
vt 0.045870 0.879903
vt 0.111175 0.895812
vt 0.126197 0.900765
vt 0.145481 0.901698
vt 0.134487 0.901929
vt 0.157411 0.907114
vt 0.169442 0.913971
vt 0.194468 0.923864
vt 0.181029 0.919313
vt 0.211757 0.924543
vn 0.000000 -0.230941 0.972968
vn 0.000000 -0.345252 0.938510
vn 0.031822 -0.348305 0.936841
vn 0.032698 -0.236796 0.971009
vn 0.105563 -0.365999 0.924609
vn 0.112187 -0.257270 0.959805
vn 0.160152 -0.368587 0.915694
vn 0.232206 -0.329266 0.915240
vn 0.279573 -0.227800 0.932709
vn 0.185880 -0.259140 0.947784
vn -0.000000 0.174521 0.984654
vn -0.000000 0.125119 0.992142
vn 0.026992 0.122372 0.992117
vn 0.019020 0.172981 0.984742
vn -0.000000 0.068467 0.997653
vn 0.033344 0.068535 0.997091
vn 0.107701 0.070686 0.991667
vn 0.114526 0.121813 0.985924
vn 0.119930 0.172372 0.977704
vn 0.218099 0.074352 0.973090
vn 0.219750 0.122013 0.967896
vn 0.343792 0.086490 0.935054
vn 0.357144 0.132553 0.924596
vn 0.354078 0.175918 0.918522
vn 0.222125 0.171764 0.959769
vn 0.000000 0.354891 0.934908
vn -0.000000 0.248577 0.968612
vn 0.014264 0.247109 0.968883
vn 0.010869 0.353760 0.935273
vn 0.127581 0.247958 0.960333
vn 0.126432 0.345881 0.929721
vn 0.246837 0.251428 0.935872
vn 0.358331 0.278389 0.891122
vn 0.407546 0.345254 0.845403
vn 0.282371 0.324914 0.902606
vn -0.000070 0.696873 0.717194
vn 0.000080 0.539518 0.841974
vn 0.058148 0.606429 0.793009
vn 0.068498 0.723091 0.687348
vn 0.121770 0.629684 0.767248
vn 0.195319 0.792624 0.577580
vn 0.281489 0.592384 0.754881
vn 0.322670 0.778223 0.538751
vn 0.432074 0.517064 0.738889
vn 0.487617 0.694429 0.529149
vn 0.531283 0.791873 0.301123
vn 0.383977 0.872097 0.303328
vn 0.288756 0.900055 0.326377
vn 0.403287 0.903433 0.145491
vn 0.318206 0.939184 0.129144
vn 0.515997 0.834552 0.193056
vn 0.476384 0.876061 0.074668
vn 0.378020 0.925200 0.033267
vn 0.298963 0.954132 0.015902
vn 0.346682 0.935381 -0.069807
vn 0.282314 0.955893 -0.081045
vn 0.439841 0.897060 -0.042697
vn 0.418180 0.889102 -0.186074
vn 0.298366 0.932788 -0.202200
vn 0.180603 0.951351 -0.249628
vn -0.000000 0.674605 -0.738179
vn -0.000000 0.896079 -0.443894
vn 0.033136 0.900031 -0.434565
vn 0.026377 0.674458 -0.737842
vn 0.000000 0.947027 -0.321155
vn 0.040640 0.947946 -0.315826
vn 0.130597 0.897481 -0.421276
vn 0.111706 0.666353 -0.737222
vn 0.261438 0.869231 -0.419629
vn 0.405316 0.807996 -0.427623
vn 0.375446 0.580256 -0.722733
vn 0.237172 0.624996 -0.743727
vn -0.000000 0.288444 -0.957497
vn -0.000000 0.338497 -0.940968
vn 0.021451 0.342001 -0.939455
vn 0.016276 0.288834 -0.957241
vn -0.000000 0.320956 -0.947094
vn 0.026277 0.320624 -0.946842
vn 0.092903 0.323951 -0.941501
vn 0.076119 0.354626 -0.931905
vn 0.053526 0.296586 -0.953505
vn 0.182914 0.340138 -0.922414
vn 0.164638 0.372139 -0.913459
vn 0.292146 0.364618 -0.884141
vn 0.285872 0.382250 -0.878727
vn 0.275458 0.356259 -0.892862
vn 0.136310 0.321550 -0.937030
vn -0.000000 0.097705 -0.995216
vn -0.000000 0.210354 -0.977625
vn 0.020127 0.208529 -0.977809
vn 0.024204 0.097434 -0.994948
vn 0.050745 0.200242 -0.978431
vn 0.069267 0.093630 -0.993195
vn 0.123106 0.195707 -0.972905
vn 0.269601 0.211703 -0.939413
vn 0.233669 0.071917 -0.969653
vn 0.125579 0.079561 -0.988888
vn -0.000000 -0.256588 -0.966521
vn -0.000000 -0.190131 -0.981759
vn 0.011525 -0.190550 -0.981610
vn 0.002852 -0.255612 -0.966775
vn 0.066438 -0.183946 -0.980689
vn 0.054825 -0.250174 -0.966647
vn 0.123271 -0.172238 -0.977312
vn 0.103271 -0.235274 -0.966427
vn 0.198052 -0.160696 -0.966929
vn 0.177731 -0.221333 -0.958866
vn 0.881051 -0.103693 -0.461516
vn 0.630504 -0.203010 -0.749167
vn 0.711145 -0.102857 -0.695481
vn 0.907269 -0.039180 -0.418723
vn 0.956903 -0.049642 -0.286133
vn 0.965583 -0.003711 -0.260070
vn 0.991570 -0.040041 -0.123231
vn 0.995090 0.007655 -0.098675
vn 0.998774 -0.044035 0.022615
vn 0.999070 0.014080 0.040753
vn 0.982004 -0.067798 0.176270
vn 0.981873 0.009352 0.189312
vn 0.908039 -0.125504 0.399642
vn 0.917552 -0.017466 0.397233
vn 0.747907 -0.196909 0.633926
vn 0.779879 -0.074700 0.621457
vn 0.553494 -0.249638 0.794560
vn 0.596373 -0.131137 0.791924
vn 0.962378 0.153047 -0.224513
vn 0.901384 0.165634 -0.400091
vn 0.873830 0.234720 -0.425826
vn 0.947914 0.228190 -0.222237
vn 0.776204 0.168452 -0.607561
vn 0.766325 0.252464 -0.590768
vn 0.714855 0.340505 -0.610769
vn 0.836275 0.278495 -0.472319
vn 0.867036 0.076789 -0.492293
vn 0.984791 0.162137 0.062441
vn 0.986278 0.158773 -0.045250
vn 0.975552 0.219710 -0.005017
vn 0.979834 0.198664 0.021381
vn 0.989168 0.001096 -0.146783
vn 0.999005 -0.037473 -0.024193
vn 0.906201 0.103316 0.410031
vn 0.972594 0.134229 0.189851
vn 0.977959 0.130672 0.162854
vn 0.866877 0.115101 0.485053
vn 0.975454 0.012033 0.219875
vn 0.737680 0.104019 0.667090
vn 0.628608 0.104635 0.770651
vn 0.783777 0.104240 0.612231
vn 0.725160 0.147311 0.672639
vn 0.607861 0.166478 0.776396
vn 0.669551 0.201157 0.715008
vn 0.606749 0.201641 0.768893
vn 0.781798 0.265399 -0.564230
vn 0.622281 0.171837 -0.763701
vn 0.656466 0.338371 -0.674209
vn 0.609755 0.371894 -0.699924
vn 0.714676 0.361311 -0.598909
vn 0.501302 0.344350 -0.793800
vn 0.643036 0.280427 0.712647
vn 0.613998 0.280663 0.737722
vn 0.487377 0.193198 0.851551
vn 0.387399 0.221972 0.894791
vn 0.625212 0.367970 0.688264
vn 0.580126 0.387656 0.716363
vn 0.000000 -0.050871 -0.998705
vn 0.021142 -0.049518 -0.998550
vn 0.078065 -0.045849 -0.995893
vn 0.140581 -0.041775 -0.989187
vn 0.216883 -0.032236 -0.975665
vn 0.923844 0.081735 -0.373941
vn 0.969233 0.081270 -0.232341
vn 0.770933 0.076061 -0.632359
vn 0.993086 0.090460 -0.074817
vn 0.993203 0.098437 0.062108
vn 0.972064 0.107284 0.208765
vn 0.914586 0.108335 0.389611
vn 0.804073 0.088447 0.587914
vn 0.636810 0.039825 0.769992
vn 0.218031 -0.047062 0.974806
vn 0.109258 -0.049088 0.992801
vn 0.332577 -0.035720 0.942399
vn 0.000000 -0.044172 0.999024
vn 0.033992 -0.044906 0.998413
vn 0.391413 -0.282365 0.875823
vn 0.429430 -0.178970 0.885189
vn 0.473399 -0.009652 0.880795
vn 0.478050 0.096704 0.872993
vn 0.484719 0.150893 0.861556
vn 0.499694 0.179658 0.847366
vn 0.526662 0.380628 0.760098
vn 0.508653 0.288463 0.811210
vn 0.586417 0.587005 0.558158
vn 0.562322 0.705452 0.431428
vn 0.553411 0.439532 0.707494
vn 0.590994 0.394522 0.703618
vn 0.587994 0.474212 0.655275
vn 0.296047 0.554838 0.777503
vn 0.496635 0.816331 0.294886
vn 0.440741 0.887962 0.131418
vn 0.201083 0.873950 0.442467
vn 0.186541 0.968615 0.164280
vn 0.411754 0.910961 -0.024686
vn 0.456818 0.853229 -0.251632
vn 0.262727 0.963600 -0.049500
vn 0.438050 0.785741 -0.436718
vn 0.509582 0.725585 -0.462443
vn 0.498268 0.530488 -0.685792
vn 0.616892 0.573596 -0.538917
vn 0.593892 0.497361 -0.632396
vn 0.445631 0.379109 -0.810980
vn 0.476002 0.372106 -0.796843
vn 0.433250 0.383932 -0.815408
vn 0.507494 0.240005 -0.827555
vn 0.475196 0.117205 -0.872039
vn 0.410096 0.012977 -0.911950
vn 0.365160 -0.149007 -0.918942
vn 0.322163 -0.226048 -0.919301
vn 0.645514 -0.581459 -0.495194
vn 0.644132 -0.750832 -0.146097
vn 0.408070 -0.256120 -0.876289
vn 0.240588 -0.329017 -0.913162
vn 0.237491 -0.659572 -0.713136
vn 0.204866 -0.929990 -0.305202
vn 0.171749 0.055121 -0.983598
vn 0.068021 0.255730 -0.964352
vn 0.122398 0.338467 -0.932984
vn 0.203058 0.005733 -0.979150
vn 0.213817 0.974492 -0.068181
vn 0.244058 0.753019 -0.611063
vn 0.156034 0.975546 0.154801
vn 0.177201 0.960841 0.213036
vn 0.162556 0.986607 -0.013498
vn 0.164748 0.858493 -0.485641
vn 0.743569 -0.573258 0.344210
vn 0.536586 -0.447632 0.715333
vn 0.191732 -0.969787 0.150836
vn 0.220285 -0.766755 0.602960
vn 0.076105 0.808143 0.584049
vn 0.040117 0.366563 0.929528
vn 0.014779 0.208146 0.977986
vn 0.138525 0.747604 0.649538
vn 0.068826 -0.157472 0.985122
vn 0.111824 -0.008646 0.993690
vn 0.284688 -0.133301 0.949307
vn 0.160077 -0.497764 0.852412
vn 0.101442 0.019269 -0.994655
vn 0.112082 -0.279933 -0.953454
vn 0.076126 0.390736 -0.917350
vn 0.047300 0.384954 -0.921723
vn 0.092828 0.016642 -0.995543
vn 0.145440 -0.262241 -0.953979
vn 0.086590 0.994506 0.058829
vn 0.088671 0.933551 -0.347304
vn 0.110804 0.934122 0.339322
vn 0.089339 0.903177 0.419868
vn 0.063752 0.993835 0.090708
vn 0.071141 0.954019 -0.291183
vn 0.070537 0.609178 0.789891
vn 0.025287 0.099841 0.994682
vn 0.056097 0.088530 0.994493
vn 0.102067 0.465346 0.879224
vn -0.081939 -0.516062 0.852623
vn -0.015407 -0.359117 0.933165
vn 0.043298 -0.730691 0.681334
vn -0.026888 -0.790103 0.612384
vn 0.088395 -0.880243 0.466217
vn 0.033073 -0.920827 0.388567
vn 0.106027 -0.993465 -0.042269
vn 0.099545 -0.887679 -0.449575
vn 0.152910 -0.863574 -0.480477
vn 0.108809 -0.990556 -0.083429
vn 0.114321 -0.594905 -0.795625
vn 0.172624 -0.556726 -0.812562
vn -0.000000 0.375178 -0.926953
vn 0.025275 0.374441 -0.926906
vn 0.098912 0.370919 -0.923383
vn 0.205281 0.363799 -0.908576
vn 0.323650 0.372018 -0.869973
vn 0.443158 0.392296 -0.806049
vn 0.585016 0.428087 -0.688838
vn 0.674097 0.467817 -0.571613
vn 0.507353 0.477273 -0.717498
vn 0.113613 0.443662 -0.888963
vn 0.120796 0.547159 -0.828266
vn 0.076783 0.623394 -0.778129
vn 0.059653 0.648847 -0.758577
vn 0.031507 -0.019178 0.999319
vn 0.012733 -0.085962 0.996217
vn -0.069721 -0.171423 0.982727
vn 0.320695 0.263547 0.909779
vn 0.043163 0.083125 0.995604
vn 0.593748 0.373813 0.712550
vn 0.574107 0.372240 0.729272
vn 0.429304 0.387447 0.815833
vn 0.546432 0.367889 0.752376
vn 0.283576 0.426837 0.858717
vn 0.113621 0.468639 0.876053
vn -0.000033 0.440275 0.897863
vn 0.028776 0.458242 0.888362
vn -0.032698 -0.236796 0.971009
vn -0.031822 -0.348305 0.936841
vn -0.112187 -0.257270 0.959805
vn -0.105563 -0.365999 0.924609
vn -0.160152 -0.368587 0.915694
vn -0.185880 -0.259140 0.947784
vn -0.279573 -0.227800 0.932709
vn -0.232206 -0.329266 0.915240
vn -0.019020 0.172981 0.984742
vn -0.026992 0.122372 0.992117
vn -0.033344 0.068535 0.997091
vn -0.114526 0.121813 0.985924
vn -0.107701 0.070686 0.991667
vn -0.119930 0.172372 0.977704
vn -0.219750 0.122013 0.967896
vn -0.218099 0.074352 0.973090
vn -0.357144 0.132553 0.924596
vn -0.343792 0.086490 0.935054
vn -0.222125 0.171764 0.959769
vn -0.354078 0.175918 0.918521
vn -0.010869 0.353760 0.935273
vn -0.014264 0.247109 0.968883
vn -0.127581 0.247958 0.960333
vn -0.126432 0.345881 0.929721
vn -0.246837 0.251428 0.935872
vn -0.358331 0.278389 0.891122
vn -0.282371 0.324914 0.902606
vn -0.407546 0.345254 0.845403
vn -0.068488 0.723049 0.687394
vn -0.058129 0.606373 0.793053
vn -0.195319 0.792624 0.577579
vn -0.121770 0.629684 0.767248
vn -0.322670 0.778223 0.538751
vn -0.281489 0.592384 0.754881
vn -0.487616 0.694429 0.529149
vn -0.432075 0.517064 0.738889
vn -0.383977 0.872097 0.303329
vn -0.531283 0.791873 0.301123
vn -0.288756 0.900055 0.326377
vn -0.318206 0.939184 0.129144
vn -0.403287 0.903433 0.145492
vn -0.515997 0.834552 0.193056
vn -0.378020 0.925200 0.033268
vn -0.476384 0.876061 0.074668
vn -0.298963 0.954132 0.015902
vn -0.282314 0.955893 -0.081046
vn -0.346682 0.935381 -0.069807
vn -0.439841 0.897060 -0.042697
vn -0.298366 0.932788 -0.202200
vn -0.418180 0.889102 -0.186073
vn -0.180603 0.951351 -0.249628
vn -0.026377 0.674458 -0.737842
vn -0.033136 0.900030 -0.434566
vn -0.040640 0.947947 -0.315826
vn -0.130597 0.897480 -0.421276
vn -0.111706 0.666352 -0.737222
vn -0.261438 0.869230 -0.419630
vn -0.405316 0.807996 -0.427623
vn -0.237172 0.624996 -0.743727
vn -0.375445 0.580256 -0.722733
vn -0.016276 0.288834 -0.957241
vn -0.021451 0.342001 -0.939455
vn -0.026277 0.320624 -0.946842
vn -0.076119 0.354626 -0.931905
vn -0.092903 0.323951 -0.941501
vn -0.053526 0.296586 -0.953505
vn -0.164638 0.372139 -0.913459
vn -0.182914 0.340138 -0.922415
vn -0.285872 0.382251 -0.878727
vn -0.292146 0.364618 -0.884140
vn -0.136310 0.321550 -0.937030
vn -0.275457 0.356259 -0.892862
vn -0.024204 0.097434 -0.994948
vn -0.020127 0.208529 -0.977809
vn -0.050745 0.200242 -0.978431
vn -0.069267 0.093630 -0.993195
vn -0.123106 0.195707 -0.972905
vn -0.269601 0.211703 -0.939413
vn -0.125579 0.079561 -0.988888
vn -0.233669 0.071917 -0.969653
vn -0.002852 -0.255612 -0.966775
vn -0.011525 -0.190550 -0.981610
vn -0.054825 -0.250174 -0.966647
vn -0.066438 -0.183946 -0.980689
vn -0.103271 -0.235274 -0.966427
vn -0.123271 -0.172238 -0.977312
vn -0.177731 -0.221333 -0.958866
vn -0.198052 -0.160696 -0.966929
vn -0.881051 -0.103693 -0.461516
vn -0.907269 -0.039180 -0.418723
vn -0.711144 -0.102857 -0.695481
vn -0.630504 -0.203010 -0.749167
vn -0.956903 -0.049642 -0.286133
vn -0.965583 -0.003711 -0.260070
vn -0.991570 -0.040041 -0.123232
vn -0.995090 0.007655 -0.098675
vn -0.998774 -0.044035 0.022615
vn -0.999070 0.014080 0.040753
vn -0.982004 -0.067798 0.176270
vn -0.981872 0.009352 0.189312
vn -0.908039 -0.125504 0.399642
vn -0.917552 -0.017466 0.397233
vn -0.747907 -0.196909 0.633926
vn -0.779879 -0.074701 0.621457
vn -0.553494 -0.249638 0.794560
vn -0.596373 -0.131137 0.791923
vn -0.962378 0.153047 -0.224513
vn -0.947914 0.228190 -0.222237
vn -0.873830 0.234720 -0.425827
vn -0.901384 0.165634 -0.400091
vn -0.766325 0.252465 -0.590769
vn -0.776204 0.168452 -0.607562
vn -0.836275 0.278495 -0.472319
vn -0.714855 0.340505 -0.610769
vn -0.867299 0.077224 -0.491760
vn -0.984791 0.162137 0.062441
vn -0.979834 0.198664 0.021382
vn -0.975552 0.219710 -0.005017
vn -0.986278 0.158773 -0.045250
vn -0.989304 0.002315 -0.145851
vn -0.999101 -0.035070 -0.023829
vn -0.906201 0.103316 0.410031
vn -0.866877 0.115101 0.485053
vn -0.977959 0.130672 0.162853
vn -0.972594 0.134230 0.189851
vn -0.975566 0.013589 0.219287
vn -0.738535 0.104798 0.666021
vn -0.628608 0.104635 0.770652
vn -0.607860 0.166478 0.776396
vn -0.725160 0.147311 0.672639
vn -0.783777 0.104239 0.612231
vn -0.669551 0.201157 0.715008
vn -0.606749 0.201641 0.768893
vn -0.622122 0.171726 -0.763855
vn -0.781798 0.265399 -0.564230
vn -0.656466 0.338371 -0.674209
vn -0.714676 0.361311 -0.598910
vn -0.609755 0.371894 -0.699924
vn -0.500962 0.344057 -0.794142
vn -0.613998 0.280663 0.737722
vn -0.643036 0.280427 0.712647
vn -0.489817 0.194425 0.849869
vn -0.625212 0.367970 0.688265
vn -0.390640 0.223600 0.892974
vn -0.580126 0.387656 0.716363
vn -0.021142 -0.049518 -0.998550
vn -0.078065 -0.045849 -0.995893
vn -0.140582 -0.041775 -0.989187
vn -0.216883 -0.032236 -0.975665
vn -0.969233 0.081269 -0.232341
vn -0.923844 0.081735 -0.373940
vn -0.770933 0.076061 -0.632359
vn -0.993203 0.098437 0.062108
vn -0.993086 0.090460 -0.074817
vn -0.914586 0.108335 0.389611
vn -0.972063 0.107284 0.208765
vn -0.636810 0.039825 0.769992
vn -0.804074 0.088447 0.587914
vn -0.109258 -0.049088 0.992801
vn -0.218031 -0.047062 0.974807
vn -0.332577 -0.035720 0.942399
vn -0.033992 -0.044906 0.998413
vn -0.429430 -0.178969 0.885189
vn -0.391413 -0.282365 0.875823
vn -0.478050 0.096704 0.872993
vn -0.473399 -0.009652 0.880795
vn -0.499694 0.179658 0.847366
vn -0.484718 0.150893 0.861556
vn -0.508653 0.288463 0.811210
vn -0.526663 0.380628 0.760098
vn -0.562323 0.705453 0.431427
vn -0.586417 0.587005 0.558158
vn -0.553411 0.439532 0.707494
vn -0.587994 0.474212 0.655275
vn -0.590994 0.394522 0.703618
vn -0.298666 0.554939 0.776428
vn -0.440741 0.887962 0.131418
vn -0.496635 0.816331 0.294885
vn -0.202936 0.873597 0.442319
vn -0.187862 0.968353 0.164318
vn -0.456818 0.853229 -0.251631
vn -0.411754 0.910961 -0.024687
vn -0.263534 0.963399 -0.049127
vn -0.438324 0.785963 -0.436044
vn -0.498268 0.530488 -0.685792
vn -0.509582 0.725585 -0.462442
vn -0.616892 0.573596 -0.538917
vn -0.593892 0.497361 -0.632396
vn -0.476002 0.372106 -0.796843
vn -0.445631 0.379110 -0.810980
vn -0.433250 0.383932 -0.815408
vn -0.475196 0.117205 -0.872039
vn -0.507494 0.240005 -0.827555
vn -0.365160 -0.149007 -0.918942
vn -0.410096 0.012977 -0.911950
vn -0.322163 -0.226048 -0.919301
vn -0.645148 -0.749973 -0.146031
vn -0.645498 -0.581426 -0.495254
vn -0.405468 -0.257097 -0.877209
vn -0.237424 -0.659374 -0.713342
vn -0.239802 -0.329052 -0.913356
vn -0.205787 -0.929704 -0.305454
vn -0.167947 0.053805 -0.984327
vn -0.063675 0.254232 -0.965045
vn -0.201895 0.005338 -0.979393
vn -0.121117 0.337990 -0.933324
vn -0.241846 0.753122 -0.611815
vn -0.213843 0.974483 -0.068217
vn -0.156618 0.975446 0.154839
vn -0.161463 0.986785 -0.013626
vn -0.176414 0.960988 0.213025
vn -0.162975 0.858451 -0.486313
vn -0.541040 -0.446246 0.712839
vn -0.746223 -0.570446 0.343138
vn -0.192852 -0.969611 0.150543
vn -0.221786 -0.766568 0.602647
vn -0.078020 0.807963 0.584046
vn -0.043285 0.367183 0.929141
vn -0.138710 0.747827 0.649241
vn -0.015661 0.208406 0.977917
vn -0.069992 -0.156859 0.985138
vn -0.161576 -0.497393 0.852346
vn -0.289089 -0.132091 0.948145
vn -0.115727 -0.006804 0.993258
vn -0.116945 -0.278630 -0.953252
vn -0.106156 0.020634 -0.994135
vn -0.080030 0.391421 -0.916725
vn -0.099879 0.018712 -0.994824
vn -0.053844 0.386838 -0.920575
vn -0.152653 -0.260358 -0.953368
vn -0.089526 0.933313 -0.347724
vn -0.085766 0.994600 0.058436
vn -0.108212 0.934620 0.338785
vn -0.062668 0.993853 0.091265
vn -0.084656 0.903250 0.420682
vn -0.073128 0.954429 -0.289340
vn -0.065492 0.609368 0.790178
vn -0.019085 0.097881 0.995015
vn -0.090268 0.463144 0.881674
vn -0.041186 0.082699 0.995723
vn 0.092498 -0.519118 0.849683
vn 0.034148 -0.791094 0.610741
vn -0.039490 -0.732056 0.680099
vn 0.021618 -0.362297 0.931812
vn -0.086415 -0.880875 0.465394
vn -0.028177 -0.920791 0.389036
vn -0.107055 -0.993317 -0.043127
vn -0.102332 -0.886991 -0.450305
vn -0.109537 -0.990645 -0.081394
vn -0.157493 -0.862919 -0.480173
vn -0.118661 -0.593487 -0.796048
vn -0.179382 -0.555281 -0.812087
vn -0.025275 0.374441 -0.926906
vn -0.098912 0.370918 -0.923383
vn -0.205281 0.363798 -0.908576
vn -0.323650 0.372018 -0.869973
vn -0.585016 0.428086 -0.688839
vn -0.443158 0.392296 -0.806049
vn -0.507202 0.477326 -0.717570
vn -0.674097 0.467817 -0.571613
vn -0.119225 0.546794 -0.828735
vn -0.109300 0.442660 -0.890003
vn -0.065294 0.649740 -0.757347
vn -0.079886 0.623459 -0.777764
vn -0.005986 -0.088921 0.996021
vn -0.032583 -0.018746 0.999293
vn 0.083183 -0.177070 0.980677
vn -0.046681 0.084334 0.995344
vn -0.324042 0.264629 0.908278
vn -0.574107 0.372240 0.729273
vn -0.593747 0.373813 0.712550
vn -0.546432 0.367889 0.752376
vn -0.429304 0.387447 0.815833
vn -0.113621 0.468639 0.876053
vn -0.283576 0.426837 0.858717
vn -0.028769 0.458266 0.888349
s 1
g DAMIT KALBO
usemtl aiStandardSurface3SG
f 1/1/1 2/2/2 3/3/3 4/4/4
f 4/4/4 3/3/3 5/5/5 6/6/6
f 7/7/7 8/8/8 9/9/9 10/10/10
f 5/5/5 7/7/7 10/10/10 6/6/6
f 11/11/11 12/12/12 13/13/13 14/14/14
f 12/12/12 15/15/15 16/16/16 13/13/13
f 13/13/13 16/16/16 17/17/17 18/18/18
f 14/14/14 13/13/13 18/18/18 19/19/19
f 17/17/17 20/20/20 21/21/21 18/18/18
f 20/20/20 22/22/22 23/23/23 21/21/21
f 21/21/21 23/23/23 24/24/24 25/25/25
f 18/18/18 21/21/21 25/25/25 19/19/19
f 26/26/26 27/27/27 28/28/28 29/29/29
f 27/27/27 11/11/11 14/14/14 28/28/28
f 28/28/28 14/14/14 19/19/19 30/30/30
f 29/29/29 28/28/28 30/30/30 31/31/31
f 19/19/19 25/25/25 32/32/32 30/30/30
f 25/25/25 24/24/24 33/33/33 32/32/32
f 32/32/32 33/33/33 34/34/34 35/35/35
f 30/30/30 32/32/32 35/35/35 31/31/31
f 36/36/36 37/37/37 38/38/38 39/39/39
f 39/39/39 38/38/38 40/40/40 41/41/41
f 40/40/40 42/42/42 43/43/43 41/41/41
f 42/42/42 44/44/44 45/45/45 43/43/43
f 43/43/43 45/45/45 46/46/46 47/47/47
f 41/41/41 43/43/43 47/47/47 48/48/48
f 48/48/48 47/47/47 49/49/49 50/50/50
f 47/47/47 46/46/46 51/51/51 49/49/49
f 49/49/49 51/51/51 52/52/52 53/53/53
f 50/50/50 49/49/49 53/53/53 54/54/54
f 54/54/54 53/53/53 55/55/55 56/56/56
f 53/53/53 52/52/52 57/57/57 55/55/55
f 55/58/55 57/59/57 58/60/58 59/61/59
f 56/62/56 55/58/55 59/61/59 60/63/60
f 61/64/61 62/65/62 63/66/63 64/67/64
f 62/65/62 65/68/65 66/69/66 63/66/63
f 63/66/63 66/69/66 60/63/60 67/70/67
f 64/67/64 63/66/63 67/70/67 68/71/68
f 60/63/60 59/61/59 69/72/69 67/70/67
f 59/61/59 58/60/58 70/73/70 69/72/69
f 69/72/69 70/73/70 71/74/71 72/75/72
f 67/70/67 69/72/69 72/75/72 68/71/68
f 73/76/73 74/77/74 75/78/75 76/79/76
f 74/77/74 77/80/77 78/81/78 75/78/75
f 75/78/75 78/81/78 79/82/79 80/83/80
f 76/79/76 75/78/75 80/83/80 81/84/81
f 79/82/79 82/85/82 83/86/83 80/83/80
f 82/85/82 84/87/84 85/88/85 83/86/83
f 83/86/83 85/88/85 86/89/86 87/90/87
f 80/83/80 83/86/83 87/90/87 81/84/81
f 88/91/88 89/92/89 90/93/90 91/94/91
f 89/92/89 73/76/73 76/79/76 90/93/90
f 90/93/90 76/79/76 81/84/81 92/95/92
f 91/94/91 90/93/90 92/95/92 93/96/93
f 81/84/81 87/90/87 94/97/94 92/95/92
f 87/90/87 86/89/86 95/98/95 94/97/94
f 94/97/94 95/98/95 96/99/96 97/100/97
f 92/95/92 94/97/94 97/100/97 93/96/93
f 98/101/98 99/102/99 100/103/100 101/104/101
f 101/104/101 100/103/100 102/105/102 103/106/103
f 102/105/102 104/107/104 105/108/105 103/106/103
f 104/107/104 106/109/106 107/110/107 105/108/105
f 108/111/108 109/112/109 110/113/110 111/114/111
f 112/115/112 108/111/108 111/114/111 113/116/113
f 114/117/114 112/115/112 113/116/113 115/118/115
f 116/119/116 114/117/114 115/118/115 117/120/117
f 118/121/118 116/122/116 117/123/117 119/124/119
f 120/125/120 118/126/118 119/127/119 121/128/121
f 122/129/122 120/125/120 121/128/121 123/130/123
f 124/131/124 122/129/122 123/130/123 125/132/125
f 126/133/126 127/134/127 128/135/128 129/136/129
f 127/134/127 130/137/130 131/138/131 128/135/128
f 128/135/128 131/138/131 132/139/132 133/140/133
f 129/136/129 128/135/128 133/140/133 134/141/134
f 135/142/135 136/143/136 137/144/137 138/145/138
f 136/143/136 126/133/126 129/136/129 137/144/137
f 137/144/137 129/136/129 134/141/134 139/146/139
f 138/145/138 137/144/137 139/146/139 140/147/140
f 141/148/141 142/149/142 143/150/143 144/151/144
f 142/152/142 135/153/135 138/154/138 143/155/143
f 143/155/143 138/154/138 140/156/140 145/157/145
f 144/151/144 143/150/143 145/158/145 146/159/146
f 147/160/147 148/161/148 149/162/149 150/163/150
f 148/161/148 141/148/141 144/151/144 149/162/149
f 149/162/149 144/151/144 146/159/146 151/164/151
f 150/163/150 149/162/149 151/164/151 152/165/152
f 134/141/134 133/140/133 153/166/153 154/167/154
f 133/140/133 132/139/132 155/168/155 153/166/153
f 153/166/153 155/168/155 156/169/156 157/170/157
f 154/167/154 153/166/153 157/170/157 158/171/158
f 152/165/152 151/164/151 159/172/159 160/173/160
f 151/164/151 146/159/146 161/174/161 159/172/159
f 159/172/159 161/174/161 162/175/162 163/176/163
f 160/173/160 159/172/159 163/176/163 164/177/164
f 99/102/99 165/178/165 166/179/166 100/103/100
f 165/178/165 88/91/88 91/94/91 166/179/166
f 166/179/166 91/94/91 93/96/93 167/180/167
f 100/103/100 166/179/166 167/180/167 102/105/102
f 93/96/93 97/100/97 168/181/168 167/180/167
f 97/100/97 96/99/96 169/182/169 168/181/168
f 168/181/168 169/182/169 106/109/106 104/107/104
f 167/180/167 168/181/168 104/107/104 102/105/102
f 113/116/113 111/114/111 170/183/170 171/184/171
f 111/114/111 110/113/110 172/185/172 170/183/170
f 170/183/170 172/185/172 130/137/130 127/134/127
f 171/184/171 170/183/170 127/134/127 126/133/126
f 117/120/117 115/118/115 173/186/173 174/187/174
f 115/118/115 113/116/113 171/184/171 173/186/173
f 173/186/173 171/184/171 126/133/126 136/143/136
f 174/187/174 173/186/173 136/143/136 135/142/135
f 121/128/121 119/127/119 175/188/175 176/189/176
f 119/124/119 117/123/117 174/190/174 175/191/175
f 175/191/175 174/190/174 135/153/135 142/152/142
f 176/189/176 175/188/175 142/149/142 141/148/141
f 125/132/125 123/130/123 177/192/177 178/193/178
f 123/130/123 121/128/121 176/189/176 177/192/177
f 177/192/177 176/189/176 141/148/141 148/161/148
f 178/193/178 177/192/177 148/161/148 147/160/147
f 6/6/6 10/10/10 179/194/179 180/195/180
f 10/10/10 9/9/9 181/196/181 179/194/179
f 179/194/179 181/196/181 22/22/22 20/20/20
f 180/195/180 179/194/179 20/20/20 17/17/17
f 15/15/15 182/197/182 183/198/183 16/16/16
f 182/197/182 1/1/1 4/4/4 183/198/183
f 183/198/183 4/4/4 6/6/6 180/195/180
f 16/16/16 183/198/183 180/195/180 17/17/17
f 9/9/9 8/8/8 184/199/184 185/200/185
f 185/200/185 184/199/184 124/131/124 125/132/125
f 22/22/22 181/196/181 186/201/186 187/202/187
f 181/196/181 9/9/9 185/200/185 186/201/186
f 186/201/186 185/200/185 125/132/125 178/193/178
f 187/202/187 186/201/186 178/193/178 147/160/147
f 24/24/24 23/23/23 188/203/188 189/204/189
f 23/23/23 22/22/22 187/202/187 188/203/188
f 188/203/188 187/202/187 147/160/147 150/163/150
f 189/204/189 188/203/188 150/163/150 152/165/152
f 164/177/164 190/205/190 191/206/191 160/173/160
f 190/205/190 34/34/34 33/33/33 191/206/191
f 191/206/191 33/33/33 24/24/24 189/204/189
f 160/173/160 191/206/191 189/204/189 152/165/152
f 46/46/46 45/45/45 192/207/192 193/208/193
f 45/45/45 44/44/44 194/209/194 192/207/192
f 192/207/192 194/209/194 195/210/195 196/211/196
f 193/208/193 192/207/192 196/211/196 197/212/197
f 52/52/52 51/51/51 198/213/198 199/214/199
f 51/51/51 46/46/46 193/208/193 198/213/198
f 198/213/198 193/208/193 197/212/197 200/215/200
f 199/214/199 198/213/198 200/215/200 201/216/201
f 58/60/58 57/59/57 202/217/202 203/218/203
f 57/57/57 52/52/52 199/214/199 202/219/202
f 202/219/202 199/214/199 201/216/201 204/220/204
f 203/218/203 202/217/202 204/221/204 205/222/205
f 71/74/71 70/73/70 206/223/206 207/224/207
f 70/73/70 58/60/58 203/218/203 206/223/206
f 206/223/206 203/218/203 205/222/205 208/225/208
f 207/224/207 206/223/206 208/225/208 209/226/209
f 86/89/86 85/88/85 210/227/210 211/228/211
f 85/88/85 84/87/84 212/229/212 210/227/210
f 210/227/210 212/229/212 156/169/156 155/168/155
f 211/228/211 210/227/210 155/168/155 132/139/132
f 96/99/96 95/98/95 213/230/213 214/231/214
f 95/98/95 86/89/86 211/228/211 213/230/213
f 213/230/213 211/228/211 132/139/132 131/138/131
f 214/231/214 213/230/213 131/138/131 130/137/130
f 106/109/106 169/182/169 215/232/215 216/233/216
f 169/182/169 96/99/96 214/231/214 215/232/215
f 215/232/215 214/231/214 130/137/130 172/185/172
f 216/233/216 215/232/215 172/185/172 110/113/110
f 107/110/107 106/109/106 216/233/216 217/234/217
f 217/234/217 216/233/216 110/113/110 109/112/109
f 140/147/140 139/146/139 218/235/218 219/236/219
f 139/146/139 134/141/134 220/237/220 218/235/218
f 218/235/218 220/237/220 221/238/221 222/239/222
f 219/236/219 218/235/218 222/239/222 223/240/223
f 134/141/134 154/167/154 224/241/224 220/237/220
f 154/167/154 158/171/158 225/242/225 224/241/224
f 224/241/224 225/242/225 226/243/226 227/244/227
f 220/237/220 224/241/224 227/244/227 221/238/221
f 205/222/205 204/221/204 228/245/228 229/246/229
f 204/220/204 201/216/201 230/247/230 228/248/228
f 228/248/228 230/247/230 231/249/231 232/250/232
f 229/246/229 228/245/228 232/251/232 233/252/233
f 146/159/146 145/158/145 234/253/234 235/254/235
f 145/157/145 140/156/140 219/255/219 234/256/234
f 234/256/234 219/255/219 223/257/223 236/258/236
f 235/254/235 234/253/234 236/259/236 237/260/237
f 201/216/201 200/215/200 238/261/238 230/247/230
f 200/215/200 197/212/197 239/262/239 238/261/238
f 238/261/238 239/262/239 240/263/240 241/264/241
f 230/247/230 238/261/238 241/264/241 231/249/231
f 242/265/242 243/266/243 244/267/244 245/268/245
f 243/266/243 162/175/162 161/174/161 244/267/244
f 244/267/244 161/174/161 146/159/146 235/254/235
f 245/268/245 244/267/244 235/254/235 237/260/237
f 221/238/221 227/244/227 246/269/246 247/270/247
f 227/244/227 226/243/226 248/271/248 246/269/246
f 246/269/246 248/271/248 249/272/249 250/273/250
f 247/270/247 246/269/246 250/273/250 251/274/251
f 233/252/233 232/251/232 252/275/252 253/276/253
f 232/250/232 231/249/231 254/277/254 252/278/252
f 252/278/252 254/277/254 255/279/255 256/280/256
f 253/276/253 252/275/252 256/281/256 257/282/257
f 231/249/231 241/264/241 258/283/258 254/277/254
f 241/264/241 240/263/240 259/284/259 258/283/258
f 258/283/258 259/284/259 260/285/260 261/286/261
f 254/277/254 258/283/258 261/286/261 255/279/255
f 262/287/262 263/288/263 264/289/264 265/290/265
f 263/288/263 242/265/242 245/268/245 264/289/264
f 264/289/264 245/268/245 237/260/237 266/291/266
f 265/290/265 264/289/264 266/291/266 267/292/267
f 237/260/237 236/259/236 268/293/268 266/291/266
f 236/258/236 223/257/223 269/294/269 268/295/268
f 268/295/268 269/294/269 270/296/270 271/297/271
f 266/291/266 268/293/268 271/298/271 267/292/267
f 223/240/223 222/239/222 272/299/272 269/300/269
f 222/239/222 221/238/221 247/270/247 272/299/272
f 272/299/272 247/270/247 251/274/251 273/301/273
f 269/300/269 272/299/272 273/301/273 270/302/270
f 77/80/77 274/303/274 275/304/275 78/81/78
f 274/303/274 61/64/61 64/67/64 275/304/275
f 275/304/275 64/67/64 68/71/68 276/305/276
f 78/81/78 275/304/275 276/305/276 79/82/79
f 68/71/68 72/75/72 277/306/277 276/305/276
f 72/75/72 71/74/71 278/307/278 277/306/277
f 277/306/277 278/307/278 84/87/84 82/85/82
f 276/305/276 277/306/277 82/85/82 79/82/79
f 156/169/156 212/229/212 279/308/279 280/309/280
f 212/229/212 84/87/84 278/307/278 279/308/279
f 279/308/279 278/307/278 71/74/71 207/224/207
f 280/309/280 279/308/279 207/224/207 209/226/209
f 158/171/158 157/170/157 281/310/281 282/311/282
f 157/170/157 156/169/156 280/309/280 281/310/281
f 281/310/281 280/309/280 209/226/209 208/225/208
f 282/311/282 281/310/281 208/225/208 205/222/205
f 226/243/226 225/242/225 283/312/283 284/313/284
f 225/242/225 158/171/158 282/311/282 283/312/283
f 283/312/283 282/311/282 205/222/205 229/246/229
f 284/313/284 283/312/283 229/246/229 233/252/233
f 249/272/249 248/271/248 285/314/285 286/315/286
f 248/271/248 226/243/226 284/313/284 285/314/285
f 285/314/285 284/313/284 233/252/233 253/276/253
f 286/315/286 285/314/285 253/276/253 257/282/257
f 240/263/240 287/316/287 288/317/288 259/284/259
f 287/316/287 242/265/242 263/288/263 288/317/288
f 288/317/288 263/288/263 262/287/262 289/318/289
f 259/284/259 288/317/288 289/318/289 260/285/260
f 197/212/197 290/319/290 291/320/291 239/262/239
f 290/319/290 162/175/162 243/266/243 291/320/291
f 291/320/291 243/266/243 242/265/242 287/316/287
f 239/262/239 291/320/291 287/316/287 240/263/240
f 164/177/164 163/176/163 292/321/292 293/322/293
f 163/176/163 162/175/162 290/319/290 292/321/292
f 292/321/292 290/319/290 197/212/197 196/211/196
f 293/322/293 292/321/292 196/211/196 195/210/195
f 44/44/44 294/323/294 295/324/295 194/209/194
f 294/323/294 34/34/34 190/205/190 295/324/295
f 295/324/295 190/205/190 164/177/164 293/322/293
f 194/209/194 295/324/295 293/322/293 195/210/195
f 31/31/31 35/35/35 296/325/296 297/326/297
f 35/35/35 34/34/34 294/323/294 296/325/296
f 296/325/296 294/323/294 44/44/44 42/42/42
f 297/326/297 296/325/296 42/42/42 40/40/40
f 37/37/37 298/327/298 299/328/299 38/38/38
f 298/327/298 26/26/26 29/29/29 299/328/299
f 299/328/299 29/29/29 31/31/31 297/326/297
f 38/38/38 299/328/299 297/326/297 40/40/40
f 1/1/1 300/329/300 301/330/301 2/2/2
f 300/329/300 302/331/302 303/332/303 301/330/301
f 304/333/304 305/334/305 306/335/306 307/336/307
f 303/332/303 302/331/302 305/334/305 304/333/304
f 11/11/11 308/337/308 309/338/309 12/12/12
f 12/12/12 309/338/309 310/339/310 15/15/15
f 309/338/309 311/340/311 312/341/312 310/339/310
f 308/337/308 313/342/313 311/340/311 309/338/309
f 312/341/312 311/340/311 314/343/314 315/344/315
f 315/344/315 314/343/314 316/345/316 317/346/317
f 314/343/314 318/347/318 319/348/319 316/345/316
f 311/340/311 313/342/313 318/347/318 314/343/314
f 26/26/26 320/349/320 321/350/321 27/27/27
f 27/27/27 321/350/321 308/337/308 11/11/11
f 321/350/321 322/351/322 313/342/313 308/337/308
f 320/349/320 323/352/323 322/351/322 321/350/321
f 313/342/313 322/351/322 324/353/324 318/347/318
f 318/347/318 324/353/324 325/354/325 319/348/319
f 324/353/324 326/355/326 327/356/327 325/354/325
f 322/351/322 323/352/323 326/355/326 324/353/324
f 36/36/36 328/357/328 329/358/329 37/37/37
f 328/357/328 330/359/330 331/360/331 329/358/329
f 331/360/331 330/359/330 332/361/332 333/362/333
f 333/362/333 332/361/332 334/363/334 335/364/335
f 332/361/332 336/365/336 337/366/337 334/363/334
f 330/359/330 338/367/338 336/365/336 332/361/332
f 338/367/338 339/368/339 340/369/340 336/365/336
f 336/365/336 340/369/340 341/370/341 337/366/337
f 340/369/340 342/371/342 343/372/343 341/370/341
f 339/368/339 344/373/344 342/371/342 340/369/340
f 344/373/344 345/374/345 346/375/346 342/371/342
f 342/371/342 346/375/346 347/376/347 343/372/343
f 346/377/346 348/378/348 349/379/349 347/380/347
f 345/381/345 350/382/350 348/378/348 346/377/346
f 61/64/61 351/383/351 352/384/352 62/65/62
f 62/65/62 352/384/352 353/385/353 65/68/65
f 352/384/352 354/386/354 350/382/350 353/385/353
f 351/383/351 355/387/355 354/386/354 352/384/352
f 350/382/350 354/386/354 356/388/356 348/378/348
f 348/378/348 356/388/356 357/389/357 349/379/349
f 356/388/356 358/390/358 359/391/359 357/389/357
f 354/386/354 355/387/355 358/390/358 356/388/356
f 73/76/73 360/392/360 361/393/361 74/77/74
f 74/77/74 361/393/361 362/394/362 77/80/77
f 361/393/361 363/395/363 364/396/364 362/394/362
f 360/392/360 365/397/365 363/395/363 361/393/361
f 364/396/364 363/395/363 366/398/366 367/399/367
f 367/399/367 366/398/366 368/400/368 369/401/369
f 366/398/366 370/402/370 371/403/371 368/400/368
f 363/395/363 365/397/365 370/402/370 366/398/366
f 88/91/88 372/404/372 373/405/373 89/92/89
f 89/92/89 373/405/373 360/392/360 73/76/73
f 373/405/373 374/406/374 365/397/365 360/392/360
f 372/404/372 375/407/375 374/406/374 373/405/373
f 365/397/365 374/406/374 376/408/376 370/402/370
f 370/402/370 376/408/376 377/409/377 371/403/371
f 376/408/376 378/410/378 379/411/379 377/409/377
f 374/406/374 375/407/375 378/410/378 376/408/376
f 98/101/98 380/412/380 381/413/381 99/102/99
f 380/412/380 382/414/382 383/415/383 381/413/381
f 383/415/383 382/414/382 384/416/384 385/417/385
f 385/417/385 384/416/384 386/418/386 387/419/387
f 388/420/388 389/421/389 390/422/390 391/423/391
f 392/424/392 393/425/393 389/421/389 388/420/388
f 394/426/394 395/427/395 393/425/393 392/424/392
f 396/428/396 397/429/397 395/427/395 394/426/394
f 398/430/398 399/431/399 397/432/397 396/433/396
f 400/434/400 401/435/401 399/436/399 398/437/398
f 402/438/402 403/439/403 401/435/401 400/434/400
f 404/440/404 405/441/405 403/439/403 402/438/402
f 406/442/406 407/443/407 408/444/408 409/445/409
f 409/445/409 408/444/408 410/446/410 411/447/411
f 408/444/408 412/448/412 413/449/413 410/446/410
f 407/443/407 414/450/414 412/448/412 408/444/408
f 415/451/415 416/452/416 417/453/417 418/454/418
f 418/454/418 417/453/417 407/443/407 406/442/406
f 417/453/417 419/455/419 414/450/414 407/443/407
f 416/452/416 420/456/420 419/455/419 417/453/417
f 421/457/421 422/458/422 423/459/423 424/460/424
f 424/461/424 423/462/423 416/463/416 415/464/415
f 423/462/423 425/465/425 420/466/420 416/463/416
f 422/458/422 426/467/426 425/468/425 423/459/423
f 427/469/427 428/470/428 429/471/429 430/472/430
f 430/472/430 429/471/429 422/458/422 421/457/421
f 429/471/429 431/473/431 426/467/426 422/458/422
f 428/470/428 432/474/432 431/473/431 429/471/429
f 414/450/414 433/475/433 434/476/434 412/448/412
f 412/448/412 434/476/434 435/477/435 413/449/413
f 434/476/434 436/478/436 437/479/437 435/477/435
f 433/475/433 438/480/438 436/478/436 434/476/434
f 432/474/432 439/481/439 440/482/440 431/473/431
f 431/473/431 440/482/440 441/483/441 426/467/426
f 440/482/440 442/484/442 443/485/443 441/483/441
f 439/481/439 444/486/444 442/484/442 440/482/440
f 99/102/99 381/413/381 445/487/445 165/178/165
f 165/178/165 445/487/445 372/404/372 88/91/88
f 445/487/445 446/488/446 375/407/375 372/404/372
f 381/413/381 383/415/383 446/488/446 445/487/445
f 375/407/375 446/488/446 447/489/447 378/410/378
f 378/410/378 447/489/447 448/490/448 379/411/379
f 447/489/447 385/417/385 387/419/387 448/490/448
f 446/488/446 383/415/383 385/417/385 447/489/447
f 393/425/393 449/491/449 450/492/450 389/421/389
f 389/421/389 450/492/450 451/493/451 390/422/390
f 450/492/450 409/445/409 411/447/411 451/493/451
f 449/491/449 406/442/406 409/445/409 450/492/450
f 397/429/397 452/494/452 453/495/453 395/427/395
f 395/427/395 453/495/453 449/491/449 393/425/393
f 453/495/453 418/454/418 406/442/406 449/491/449
f 452/494/452 415/451/415 418/454/418 453/495/453
f 401/435/401 454/496/454 455/497/455 399/436/399
f 399/431/399 455/498/455 452/499/452 397/432/397
f 455/498/455 424/461/424 415/464/415 452/499/452
f 454/496/454 421/457/421 424/460/424 455/497/455
f 405/441/405 456/500/456 457/501/457 403/439/403
f 403/439/403 457/501/457 454/496/454 401/435/401
f 457/501/457 430/472/430 421/457/421 454/496/454
f 456/500/456 427/469/427 430/472/430 457/501/457
f 302/331/302 458/502/458 459/503/459 305/334/305
f 305/334/305 459/503/459 460/504/460 306/335/306
f 459/503/459 315/344/315 317/346/317 460/504/460
f 458/502/458 312/341/312 315/344/315 459/503/459
f 15/15/15 310/339/310 461/505/461 182/197/182
f 182/197/182 461/505/461 300/329/300 1/1/1
f 461/505/461 458/502/458 302/331/302 300/329/300
f 310/339/310 312/341/312 458/502/458 461/505/461
f 306/335/306 462/506/462 463/507/463 307/336/307
f 462/506/462 405/441/405 404/440/404 463/507/463
f 317/346/317 464/508/464 465/509/465 460/504/460
f 460/504/460 465/509/465 462/506/462 306/335/306
f 465/509/465 456/500/456 405/441/405 462/506/462
f 464/508/464 427/469/427 456/500/456 465/509/465
f 319/348/319 466/510/466 467/511/467 316/345/316
f 316/345/316 467/511/467 464/508/464 317/346/317
f 467/511/467 428/470/428 427/469/427 464/508/464
f 466/510/466 432/474/432 428/470/428 467/511/467
f 444/486/444 439/481/439 468/512/468 469/513/469
f 469/513/469 468/512/468 325/354/325 327/356/327
f 468/512/468 466/510/466 319/348/319 325/354/325
f 439/481/439 432/474/432 466/510/466 468/512/468
f 337/366/337 470/514/470 471/515/471 334/363/334
f 334/363/334 471/515/471 472/516/472 335/364/335
f 471/515/471 473/517/473 474/518/474 472/516/472
f 470/514/470 475/519/475 473/517/473 471/515/471
f 343/372/343 476/520/476 477/521/477 341/370/341
f 341/370/341 477/521/477 470/514/470 337/366/337
f 477/521/477 478/522/478 475/519/475 470/514/470
f 476/520/476 479/523/479 478/522/478 477/521/477
f 349/379/349 480/524/480 481/525/481 347/380/347
f 347/376/347 481/526/481 476/520/476 343/372/343
f 481/526/481 482/527/482 479/523/479 476/520/476
f 480/524/480 483/528/483 482/529/482 481/525/481
f 359/391/359 484/530/484 485/531/485 357/389/357
f 357/389/357 485/531/485 480/524/480 349/379/349
f 485/531/485 486/532/486 483/528/483 480/524/480
f 484/530/484 487/533/487 486/532/486 485/531/485
f 371/403/371 488/534/488 489/535/489 368/400/368
f 368/400/368 489/535/489 490/536/490 369/401/369
f 489/535/489 435/477/435 437/479/437 490/536/490
f 488/534/488 413/449/413 435/477/435 489/535/489
f 379/411/379 491/537/491 492/538/492 377/409/377
f 377/409/377 492/538/492 488/534/488 371/403/371
f 492/538/492 410/446/410 413/449/413 488/534/488
f 491/537/491 411/447/411 410/446/410 492/538/492
f 387/419/387 493/539/493 494/540/494 448/490/448
f 448/490/448 494/540/494 491/537/491 379/411/379
f 494/540/494 451/493/451 411/447/411 491/537/491
f 493/539/493 390/422/390 451/493/451 494/540/494
f 386/418/386 495/541/495 493/539/493 387/419/387
f 495/541/495 391/423/391 390/422/390 493/539/493
f 420/456/420 496/542/496 497/543/497 419/455/419
f 419/455/419 497/543/497 498/544/498 414/450/414
f 497/543/497 499/545/499 500/546/500 498/544/498
f 496/542/496 501/547/501 499/545/499 497/543/497
f 414/450/414 498/544/498 502/548/502 433/475/433
f 433/475/433 502/548/502 503/549/503 438/480/438
f 502/548/502 504/550/504 505/551/505 503/549/503
f 498/544/498 500/546/500 504/550/504 502/548/502
f 483/528/483 506/552/506 507/553/507 482/529/482
f 482/527/482 507/554/507 508/555/508 479/523/479
f 507/554/507 509/556/509 510/557/510 508/555/508
f 506/552/506 511/558/511 509/559/509 507/553/507
f 426/467/426 512/560/512 513/561/513 425/468/425
f 425/465/425 513/562/513 496/563/496 420/466/420
f 513/562/513 514/564/514 501/565/501 496/563/496
f 512/560/512 515/566/515 514/567/514 513/561/513
f 479/523/479 508/555/508 516/568/516 478/522/478
f 478/522/478 516/568/516 517/569/517 475/519/475
f 516/568/516 518/570/518 519/571/519 517/569/517
f 508/555/508 510/557/510 518/570/518 516/568/516
f 520/572/520 521/573/521 522/574/522 523/575/523
f 523/575/523 522/574/522 441/483/441 443/485/443
f 522/574/522 512/560/512 426/467/426 441/483/441
f 521/573/521 515/566/515 512/560/512 522/574/522
f 500/546/500 524/576/524 525/577/525 504/550/504
f 504/550/504 525/577/525 526/578/526 505/551/505
f 525/577/525 527/579/527 528/580/528 526/578/526
f 524/576/524 529/581/529 527/579/527 525/577/525
f 511/558/511 530/582/530 531/583/531 509/559/509
f 509/556/509 531/584/531 532/585/532 510/557/510
f 531/584/531 533/586/533 534/587/534 532/585/532
f 530/582/530 535/588/535 533/589/533 531/583/531
f 510/557/510 532/585/532 536/590/536 518/570/518
f 518/570/518 536/590/536 537/591/537 519/571/519
f 536/590/536 538/592/538 539/593/539 537/591/537
f 532/585/532 534/587/534 538/592/538 536/590/536
f 540/594/540 541/595/541 542/596/542 543/597/543
f 543/597/543 542/596/542 521/573/521 520/572/520
f 542/596/542 544/598/544 515/566/515 521/573/521
f 541/595/541 545/599/545 544/598/544 542/596/542
f 515/566/515 544/598/544 546/600/546 514/567/514
f 514/564/514 546/601/546 547/602/547 501/565/501
f 546/601/546 548/603/548 549/604/549 547/602/547
f 544/598/544 545/599/545 548/605/548 546/600/546
f 501/547/501 547/606/547 550/607/550 499/545/499
f 499/545/499 550/607/550 524/576/524 500/546/500
f 550/607/550 551/608/551 529/581/529 524/576/524
f 547/606/547 549/609/549 551/608/551 550/607/550
f 77/80/77 362/394/362 552/610/552 274/303/274
f 274/303/274 552/610/552 351/383/351 61/64/61
f 552/610/552 553/611/553 355/387/355 351/383/351
f 362/394/362 364/396/364 553/611/553 552/610/552
f 355/387/355 553/611/553 554/612/554 358/390/358
f 358/390/358 554/612/554 555/613/555 359/391/359
f 554/612/554 367/399/367 369/401/369 555/613/555
f 553/611/553 364/396/364 367/399/367 554/612/554
f 437/479/437 556/614/556 557/615/557 490/536/490
f 490/536/490 557/615/557 555/613/555 369/401/369
f 557/615/557 484/530/484 359/391/359 555/613/555
f 556/614/556 487/533/487 484/530/484 557/615/557
f 438/480/438 558/616/558 559/617/559 436/478/436
f 436/478/436 559/617/559 556/614/556 437/479/437
f 559/617/559 486/532/486 487/533/487 556/614/556
f 558/616/558 483/528/483 486/532/486 559/617/559
f 505/551/505 560/618/560 561/619/561 503/549/503
f 503/549/503 561/619/561 558/616/558 438/480/438
f 561/619/561 506/552/506 483/528/483 558/616/558
f 560/618/560 511/558/511 506/552/506 561/619/561
f 528/580/528 562/620/562 563/621/563 526/578/526
f 526/578/526 563/621/563 560/618/560 505/551/505
f 563/621/563 530/582/530 511/558/511 560/618/560
f 562/620/562 535/588/535 530/582/530 563/621/563
f 519/571/519 537/591/537 564/622/564 565/623/565
f 565/623/565 564/622/564 543/597/543 520/572/520
f 564/622/564 566/624/566 540/594/540 543/597/543
f 537/591/537 539/593/539 566/624/566 564/622/564
f 475/519/475 517/569/517 567/625/567 568/626/568
f 568/626/568 567/625/567 523/575/523 443/485/443
f 567/625/567 565/623/565 520/572/520 523/575/523
f 517/569/517 519/571/519 565/623/565 567/625/567
f 444/486/444 569/627/569 570/628/570 442/484/442
f 442/484/442 570/628/570 568/626/568 443/485/443
f 570/628/570 473/517/473 475/519/475 568/626/568
f 569/627/569 474/518/474 473/517/473 570/628/570
f 335/364/335 472/516/472 571/629/571 572/630/572
f 572/630/572 571/629/571 469/513/469 327/356/327
f 571/629/571 569/627/569 444/486/444 469/513/469
f 472/516/472 474/518/474 569/627/569 571/629/571
f 323/352/323 573/631/573 574/632/574 326/355/326
f 326/355/326 574/632/574 572/630/572 327/356/327
f 574/632/574 333/362/333 335/364/335 572/630/572
f 573/631/573 331/360/331 333/362/333 574/632/574
f 37/37/37 329/358/329 575/633/575 298/327/298
f 298/327/298 575/633/575 320/349/320 26/26/26
f 575/633/575 573/631/573 323/352/323 320/349/320
f 329/358/329 331/360/331 573/631/573 575/633/575
g default
v 0.001421 0.892150 0.503426
v 0.000784 0.742646 0.462013
v 0.040444 0.741638 0.460067
v 0.090098 0.891420 0.502710
v 0.000784 0.581048 0.368853
v 0.017189 0.582382 0.360854
v 0.068503 0.598462 0.350972
v 0.119881 0.737483 0.454821
v 0.172670 0.888349 0.496814
v 0.189721 0.595418 0.374767
v 0.226163 0.736395 0.434789
v 0.309648 0.586465 0.369432
v 0.339767 0.728898 0.419657
v 0.356623 0.878666 0.456716
v 0.264161 0.884089 0.481757
v 0.000784 0.636413 -0.318677
v 0.000784 0.747069 -0.367840
v 0.052425 0.747427 -0.369319
v 0.035918 0.638427 -0.320978
v 0.001421 0.894024 -0.393792
v 0.093150 0.890328 -0.394756
v 0.179238 0.891834 -0.391570
v 0.138546 0.750092 -0.368754
v 0.105779 0.603910 -0.313599
v 0.278492 0.892535 -0.381984
v 0.240857 0.749913 -0.361968
v 0.379205 0.890265 -0.364947
v 0.349920 0.744247 -0.350600
v 0.309560 0.599630 -0.308640
v 0.206960 0.602792 -0.316961
v 0.000784 0.552457 -0.218522
v 0.000784 0.552777 -0.271326
v 0.016618 0.554604 -0.273709
v 0.001894 0.553744 -0.219144
v 0.049407 0.566469 -0.256893
v 0.024317 0.567588 -0.201934
v 0.000784 0.549892 -0.067340
v 0.000784 0.551512 -0.155577
v -0.003090 0.552346 -0.155768
v -0.002905 0.550933 -0.067939
v 0.015358 0.566269 -0.137320
v 0.014874 0.564353 -0.049237
v 0.000784 0.548643 0.080553
v 0.000784 0.548720 -0.004491
v -0.003164 0.549968 -0.005724
v -0.001571 0.549748 0.077974
v 0.014644 0.562930 0.011974
v 0.017657 0.562553 0.090531
v 0.000784 0.548992 0.231288
v 0.004222 0.549385 0.226913
v 0.027472 0.562645 0.226003
v 0.622353 0.569142 -0.150654
v 0.581333 0.575163 -0.212318
v 0.620997 0.732803 -0.220406
v 0.657815 0.722887 -0.142420
v 0.516978 0.584413 -0.256028
v 0.561321 0.743173 -0.282919
v 0.567813 0.901228 -0.293754
v 0.605350 0.881885 -0.212526
v 0.636568 0.871523 -0.122245
v 0.655502 0.561743 0.036906
v 0.646798 0.564606 -0.048462
v 0.679221 0.718430 -0.032755
v 0.683480 0.713780 0.055039
v 0.651944 0.867997 -0.012084
v 0.654267 0.866063 0.072550
v 0.624039 0.563953 0.200540
v 0.649547 0.561537 0.115513
v 0.675376 0.710959 0.136825
v 0.649529 0.711141 0.225713
v 0.646598 0.864022 0.152996
v 0.628886 0.867413 0.244140
v 0.506546 0.572554 0.310417
v 0.576479 0.567829 0.262317
v 0.601096 0.714729 0.292066
v 0.527232 0.717236 0.346090
v 0.589099 0.870161 0.314500
v 0.533970 0.873742 0.369059
v 0.441060 0.721973 0.391221
v 0.449461 0.874177 0.419609
v 0.417052 0.577965 0.349042
v 0.457000 0.739588 -0.325707
v 0.419255 0.592084 -0.289037
v 0.491284 0.900828 -0.339703
v 0.546825 0.425981 -0.179248
v 0.485725 0.432113 -0.217196
v 0.583756 0.422412 -0.124403
v 0.548845 0.301499 -0.094885
v 0.516850 0.302312 -0.145577
v 0.461091 0.304955 -0.180671
v 0.604293 0.420285 -0.028976
v 0.610301 0.420733 0.050500
v 0.566105 0.305261 0.066513
v 0.564128 0.302198 -0.006029
v 0.603522 0.423877 0.124323
v 0.582182 0.428310 0.208421
v 0.540699 0.314628 0.212215
v 0.558174 0.309763 0.133885
v 0.544267 0.432869 0.264990
v 0.483232 0.438226 0.308183
v 0.463493 0.325318 0.306018
v 0.513891 0.319559 0.265754
v 0.392551 0.445981 0.335212
v 0.285074 0.452368 0.351867
v 0.269772 0.338871 0.336647
v 0.375209 0.333344 0.327036
v 0.081587 0.352090 0.319630
v 0.165302 0.346060 0.339375
v 0.169769 0.462822 0.353277
v 0.078100 0.466294 0.327345
v 0.036311 0.464144 0.248799
v 0.023977 0.461431 0.138341
v 0.024683 0.344598 0.175716
v 0.040239 0.349431 0.263301
v 0.019716 0.460818 0.068654
v 0.020106 0.461626 0.007324
v 0.018690 0.340732 0.054317
v 0.018339 0.342180 0.114890
v 0.022906 0.463435 -0.083209
v 0.035082 0.464193 -0.148667
v 0.037939 0.338624 -0.101546
v 0.023764 0.339706 -0.015648
v 0.063119 0.462428 -0.198757
v 0.114788 0.461101 -0.231119
v 0.112276 0.332084 -0.172778
v 0.065062 0.335855 -0.144257
v 0.192095 0.460175 -0.248304
v 0.286843 0.451576 -0.252164
v 0.275954 0.318505 -0.206529
v 0.186654 0.329017 -0.194967
v 0.374598 0.311051 -0.201310
v 0.392171 0.441326 -0.241506
v -0.094561 0.891420 0.502710
v -0.045419 0.741638 0.460067
v -0.022164 0.582382 0.360854
v -0.124856 0.737483 0.454821
v -0.073478 0.598462 0.350972
v -0.177134 0.888349 0.496814
v -0.231138 0.736395 0.434789
v -0.194696 0.595418 0.374767
v -0.344741 0.728898 0.419657
v -0.314623 0.586465 0.369432
v -0.268624 0.884089 0.481757
v -0.361087 0.878666 0.456716
v -0.040893 0.638427 -0.320978
v -0.057399 0.747427 -0.369319
v -0.097614 0.890328 -0.394756
v -0.143520 0.750092 -0.368754
v -0.183702 0.891834 -0.391570
v -0.110754 0.603910 -0.313599
v -0.245831 0.749913 -0.361968
v -0.282956 0.892535 -0.381984
v -0.354894 0.744247 -0.350600
v -0.383669 0.890265 -0.364947
v -0.211935 0.602792 -0.316961
v -0.314535 0.599630 -0.308640
v -0.006869 0.553744 -0.219144
v -0.021593 0.554604 -0.273709
v -0.054381 0.566469 -0.256893
v -0.029291 0.567588 -0.201934
v -0.002069 0.550933 -0.067939
v -0.001884 0.552346 -0.155768
v -0.020333 0.566269 -0.137320
v -0.019849 0.564353 -0.049237
v -0.003403 0.549748 0.077974
v -0.001811 0.549968 -0.005724
v -0.019618 0.562930 0.011974
v -0.022631 0.562553 0.090531
v -0.009197 0.549385 0.226913
v -0.032447 0.562645 0.226003
v -0.627327 0.569142 -0.150654
v -0.662789 0.722887 -0.142420
v -0.625972 0.732803 -0.220406
v -0.586308 0.575163 -0.212318
v -0.566296 0.743173 -0.282919
v -0.521953 0.584413 -0.256028
v -0.609814 0.881885 -0.212526
v -0.572277 0.901228 -0.293754
v -0.641032 0.871523 -0.122245
v -0.660477 0.561743 0.036906
v -0.688455 0.713780 0.055039
v -0.684196 0.718430 -0.032755
v -0.651773 0.564606 -0.048462
v -0.656408 0.867997 -0.012084
v -0.658731 0.866063 0.072550
v -0.629014 0.563953 0.200540
v -0.654504 0.711141 0.225713
v -0.680351 0.710959 0.136825
v -0.654522 0.561537 0.115513
v -0.651062 0.864022 0.152996
v -0.633350 0.867413 0.244140
v -0.511521 0.572554 0.310417
v -0.532207 0.717236 0.346090
v -0.606071 0.714729 0.292066
v -0.581454 0.567829 0.262317
v -0.593563 0.870161 0.314500
v -0.538433 0.873742 0.369059
v -0.453925 0.874177 0.419609
v -0.446035 0.721973 0.391221
v -0.422026 0.577965 0.349042
v -0.424230 0.592084 -0.289037
v -0.461975 0.739588 -0.325707
v -0.495748 0.900828 -0.339703
v -0.490699 0.432113 -0.217196
v -0.551799 0.425981 -0.179248
v -0.588731 0.422412 -0.124403
v -0.521825 0.302312 -0.145577
v -0.553820 0.301499 -0.094885
v -0.466065 0.304955 -0.180671
v -0.609268 0.420285 -0.028976
v -0.615275 0.420733 0.050500
v -0.569102 0.302198 -0.006029
v -0.571080 0.305261 0.066513
v -0.608497 0.423877 0.124323
v -0.587157 0.428310 0.208421
v -0.563148 0.309763 0.133885
v -0.545674 0.314628 0.212215
v -0.549242 0.432869 0.264990
v -0.488207 0.438226 0.308183
v -0.518866 0.319559 0.265754
v -0.468468 0.325318 0.306018
v -0.397526 0.445981 0.335212
v -0.290048 0.452368 0.351867
v -0.380183 0.333344 0.327036
v -0.274747 0.338871 0.336647
v -0.086562 0.352090 0.319630
v -0.083075 0.466294 0.327345
v -0.174744 0.462822 0.353277
v -0.170277 0.346060 0.339375
v -0.041286 0.464144 0.248799
v -0.028951 0.461431 0.138341
v -0.045214 0.349431 0.263301
v -0.029657 0.344598 0.175716
v -0.024691 0.460818 0.068654
v -0.025080 0.461626 0.007324
v -0.023314 0.342180 0.114890
v -0.023665 0.340732 0.054317
v -0.027881 0.463435 -0.083209
v -0.040057 0.464193 -0.148667
v -0.028739 0.339706 -0.015648
v -0.042914 0.338624 -0.101546
v -0.068093 0.462428 -0.198757
v -0.119763 0.461101 -0.231119
v -0.070037 0.335855 -0.144257
v -0.117251 0.332084 -0.172778
v -0.197070 0.460175 -0.248304
v -0.291817 0.451576 -0.252164
v -0.191628 0.329017 -0.194967
v -0.280929 0.318505 -0.206529
v -0.397146 0.441326 -0.241506
v -0.379573 0.311051 -0.201310
vt 0.230660 0.562407
vt 0.230527 0.531166
vt 0.238814 0.530955
vt 0.249190 0.562255
vt 0.230527 0.497398
vt 0.233955 0.497676
vt 0.244678 0.501036
vt 0.255414 0.530087
vt 0.266445 0.561613
vt 0.270008 0.500400
vt 0.277623 0.529860
vt 0.295069 0.498530
vt 0.301363 0.528293
vt 0.304885 0.559590
vt 0.285563 0.560723
vt 0.662351 0.513584
vt 0.662351 0.539556
vt 0.674472 0.539640
vt 0.670597 0.514057
vt 0.662501 0.574048
vt 0.684031 0.573181
vt 0.704236 0.573534
vt 0.694685 0.540266
vt 0.686995 0.505955
vt 0.727532 0.573699
vt 0.718699 0.540224
vt 0.751171 0.573166
vt 0.744297 0.538894
vt 0.734825 0.504951
vt 0.710743 0.505693
vt 0.662351 0.493878
vt 0.662351 0.493954
vt 0.666067 0.494382
vt 0.662612 0.494181
vt 0.673763 0.497167
vt 0.667874 0.497430
vt 0.662351 0.493277
vt 0.662351 0.493657
vt 0.661442 0.493852
vt 0.661485 0.493521
vt 0.665772 0.497120
vt 0.665658 0.496671
vt 0.662351 0.492983
vt 0.662351 0.493001
vt 0.661424 0.493294
vt 0.661798 0.493243
vt 0.665604 0.496337
vt 0.666311 0.496248
vt 0.230527 0.490699
vt 0.231245 0.490781
vt 0.230527 0.490626
vt 0.230035 0.490857
vt 0.234053 0.493533
vt 0.236104 0.493552
vt 0.808241 0.497795
vt 0.798613 0.499208
vt 0.807923 0.536208
vt 0.816564 0.533880
vt 0.783508 0.501379
vt 0.793916 0.538642
vt 0.795440 0.575739
vt 0.804250 0.571199
vt 0.811577 0.568767
vt 0.816021 0.496058
vt 0.813978 0.496730
vt 0.821588 0.532834
vt 0.822588 0.531743
vt 0.815186 0.567939
vt 0.815731 0.567486
vt 0.360766 0.493825
vt 0.366096 0.493320
vt 0.371493 0.524545
vt 0.366092 0.524583
vt 0.814623 0.496010
vt 0.820686 0.531081
vt 0.813931 0.567007
vt 0.365480 0.556529
vt 0.361778 0.557238
vt 0.336214 0.495623
vt 0.350827 0.494635
vt 0.355971 0.525332
vt 0.340536 0.525856
vt 0.353464 0.557812
vt 0.341944 0.558560
vt 0.322529 0.526846
vt 0.324285 0.558652
vt 0.317512 0.496753
vt 0.769430 0.537800
vt 0.760571 0.503179
vt 0.777477 0.575645
vt 0.790513 0.464193
vt 0.776172 0.465632
vt 0.799182 0.463355
vt 0.790988 0.434976
vt 0.783478 0.435166
vt 0.770391 0.435787
vt 0.804002 0.462856
vt 0.805412 0.462961
vt 0.795039 0.435859
vt 0.794575 0.435140
vt 0.803821 0.463699
vt 0.352019 0.465481
vt 0.356478 0.464554
vt 0.343350 0.441725
vt 0.347002 0.440708
vt 0.793177 0.436915
vt 0.344096 0.466433
vt 0.331342 0.467553
vt 0.327217 0.443959
vt 0.337748 0.442755
vt 0.312393 0.469173
vt 0.289934 0.470508
vt 0.286736 0.446791
vt 0.308769 0.445636
vt 0.247412 0.449553
vt 0.264905 0.448293
vt 0.265839 0.472692
vt 0.246683 0.473418
vt 0.237951 0.472969
vt 0.235373 0.472402
vt 0.235521 0.447988
vt 0.238772 0.448998
vt 0.666795 0.472370
vt 0.667794 0.472514
vt 0.666886 0.472559
vt 0.666554 0.444184
vt 0.666471 0.444524
vt 0.667960 0.445091
vt 0.667543 0.472984
vt 0.670401 0.473162
vt 0.671072 0.443689
vt 0.667745 0.443943
vt 0.676982 0.472748
vt 0.689109 0.472436
vt 0.688519 0.442154
vt 0.677438 0.443039
vt 0.707254 0.472219
vt 0.729492 0.470200
vt 0.726937 0.438967
vt 0.705977 0.441434
vt 0.750090 0.437218
vt 0.754214 0.467795
vt 0.210603 0.562255
vt 0.220872 0.530955
vt 0.225732 0.497676
vt 0.204272 0.530087
vt 0.215009 0.501036
vt 0.193348 0.561613
vt 0.182063 0.529860
vt 0.189678 0.500400
vt 0.158324 0.528293
vt 0.164618 0.498530
vt 0.174230 0.560723
vt 0.154908 0.559590
vt 0.652569 0.514057
vt 0.648695 0.539640
vt 0.639256 0.573181
vt 0.628481 0.540266
vt 0.619050 0.573534
vt 0.636172 0.505955
vt 0.604467 0.540224
vt 0.595754 0.573699
vt 0.578869 0.538894
vt 0.572115 0.573166
vt 0.612423 0.505693
vt 0.588342 0.504951
vt 0.660555 0.494181
vt 0.657099 0.494382
vt 0.649403 0.497167
vt 0.655292 0.497430
vt 0.661681 0.493521
vt 0.661725 0.493852
vt 0.657395 0.497120
vt 0.657508 0.496671
vt 0.661368 0.493243
vt 0.661742 0.493294
vt 0.657562 0.496337
vt 0.656855 0.496248
vt 0.228441 0.490781
vt 0.229652 0.490857
vt 0.223583 0.493552
vt 0.225634 0.493533
vt 0.514926 0.497795
vt 0.506602 0.533880
vt 0.515244 0.536208
vt 0.524553 0.499208
vt 0.529250 0.538642
vt 0.539658 0.501379
vt 0.519036 0.571199
vt 0.527847 0.575739
vt 0.511709 0.568767
vt 0.507145 0.496058
vt 0.500578 0.531743
vt 0.501578 0.532834
vt 0.509188 0.496730
vt 0.508100 0.567939
vt 0.507555 0.567486
vt 0.098921 0.493825
vt 0.093594 0.524583
vt 0.088193 0.524545
vt 0.093590 0.493320
vt 0.508543 0.496010
vt 0.502480 0.531081
vt 0.509355 0.567007
vt 0.098015 0.557238
vt 0.094314 0.556529
vt 0.123473 0.495623
vt 0.119150 0.525856
vt 0.103715 0.525332
vt 0.108859 0.494635
vt 0.106329 0.557812
vt 0.117849 0.558560
vt 0.135508 0.558652
vt 0.137157 0.526846
vt 0.142174 0.496753
vt 0.562595 0.503179
vt 0.553736 0.537800
vt 0.545809 0.575645
vt 0.546994 0.465632
vt 0.532653 0.464193
vt 0.523985 0.463355
vt 0.539688 0.435166
vt 0.532179 0.434976
vt 0.552776 0.435787
vt 0.519164 0.462856
vt 0.517754 0.462961
vt 0.528592 0.435140
vt 0.528128 0.435859
vt 0.519345 0.463699
vt 0.103208 0.464554
vt 0.107668 0.465481
vt 0.112684 0.440708
vt 0.116336 0.441725
vt 0.529989 0.436915
vt 0.115590 0.466433
vt 0.128345 0.467553
vt 0.121938 0.442755
vt 0.132469 0.443959
vt 0.147294 0.469173
vt 0.169753 0.470508
vt 0.150918 0.445636
vt 0.172950 0.446791
vt 0.212275 0.449553
vt 0.213003 0.473418
vt 0.193848 0.472692
vt 0.194781 0.448293
vt 0.221736 0.472969
vt 0.224313 0.472402
vt 0.220915 0.448998
vt 0.224166 0.447988
vt 0.655372 0.472514
vt 0.656372 0.472370
vt 0.656280 0.472559
vt 0.656695 0.444524
vt 0.656613 0.444184
vt 0.655206 0.445091
vt 0.655623 0.472984
vt 0.652765 0.473162
vt 0.655422 0.443943
vt 0.652095 0.443689
vt 0.646185 0.472748
vt 0.634057 0.472436
vt 0.645728 0.443039
vt 0.634647 0.442154
vt 0.615912 0.472219
vt 0.593674 0.470200
vt 0.617189 0.441434
vt 0.596230 0.438967
vt 0.568952 0.467795
vt 0.573077 0.437218
vn 0.000037 -0.272754 0.962084
vn -0.000113 -0.362102 0.932139
vn 0.084413 -0.408042 0.909052
vn 0.040097 -0.282284 0.958493
vn -0.000130 -0.635059 0.772464
vn 0.225638 -0.724203 0.651627
vn -0.169405 -0.471397 0.865498
vn 0.066846 -0.425394 0.902536
vn 0.118596 -0.311863 0.942696
vn -0.035450 -0.321532 0.946235
vn 0.086472 -0.377150 0.922106
vn 0.104067 -0.260406 0.959874
vn 0.176818 -0.310105 0.934115
vn 0.230766 -0.262946 0.936806
vn 0.161151 -0.309465 0.937156
vn 0.000019 -0.434038 -0.900895
vn 0.000036 -0.252288 -0.967652
vn -0.012466 -0.263555 -0.964564
vn -0.020601 -0.436828 -0.899309
vn -0.000037 -0.171887 -0.985117
vn 0.007955 -0.173282 -0.984840
vn 0.059943 -0.171650 -0.983333
vn 0.024658 -0.258541 -0.965686
vn -0.083739 -0.427808 -0.899982
vn 0.108001 -0.156105 -0.981818
vn 0.074826 -0.238415 -0.968277
vn 0.184888 -0.140058 -0.972728
vn 0.153862 -0.222532 -0.962708
vn 0.088989 -0.333842 -0.938419
vn -0.002067 -0.369753 -0.929128
vn -0.001958 -0.999975 0.006861
vn 0.000973 -0.656191 -0.754595
vn 0.081822 -0.744583 -0.662497
vn 0.397544 -0.913052 0.091079
vn -0.404007 -0.591249 -0.698000
vn -0.775994 -0.550908 -0.307137
vn 0.001859 0.999832 0.018251
vn -0.001661 -0.999861 0.016564
vn 0.647490 -0.761590 0.027161
vn 0.716547 -0.697434 -0.012111
vn -0.918515 -0.378541 -0.114183
vn -0.969873 -0.242722 -0.020808
vn 0.001235 -0.999989 -0.004544
vn -0.099063 0.993893 -0.048616
vn 0.715273 -0.698684 -0.015013
vn 0.620966 -0.783410 -0.025893
vn -0.958834 -0.283729 0.011617
vn -0.935201 -0.347555 0.067854
vn 0.009597 -0.980976 0.193890
vn 0.438024 -0.894266 0.091776
vn -0.858889 -0.422499 0.289488
vn 0.899770 -0.247737 -0.359223
vn 0.689772 -0.265511 -0.673586
vn 0.829660 -0.067114 -0.554220
vn 0.954725 -0.019354 -0.296861
vn 0.408276 -0.286339 -0.866787
vn 0.565017 -0.160013 -0.809414
vn 0.620126 -0.068730 -0.781486
vn 0.880254 0.079443 -0.467805
vn 0.955175 0.166455 -0.244814
vn 0.970195 -0.242107 -0.010274
vn 0.956390 -0.241664 -0.164066
vn 0.991440 -0.002938 -0.130530
vn 0.999876 -0.002314 0.015591
vn 0.978176 0.183610 -0.097257
vn 0.982691 0.181417 0.037500
vn 0.880110 -0.236101 0.411902
vn 0.953619 -0.242687 0.178083
vn 0.983109 -0.022194 0.181669
vn 0.910739 -0.068789 0.407214
vn 0.973193 0.148552 0.175578
vn 0.913530 0.070855 0.400552
vn 0.463629 -0.207213 0.861459
vn 0.678138 -0.212383 0.703578
vn 0.715039 -0.144869 0.683910
vn 0.516309 -0.208736 0.830575
vn 0.733646 -0.051005 0.677615
vn 0.550698 -0.138523 0.823130
vn 0.343229 -0.257299 0.903322
vn 0.385980 -0.199028 0.900782
vn 0.270321 -0.231828 0.934442
vn 0.291090 -0.212385 -0.932823
vn 0.213304 -0.308063 -0.927146
vn 0.345195 -0.130675 -0.929389
vn 0.639844 -0.323206 -0.697236
vn 0.341947 -0.314895 -0.885389
vn 0.881497 -0.318433 -0.348659
vn 0.885792 -0.340685 -0.315129
vn 0.640352 -0.344365 -0.686558
vn 0.324295 -0.322873 -0.889149
vn 0.937778 -0.315631 -0.144737
vn 0.946161 -0.323504 0.011152
vn 0.936419 -0.348724 0.038869
vn 0.933863 -0.338836 -0.114413
vn 0.931735 -0.314073 0.182286
vn 0.879521 -0.269389 0.392266
vn 0.882483 -0.299746 0.362458
vn 0.921659 -0.341440 0.184291
vn 0.695493 -0.171817 0.697688
vn 0.424890 -0.113546 0.898096
vn 0.396605 -0.107736 0.911645
vn 0.709479 -0.191908 0.678094
vn 0.211846 -0.119424 0.969979
vn 0.072243 -0.135754 0.988105
vn 0.058528 -0.122836 0.990700
vn 0.175696 -0.104268 0.978907
vn -0.571134 -0.057550 0.818837
vn -0.109772 -0.110668 0.987777
vn -0.110739 -0.134833 0.984661
vn -0.604101 -0.101328 0.790440
vn -0.958991 -0.033379 0.281463
vn -0.995507 -0.011394 0.093997
vn -0.992600 0.017783 0.120118
vn -0.945921 0.000554 0.324398
vn -0.999499 -0.008813 0.030408
vn -0.999111 -0.033865 -0.025096
vn -0.999655 -0.004498 -0.025863
vn -0.998597 0.023026 0.047692
vn -0.991740 -0.083598 -0.097277
vn -0.932432 -0.193199 -0.305361
vn -0.949166 -0.136237 -0.283768
vn -0.994809 -0.045631 -0.090954
vn -0.666394 -0.362896 -0.651326
vn -0.297505 -0.429959 -0.852424
vn -0.366673 -0.366927 -0.854936
vn -0.704879 -0.284736 -0.649670
vn -0.104889 -0.401157 -0.909985
vn 0.014761 -0.351414 -0.936104
vn -0.030155 -0.328687 -0.943958
vn -0.174456 -0.359227 -0.916799
vn 0.120713 -0.313328 -0.941942
vn 0.149481 -0.321475 -0.935045
vn -0.038617 -0.281716 0.958721
vn -0.079510 -0.406887 0.910011
vn -0.205003 -0.728942 0.653160
vn -0.066906 -0.425271 0.902590
vn 0.169405 -0.471396 0.865498
vn -0.118531 -0.311467 0.942836
vn -0.086492 -0.376918 0.922200
vn 0.035449 -0.321532 0.946235
vn -0.176922 -0.309728 0.934220
vn -0.104067 -0.260406 0.959874
vn -0.161195 -0.308999 0.937303
vn -0.230724 -0.262288 0.937001
vn 0.019511 -0.436990 -0.899255
vn 0.011864 -0.263545 -0.964574
vn -0.007651 -0.173319 -0.984836
vn -0.024689 -0.258445 -0.965710
vn -0.059887 -0.171445 -0.983372
vn 0.083739 -0.427808 -0.899982
vn -0.074856 -0.238236 -0.968318
vn -0.107966 -0.155758 -0.981877
vn -0.153926 -0.222242 -0.962765
vn -0.184808 -0.139454 -0.972830
vn 0.002067 -0.369753 -0.929128
vn -0.088989 -0.333842 -0.938419
vn -0.341608 -0.936783 0.075777
vn -0.074702 -0.742370 -0.665813
vn 0.404007 -0.591249 -0.698000
vn 0.775994 -0.550908 -0.307138
vn -0.583433 -0.812039 -0.014056
vn -0.520003 -0.853986 0.017469
vn 0.918515 -0.378541 -0.114183
vn 0.969873 -0.242722 -0.020808
vn -0.490089 -0.871427 -0.020691
vn -0.566582 -0.823877 -0.014577
vn 0.958834 -0.283729 0.011617
vn 0.935201 -0.347555 0.067854
vn -0.360398 -0.927671 0.097672
vn 0.858889 -0.422499 0.289488
vn -0.899769 -0.247737 -0.359224
vn -0.954796 -0.017728 -0.296732
vn -0.829889 -0.065555 -0.554065
vn -0.689772 -0.265512 -0.673586
vn -0.565343 -0.158911 -0.809404
vn -0.408276 -0.286339 -0.866787
vn -0.880208 0.082352 -0.467389
vn -0.620021 -0.066824 -0.781734
vn -0.954697 0.169613 -0.244509
vn -0.970195 -0.242108 -0.010274
vn -0.999877 -0.000657 0.015647
vn -0.991452 -0.001261 -0.130463
vn -0.956390 -0.241665 -0.164065
vn -0.977586 0.186812 -0.097089
vn -0.982095 0.184598 0.037591
vn -0.880110 -0.236101 0.411902
vn -0.910885 -0.067201 0.407152
vn -0.983144 -0.020555 0.181674
vn -0.953619 -0.242687 0.178083
vn -0.972718 0.151704 0.175514
vn -0.913327 0.073825 0.400480
vn -0.463629 -0.207213 0.861459
vn -0.516502 -0.207827 0.830683
vn -0.715281 -0.143581 0.683928
vn -0.678139 -0.212382 0.703578
vn -0.733671 -0.048665 0.677760
vn -0.550750 -0.136795 0.823384
vn -0.385960 -0.197843 0.901051
vn -0.343398 -0.256655 0.903441
vn -0.270321 -0.231828 0.934442
vn -0.213304 -0.308063 -0.927146
vn -0.291208 -0.211897 -0.932898
vn -0.345019 -0.129585 -0.929607
vn -0.341948 -0.314895 -0.885389
vn -0.639844 -0.323205 -0.697236
vn -0.881497 -0.318433 -0.348660
vn -0.640352 -0.344364 -0.686558
vn -0.885792 -0.340685 -0.315128
vn -0.324295 -0.322873 -0.889149
vn -0.937779 -0.315631 -0.144737
vn -0.946161 -0.323504 0.011152
vn -0.933863 -0.338836 -0.114413
vn -0.936419 -0.348724 0.038869
vn -0.931735 -0.314074 0.182286
vn -0.879521 -0.269389 0.392266
vn -0.921659 -0.341440 0.184291
vn -0.882483 -0.299747 0.362457
vn -0.695493 -0.171817 0.697688
vn -0.424890 -0.113546 0.898096
vn -0.709479 -0.191907 0.678094
vn -0.396605 -0.107735 0.911646
vn -0.211846 -0.119424 0.969979
vn -0.072243 -0.135754 0.988105
vn -0.175695 -0.104268 0.978907
vn -0.058528 -0.122836 0.990700
vn 0.571134 -0.057550 0.818837
vn 0.604101 -0.101328 0.790440
vn 0.110739 -0.134833 0.984661
vn 0.109772 -0.110668 0.987777
vn 0.958991 -0.033379 0.281463
vn 0.995507 -0.011394 0.093997
vn 0.945921 0.000554 0.324398
vn 0.992600 0.017783 0.120118
vn 0.999499 -0.008813 0.030408
vn 0.999111 -0.033865 -0.025096
vn 0.998597 0.023026 0.047692
vn 0.999655 -0.004498 -0.025863
vn 0.991740 -0.083598 -0.097277
vn 0.932432 -0.193199 -0.305361
vn 0.994809 -0.045631 -0.090954
vn 0.949166 -0.136237 -0.283768
vn 0.666394 -0.362896 -0.651326
vn 0.297505 -0.429959 -0.852424
vn 0.704879 -0.284736 -0.649670
vn 0.366673 -0.366927 -0.854936
vn 0.104888 -0.401157 -0.909985
vn -0.014761 -0.351414 -0.936104
vn 0.174456 -0.359227 -0.916799
vn 0.030155 -0.328687 -0.943958
vn -0.149481 -0.321475 -0.935045
vn -0.120713 -0.313328 -0.941942
s 1
g KALBO SORT
usemtl aiStandardSurface3SG
f 576/634/576 577/635/577 578/636/578 579/637/579
f 577/635/577 580/638/580 581/639/581 578/636/578
f 578/636/578 581/639/581 582/640/582 583/641/583
f 579/637/579 578/636/578 583/641/583 584/642/584
f 582/640/582 585/643/585 586/644/586 583/641/583
f 585/643/585 587/645/587 588/646/588 586/644/586
f 586/644/586 588/646/588 589/647/589 590/648/590
f 583/641/583 586/644/586 590/648/590 584/642/584
f 591/649/591 592/650/592 593/651/593 594/652/594
f 592/650/592 595/653/595 596/654/596 593/651/593
f 593/651/593 596/654/596 597/655/597 598/656/598
f 594/652/594 593/651/593 598/656/598 599/657/599
f 597/655/597 600/658/600 601/659/601 598/656/598
f 600/658/600 602/660/602 603/661/603 601/659/601
f 601/659/601 603/661/603 604/662/604 605/663/605
f 598/656/598 601/659/601 605/663/605 599/657/599
f 606/664/606 607/665/607 608/666/608 609/667/609
f 607/665/607 591/649/591 594/652/594 608/666/608
f 608/666/608 594/652/594 599/657/599 610/668/610
f 609/667/609 608/666/608 610/668/610 611/669/611
f 612/670/612 613/671/613 614/672/614 615/673/615
f 613/671/613 606/664/606 609/667/609 614/672/614
f 614/672/614 609/667/609 611/669/611 616/674/616
f 615/673/615 614/672/614 616/674/616 617/675/617
f 618/676/618 619/677/619 620/678/620 621/679/621
f 619/677/619 612/670/612 615/673/615 620/678/620
f 620/678/620 615/673/615 617/675/617 622/680/622
f 621/679/621 620/678/620 622/680/622 623/681/623
f 580/638/580 624/682/624 625/683/625 581/639/581
f 624/682/624 618/684/618 621/685/621 625/683/625
f 625/683/625 621/685/621 623/686/623 626/687/626
f 581/639/581 625/683/625 626/687/626 582/640/582
f 627/688/627 628/689/628 629/690/629 630/691/630
f 628/689/628 631/692/631 632/693/632 629/690/629
f 629/690/629 632/693/632 633/694/633 634/695/634
f 630/691/630 629/690/629 634/695/634 635/696/635
f 636/697/636 637/698/637 638/699/638 639/700/639
f 637/698/637 627/688/627 630/691/630 638/699/638
f 638/699/638 630/691/630 635/696/635 640/701/640
f 639/700/639 638/699/638 640/701/640 641/702/641
f 642/703/642 643/704/643 644/705/644 645/706/645
f 643/707/643 636/697/636 639/700/639 644/708/644
f 644/708/644 639/700/639 641/702/641 646/709/646
f 645/706/645 644/705/644 646/710/646 647/711/647
f 648/712/648 649/713/649 650/714/650 651/715/651
f 649/713/649 642/703/642 645/706/645 650/714/650
f 650/714/650 645/706/645 647/711/647 652/716/652
f 651/715/651 650/714/650 652/716/652 653/717/653
f 589/647/589 588/646/588 654/718/654 655/719/655
f 588/646/588 587/645/587 656/720/656 654/718/654
f 654/718/654 656/720/656 648/712/648 651/715/651
f 655/719/655 654/718/654 651/715/651 653/717/653
f 604/662/604 603/661/603 657/721/657 658/722/658
f 603/661/603 602/660/602 659/723/659 657/721/657
f 657/721/657 659/723/659 633/694/633 632/693/632
f 658/722/658 657/721/657 632/693/632 631/692/631
f 631/692/631 628/689/628 660/724/660 661/725/661
f 628/689/628 627/688/627 662/726/662 660/724/660
f 660/724/660 662/726/662 663/727/663 664/728/664
f 661/725/661 660/724/660 664/728/664 665/729/665
f 627/688/627 637/698/637 666/730/666 662/726/662
f 637/698/637 636/697/636 667/731/667 666/730/666
f 666/730/666 667/731/667 668/732/668 669/733/669
f 662/726/662 666/730/666 669/733/669 663/727/663
f 636/697/636 643/707/643 670/734/670 667/731/667
f 643/704/643 642/703/642 671/735/671 670/736/670
f 670/736/670 671/735/671 672/737/672 673/738/673
f 667/731/667 670/734/670 673/739/673 668/732/668
f 642/703/642 649/713/649 674/740/674 671/735/671
f 649/713/649 648/712/648 675/741/675 674/740/674
f 674/740/674 675/741/675 676/742/676 677/743/677
f 671/735/671 674/740/674 677/743/677 672/737/672
f 648/712/648 656/720/656 678/744/678 675/741/675
f 656/720/656 587/645/587 679/745/679 678/744/678
f 678/744/678 679/745/679 680/746/680 681/747/681
f 675/741/675 678/744/678 681/747/681 676/742/676
f 682/748/682 683/749/683 684/750/684 685/751/685
f 683/749/683 680/746/680 679/745/679 684/750/684
f 684/750/684 679/745/679 587/645/587 585/643/585
f 685/751/685 684/750/684 585/643/585 582/640/582
f 582/640/582 626/687/626 686/752/686 685/751/685
f 626/687/626 623/686/623 687/753/687 686/752/686
f 686/752/686 687/753/687 688/754/688 689/755/689
f 685/751/685 686/752/686 689/755/689 682/748/682
f 623/681/623 622/680/622 690/756/690 687/757/687
f 622/680/622 617/675/617 691/758/691 690/756/690
f 690/756/690 691/758/691 692/759/692 693/760/693
f 687/757/687 690/756/690 693/760/693 688/761/688
f 617/675/617 616/674/616 694/762/694 691/758/691
f 616/674/616 611/669/611 695/763/695 694/762/694
f 694/762/694 695/763/695 696/764/696 697/765/697
f 691/758/691 694/762/694 697/765/697 692/759/692
f 611/669/611 610/668/610 698/766/698 695/763/695
f 610/668/610 599/657/599 699/767/699 698/766/698
f 698/766/698 699/767/699 700/768/700 701/769/701
f 695/763/695 698/766/698 701/769/701 696/764/696
f 599/657/599 605/663/605 702/770/702 699/767/699
f 605/663/605 604/662/604 703/771/703 702/770/702
f 702/770/702 703/771/703 704/772/704 705/773/705
f 699/767/699 702/770/702 705/773/705 700/768/700
f 665/729/665 706/774/706 707/775/707 661/725/661
f 706/774/706 704/772/704 703/771/703 707/775/707
f 707/775/707 703/771/703 604/662/604 658/722/658
f 661/725/661 707/775/707 658/722/658 631/692/631
f 576/634/576 708/776/708 709/777/709 577/635/577
f 577/635/577 709/777/709 710/778/710 580/638/580
f 709/777/709 711/779/711 712/780/712 710/778/710
f 708/776/708 713/781/713 711/779/711 709/777/709
f 712/780/712 711/779/711 714/782/714 715/783/715
f 715/783/715 714/782/714 716/784/716 717/785/717
f 714/782/714 718/786/718 719/787/719 716/784/716
f 711/779/711 713/781/713 718/786/718 714/782/714
f 591/649/591 720/788/720 721/789/721 592/650/592
f 592/650/592 721/789/721 722/790/722 595/653/595
f 721/789/721 723/791/723 724/792/724 722/790/722
f 720/788/720 725/793/725 723/791/723 721/789/721
f 724/792/724 723/791/723 726/794/726 727/795/727
f 727/795/727 726/794/726 728/796/728 729/797/729
f 726/794/726 730/798/730 731/799/731 728/796/728
f 723/791/723 725/793/725 730/798/730 726/794/726
f 606/664/606 732/800/732 733/801/733 607/665/607
f 607/665/607 733/801/733 720/788/720 591/649/591
f 733/801/733 734/802/734 725/793/725 720/788/720
f 732/800/732 735/803/735 734/802/734 733/801/733
f 612/670/612 736/804/736 737/805/737 613/671/613
f 613/671/613 737/805/737 732/800/732 606/664/606
f 737/805/737 738/806/738 735/803/735 732/800/732
f 736/804/736 739/807/739 738/806/738 737/805/737
f 618/676/618 740/808/740 741/809/741 619/677/619
f 619/677/619 741/809/741 736/804/736 612/670/612
f 741/809/741 742/810/742 739/807/739 736/804/736
f 740/808/740 743/811/743 742/810/742 741/809/741
f 580/638/580 710/778/710 744/812/744 624/682/624
f 624/682/624 744/812/744 740/813/740 618/684/618
f 744/812/744 745/814/745 743/815/743 740/813/740
f 710/778/710 712/780/712 745/814/745 744/812/744
f 746/816/746 747/817/747 748/818/748 749/819/749
f 749/819/749 748/818/748 750/820/750 751/821/751
f 748/818/748 752/822/752 753/823/753 750/820/750
f 747/817/747 754/824/754 752/822/752 748/818/748
f 755/825/755 756/826/756 757/827/757 758/828/758
f 758/828/758 757/827/757 747/817/747 746/816/746
f 757/827/757 759/829/759 754/824/754 747/817/747
f 756/826/756 760/830/760 759/829/759 757/827/757
f 761/831/761 762/832/762 763/833/763 764/834/764
f 764/835/764 763/836/763 756/826/756 755/825/755
f 763/836/763 765/837/765 760/830/760 756/826/756
f 762/832/762 766/838/766 765/839/765 763/833/763
f 767/840/767 768/841/768 769/842/769 770/843/770
f 770/843/770 769/842/769 762/832/762 761/831/761
f 769/842/769 771/844/771 766/838/766 762/832/762
f 768/841/768 772/845/772 771/844/771 769/842/769
f 719/787/719 773/846/773 774/847/774 716/784/716
f 716/784/716 774/847/774 775/848/775 717/785/717
f 774/847/774 768/841/768 767/840/767 775/848/775
f 773/846/773 772/845/772 768/841/768 774/847/774
f 731/799/731 776/849/776 777/850/777 728/796/728
f 728/796/728 777/850/777 778/851/778 729/797/729
f 777/850/777 750/820/750 753/823/753 778/851/778
f 776/849/776 751/821/751 750/820/750 777/850/777
f 751/821/751 779/852/779 780/853/780 749/819/749
f 749/819/749 780/853/780 781/854/781 746/816/746
f 780/853/780 782/855/782 783/856/783 781/854/781
f 779/852/779 784/857/784 782/855/782 780/853/780
f 746/816/746 781/854/781 785/858/785 758/828/758
f 758/828/758 785/858/785 786/859/786 755/825/755
f 785/858/785 787/860/787 788/861/788 786/859/786
f 781/854/781 783/856/783 787/860/787 785/858/785
f 755/825/755 786/859/786 789/862/789 764/835/764
f 764/834/764 789/863/789 790/864/790 761/831/761
f 789/863/789 791/865/791 792/866/792 790/864/790
f 786/859/786 788/861/788 791/867/791 789/862/789
f 761/831/761 790/864/790 793/868/793 770/843/770
f 770/843/770 793/868/793 794/869/794 767/840/767
f 793/868/793 795/870/795 796/871/796 794/869/794
f 790/864/790 792/866/792 795/870/795 793/868/793
f 767/840/767 794/869/794 797/872/797 775/848/775
f 775/848/775 797/872/797 798/873/798 717/785/717
f 797/872/797 799/874/799 800/875/800 798/873/798
f 794/869/794 796/871/796 799/874/799 797/872/797
f 801/876/801 802/877/802 803/878/803 804/879/804
f 804/879/804 803/878/803 798/873/798 800/875/800
f 803/878/803 715/783/715 717/785/717 798/873/798
f 802/877/802 712/780/712 715/783/715 803/878/803
f 712/780/712 802/877/802 805/880/805 745/814/745
f 745/814/745 805/880/805 806/881/806 743/815/743
f 805/880/805 807/882/807 808/883/808 806/881/806
f 802/877/802 801/876/801 807/882/807 805/880/805
f 743/811/743 806/884/806 809/885/809 742/810/742
f 742/810/742 809/885/809 810/886/810 739/807/739
f 809/885/809 811/887/811 812/888/812 810/886/810
f 806/884/806 808/889/808 811/887/811 809/885/809
f 739/807/739 810/886/810 813/890/813 738/806/738
f 738/806/738 813/890/813 814/891/814 735/803/735
f 813/890/813 815/892/815 816/893/816 814/891/814
f 810/886/810 812/888/812 815/892/815 813/890/813
f 735/803/735 814/891/814 817/894/817 734/802/734
f 734/802/734 817/894/817 818/895/818 725/793/725
f 817/894/817 819/896/819 820/897/820 818/895/818
f 814/891/814 816/893/816 819/896/819 817/894/817
f 725/793/725 818/895/818 821/898/821 730/798/730
f 730/798/730 821/898/821 822/899/822 731/799/731
f 821/898/821 823/900/823 824/901/824 822/899/822
f 818/895/818 820/897/820 823/900/823 821/898/821
f 784/857/784 779/852/779 825/902/825 826/903/826
f 826/903/826 825/902/825 822/899/822 824/901/824
f 825/902/825 776/849/776 731/799/731 822/899/822
f 779/852/779 751/821/751 776/849/776 825/902/825
g default
v 0.131801 0.056553 -0.161800
v 0.180151 0.042573 -0.178109
v 0.174416 0.012142 -0.148154
v 0.106714 0.029788 -0.138627
v 0.282723 0.039111 -0.189436
v 0.287760 0.008114 -0.156239
v 0.292210 0.009844 -0.111907
v 0.166525 0.013943 -0.107534
v 0.088371 0.031736 -0.103301
v 0.161998 0.015237 -0.061264
v 0.078383 0.033409 -0.058564
v 0.294503 0.011464 -0.063050
v 0.295121 0.012415 -0.014170
v 0.159872 0.015807 -0.013927
v 0.074090 0.034744 -0.011358
v 0.159176 0.015958 0.029671
v 0.072768 0.035859 0.031158
v 0.294468 0.012536 0.030473
v 0.290069 0.012623 0.074499
v 0.157997 0.016444 0.073108
v 0.074638 0.037304 0.073705
v 0.154849 0.017188 0.120269
v 0.080521 0.037853 0.121784
v 0.279761 0.013378 0.120634
v 0.270486 0.015495 0.173222
v 0.154498 0.019073 0.174241
v 0.089997 0.039048 0.175790
v 0.182104 0.233931 -0.180435
v 0.280603 0.226407 -0.192377
v 0.278018 0.149983 -0.207674
v 0.174574 0.153481 -0.195710
v 0.120930 0.238312 -0.155052
v 0.111225 0.156804 -0.169952
v 0.478137 0.220413 -0.132938
v 0.504236 0.222085 -0.088275
v 0.508748 0.151754 -0.111551
v 0.481310 0.148791 -0.147782
v 0.432537 0.220214 -0.164349
v 0.434292 0.146631 -0.173806
v 0.081907 0.241461 -0.126385
v 0.070704 0.159427 -0.141216
v 0.059052 0.244743 -0.086011
v 0.046811 0.162435 -0.103521
v 0.516557 0.224284 -0.026438
v 0.518008 0.227235 0.040750
v 0.526111 0.157411 0.002113
v 0.523065 0.154532 -0.057460
v 0.046262 0.248186 -0.025036
v 0.033338 0.166502 -0.050482
v 0.041147 0.251831 0.040703
v 0.027669 0.171058 0.005190
v 0.511442 0.230848 0.101923
v 0.498138 0.234959 0.157975
v 0.506462 0.163015 0.104223
v 0.519737 0.160220 0.055278
v 0.041114 0.255084 0.095980
v 0.027183 0.175094 0.051253
v 0.047831 0.258530 0.149852
v 0.033957 0.178991 0.097181
v 0.479425 0.239576 0.209367
v 0.440458 0.245390 0.248707
v 0.452979 0.166616 0.191148
v 0.488817 0.166299 0.150959
v 0.085041 0.183485 0.201770
v 0.161722 0.199057 0.226283
v 0.167311 0.264364 0.275942
v 0.099035 0.266958 0.259079
v 0.275868 0.195537 0.227832
v 0.276648 0.259473 0.275943
v 0.063173 0.263479 0.210709
v 0.050085 0.183819 0.151775
v 0.361268 0.147839 -0.197156
v 0.361677 0.223248 -0.186398
v 0.375720 0.004478 -0.152082
v 0.390398 0.005875 -0.113175
v 0.362769 0.036905 -0.179788
v 0.414443 0.047267 -0.165003
v 0.443443 0.017344 -0.144915
v 0.465443 0.018847 -0.112887
v 0.399605 0.007651 -0.064648
v 0.402693 0.008827 -0.013173
v 0.479549 0.020722 -0.064741
v 0.484337 0.022387 -0.011001
v 0.400001 0.009741 0.032330
v 0.392052 0.010139 0.075893
v 0.478955 0.024282 0.036110
v 0.468469 0.025500 0.079447
v 0.380456 0.010905 0.119442
v 0.368132 0.012415 0.168178
v 0.456644 0.026741 0.120950
v 0.443347 0.027307 0.165938
v 0.366347 0.252775 0.268867
v 0.368585 0.189333 0.220134
v 0.399456 0.107048 0.249134
v 0.351293 0.113353 0.262778
v 0.348623 0.075422 0.281235
v 0.411750 0.075698 0.257737
v 0.273592 0.116365 0.272214
v 0.273036 0.078396 0.292055
v 0.271969 0.031115 0.284811
v 0.350983 0.027338 0.273193
v 0.400018 0.034450 0.252399
v 0.483793 0.095527 0.127012
v 0.498147 0.093653 0.084533
v 0.467272 0.094170 0.170960
v 0.510310 0.091480 0.039091
v 0.516663 0.089321 -0.010037
v 0.512111 0.086768 -0.065790
v 0.496949 0.084452 -0.115719
v 0.471222 0.081996 -0.147321
v 0.427532 0.080725 -0.170363
v 0.279112 0.084500 -0.206663
v 0.358678 0.083175 -0.194732
v 0.178606 0.087008 -0.194153
v 0.117525 0.089991 -0.168442
v 0.078685 0.092489 -0.140430
v 0.055978 0.094843 -0.105129
v 0.043410 0.097769 -0.057669
v 0.038042 0.100879 -0.007778
v 0.036907 0.103758 0.034800
v 0.041645 0.106481 0.077619
v 0.053894 0.109508 0.128250
v 0.069530 0.109833 0.181509
v 0.173331 0.081610 0.291844
v 0.170761 0.033086 0.285793
v 0.171606 0.120639 0.270390
v 0.127481 0.117951 0.262181
v 0.115040 0.086653 0.275431
v 0.126341 0.043909 0.269345
v 0.359637 0.146914 0.230825
v 0.424619 0.128427 0.221494
v 0.274858 0.151378 0.239267
v 0.357834 0.015090 0.227426
v 0.269502 0.018576 0.236572
v 0.425894 0.026724 0.218796
v 0.447384 0.084786 0.218111
v 0.167347 0.155113 0.237455
v 0.106719 0.141977 0.234149
v 0.085323 0.098327 0.235375
v 0.103744 0.037736 0.236182
v 0.162173 0.021131 0.237938
vt 0.717043 0.071290
vt 0.734833 0.066146
vt 0.732723 0.054949
vt 0.707812 0.061441
vt 0.772575 0.064872
vt 0.774429 0.053467
vt 0.776066 0.054103
vt 0.729820 0.055611
vt 0.701063 0.062158
vt 0.728154 0.056087
vt 0.697388 0.062774
vt 0.776910 0.054699
vt 0.777137 0.055049
vt 0.727372 0.056297
vt 0.695808 0.063265
vt 0.727116 0.056352
vt 0.695322 0.063675
vt 0.776897 0.055093
vt 0.775278 0.055126
vt 0.726682 0.056532
vt 0.696010 0.064207
vt 0.725524 0.056805
vt 0.698175 0.064409
vt 0.771485 0.055403
vt 0.768073 0.056182
vt 0.725394 0.057499
vt 0.701661 0.064849
vt 0.557018 0.221630
vt 0.581308 0.219775
vt 0.580671 0.200928
vt 0.555161 0.201791
vt 0.541933 0.222710
vt 0.539539 0.202610
vt 0.630020 0.218296
vt 0.636456 0.218709
vt 0.637569 0.201365
vt 0.630803 0.200634
vt 0.618775 0.218247
vt 0.619208 0.200102
vt 0.532310 0.223487
vt 0.529547 0.203257
vt 0.526674 0.224296
vt 0.523655 0.203999
vt 0.639495 0.219251
vt 0.639852 0.219979
vt 0.641851 0.202760
vt 0.641099 0.202050
vt 0.523519 0.225145
vt 0.520333 0.205002
vt 0.522258 0.226044
vt 0.518934 0.206125
vt 0.638233 0.220870
vt 0.634952 0.221883
vt 0.637005 0.204142
vt 0.640279 0.203453
vt 0.522250 0.226846
vt 0.518815 0.207121
vt 0.523906 0.227696
vt 0.520485 0.208082
vt 0.630338 0.223022
vt 0.620728 0.224456
vt 0.623816 0.205030
vt 0.632654 0.204952
vt 0.341697 0.209695
vt 0.356688 0.212739
vt 0.357781 0.225506
vt 0.344433 0.226013
vt 0.379004 0.212051
vt 0.379156 0.224550
vt 0.527690 0.228916
vt 0.524462 0.209272
vt 0.536533 0.229774
vt 0.533082 0.209190
vt 0.601200 0.200399
vt 0.601301 0.218995
vt 0.806794 0.052128
vt 0.812195 0.052642
vt 0.802028 0.064060
vt 0.821042 0.067873
vt 0.831712 0.056863
vt 0.839808 0.057416
vt 0.815582 0.053296
vt 0.816719 0.053729
vt 0.844998 0.058105
vt 0.846760 0.058718
vt 0.815728 0.054065
vt 0.812803 0.054212
vt 0.844779 0.059415
vt 0.840921 0.059864
vt 0.808536 0.054493
vt 0.804002 0.055049
vt 0.836570 0.060320
vt 0.831677 0.060528
vt 0.396692 0.223241
vt 0.397130 0.210838
vt 0.411181 0.221797
vt 0.413629 0.206397
vt 0.403165 0.194751
vt 0.393749 0.195984
vt 0.393227 0.188568
vt 0.405568 0.188623
vt 0.378559 0.196573
vt 0.378450 0.189150
vt 0.796823 0.078232
vt 0.769011 0.079327
vt 0.768618 0.061930
vt 0.797692 0.060540
vt 0.820051 0.078334
vt 0.815734 0.063157
vt 0.631415 0.187499
vt 0.634955 0.187037
vt 0.627341 0.187165
vt 0.846559 0.085630
vt 0.840480 0.085131
vt 0.851841 0.084941
vt 0.637954 0.186501
vt 0.639521 0.185969
vt 0.856317 0.084141
vt 0.858654 0.083347
vt 0.638398 0.185339
vt 0.634659 0.184768
vt 0.856979 0.082407
vt 0.851400 0.081555
vt 0.628315 0.184163
vt 0.617541 0.183849
vt 0.841934 0.080652
vt 0.825858 0.080184
vt 0.771247 0.081573
vt 0.800523 0.081085
vt 0.580940 0.184780
vt 0.600562 0.184453
vt 0.556156 0.185399
vt 0.541093 0.186134
vt 0.734265 0.082496
vt 0.711790 0.083593
vt 0.531515 0.186750
vt 0.525916 0.187331
vt 0.697499 0.084512
vt 0.689144 0.085379
vt 0.522816 0.188052
vt 0.521493 0.188819
vt 0.684519 0.086455
vt 0.682544 0.087599
vt 0.521213 0.189529
vt 0.522381 0.190201
vt 0.682127 0.088659
vt 0.683870 0.089661
vt 0.525402 0.190947
vt 0.529258 0.191027
vt 0.688377 0.090775
vt 0.694131 0.090894
vt 0.732324 0.080509
vt 0.731379 0.062655
vt 0.358621 0.197408
vt 0.358958 0.189778
vt 0.349994 0.196883
vt 0.347562 0.190764
vt 0.710876 0.082365
vt 0.715034 0.066637
vt 0.395381 0.202545
vt 0.408085 0.198931
vt 0.378806 0.203418
vt 0.800213 0.056033
vt 0.767711 0.057316
vt 0.825255 0.060314
vt 0.833163 0.081678
vt 0.616823 0.195612
vt 0.622437 0.184851
vt 0.610618 0.190340
vt 0.613649 0.182610
vt 0.357788 0.204148
vt 0.345935 0.201580
vt 0.533152 0.188190
vt 0.538428 0.198954
vt 0.706720 0.064366
vt 0.699942 0.086660
vt 0.540480 0.185311
vt 0.543548 0.193029
vt 0.728219 0.058256
vn -0.408252 -0.400887 -0.820135
vn -0.181146 -0.523077 -0.832812
vn -0.140512 -0.924568 -0.354162
vn -0.509911 -0.725736 -0.461843
vn -0.022435 -0.525325 -0.850606
vn -0.035617 -0.931415 -0.362212
vn -0.034591 -0.998672 0.038185
vn -0.104906 -0.994377 0.014484
vn -0.594993 -0.782104 -0.185193
vn -0.101773 -0.994710 0.013931
vn -0.589453 -0.804890 -0.068541
vn -0.031787 -0.999152 0.026150
vn -0.028928 -0.999501 0.012683
vn -0.101415 -0.994809 0.008347
vn -0.582702 -0.812536 -0.015604
vn -0.104316 -0.994507 0.008641
vn -0.590292 -0.806579 0.031403
vn -0.026866 -0.999627 0.004831
vn -0.026779 -0.999613 0.007480
vn -0.112060 -0.993606 0.013773
vn -0.626067 -0.774813 0.087777
vn -0.124151 -0.991853 0.028540
vn -0.666614 -0.733378 0.133354
vn -0.028339 -0.999351 0.022224
vn -0.029236 -0.998843 0.038184
vn -0.128018 -0.990778 0.044381
vn -0.696923 -0.700256 0.154725
vn -0.212691 0.203044 -0.955791
vn -0.015115 0.184621 -0.982694
vn -0.012368 0.088245 -0.996022
vn -0.223159 0.095452 -0.970098
vn -0.451524 0.213192 -0.866415
vn -0.465058 0.091466 -0.880542
vn 0.682250 0.179061 -0.708853
vn 0.920249 0.176391 -0.349324
vn 0.909962 0.036533 -0.413079
vn 0.657788 0.048762 -0.751623
vn 0.394812 0.143353 -0.907509
vn 0.391897 0.041017 -0.919094
vn -0.712666 0.222543 -0.665269
vn -0.719212 0.084109 -0.689681
vn -0.914601 0.213951 -0.343119
vn -0.923285 0.072048 -0.377298
vn 0.984578 0.138622 -0.106725
vn 0.995483 0.075699 0.057297
vn 0.999590 -0.017097 0.022981
vn 0.987889 0.013030 -0.154617
vn -0.967758 0.200661 -0.152247
vn -0.982976 0.062464 -0.172788
vn -0.981481 0.184641 -0.051024
vn -0.996525 0.053297 -0.064005
vn 0.977895 -0.028572 0.207136
vn 0.935795 -0.134340 0.325945
vn 0.945694 -0.139050 0.293818
vn 0.981186 -0.075332 0.177759
vn -0.989338 0.121971 0.079587
vn -0.998527 0.019160 0.050773
vn -0.973230 0.008031 0.229694
vn -0.979521 -0.042615 0.196779
vn 0.730683 -0.348290 0.587194
vn 0.266841 -0.556415 0.786891
vn 0.581741 -0.256034 0.772026
vn 0.864148 -0.200423 0.461604
vn -0.672498 -0.186509 0.716213
vn -0.118553 -0.329565 0.936660
vn -0.087483 -0.587005 0.804843
vn -0.371782 -0.502877 0.780316
vn 0.012037 -0.337792 0.941144
vn -0.006949 -0.603533 0.797308
vn -0.838853 -0.215366 0.499943
vn -0.922332 -0.101914 0.372717
vn 0.210603 0.059877 -0.975736
vn 0.197663 0.150434 -0.968658
vn 0.085244 -0.913742 -0.397251
vn 0.052287 -0.998555 0.012441
vn 0.153669 -0.478588 -0.864488
vn 0.326455 -0.337305 -0.882979
vn 0.448703 -0.704190 -0.550256
vn 0.580758 -0.777808 -0.240283
vn 0.055984 -0.998251 0.018970
vn 0.059729 -0.997968 0.022208
vn 0.599624 -0.795922 -0.083423
vn 0.606714 -0.794321 0.030850
vn 0.066268 -0.997436 0.027026
vn 0.071033 -0.996908 0.033595
vn 0.603568 -0.786355 0.131723
vn 0.600687 -0.777726 0.185251
vn 0.069607 -0.996611 0.043838
vn 0.061618 -0.996845 0.050025
vn 0.605694 -0.768456 0.206422
vn 0.605379 -0.768821 0.205986
vn 0.070364 -0.597062 0.799103
vn 0.141198 -0.343253 0.928569
vn 0.395762 0.475607 0.785602
vn 0.188099 0.555377 0.810047
vn 0.224691 0.104524 0.968808
vn 0.566992 0.016427 0.823559
vn 0.059243 0.582505 0.810665
vn 0.063061 0.145604 0.987331
vn 0.026926 -0.671481 0.740533
vn 0.168679 -0.673274 0.719895
vn 0.472896 -0.551567 0.687127
vn 0.894422 -0.263219 0.361560
vn 0.912688 -0.296113 0.281634
vn 0.880914 -0.175705 0.439452
vn 0.936072 -0.298814 0.185684
vn 0.955551 -0.293789 0.024687
vn 0.943776 -0.290523 -0.157741
vn 0.874220 -0.269147 -0.404103
vn 0.637626 -0.202892 -0.743148
vn 0.379816 -0.142494 -0.914022
vn -0.011244 -0.158859 -0.987237
vn 0.211326 -0.146267 -0.966410
vn -0.217026 -0.157152 -0.963433
vn -0.468167 -0.154479 -0.870032
vn -0.723369 -0.216967 -0.655486
vn -0.897235 -0.275074 -0.345403
vn -0.942592 -0.298018 -0.150682
vn -0.950404 -0.307277 -0.048087
vn -0.949955 -0.308207 0.050930
vn -0.941856 -0.289326 0.170873
vn -0.932054 -0.234685 0.276042
vn -0.927408 -0.134355 0.349090
vn -0.085302 0.148112 0.985285
vn -0.108906 -0.667540 0.736566
vn -0.050380 0.592087 0.804298
vn -0.332146 0.540598 0.772938
vn -0.566423 0.060972 0.821856
vn -0.511150 -0.524457 0.680934
vn 0.200697 0.440289 0.875138
vn 0.538219 0.314777 0.781816
vn 0.051038 0.478718 0.876484
vn 0.060810 -0.988210 0.140508
vn -0.022999 -0.990772 0.133571
vn 0.571607 -0.759208 0.311237
vn 0.843960 -0.084216 0.529754
vn -0.085158 0.477008 0.874764
vn -0.556269 0.378881 0.739604
vn -0.897722 -0.045037 0.438255
vn -0.673093 -0.690797 0.264092
vn -0.112284 -0.984536 0.134470
s 1
g KALBO LSHEOS
usemtl aiStandardSurface3SG
f 827/904/827 828/905/828 829/906/829 830/907/830
f 828/905/828 831/908/831 832/909/832 829/906/829
f 829/906/829 832/909/832 833/910/833 834/911/834
f 830/907/830 829/906/829 834/911/834 835/912/835
f 835/912/835 834/911/834 836/913/836 837/914/837
f 834/911/834 833/910/833 838/915/838 836/913/836
f 836/913/836 838/915/838 839/916/839 840/917/840
f 837/914/837 836/913/836 840/917/840 841/918/841
f 841/918/841 840/917/840 842/919/842 843/920/843
f 840/917/840 839/916/839 844/921/844 842/919/842
f 842/919/842 844/921/844 845/922/845 846/923/846
f 843/920/843 842/919/842 846/923/846 847/924/847
f 847/924/847 846/923/846 848/925/848 849/926/849
f 846/923/846 845/922/845 850/927/850 848/925/848
f 848/925/848 850/927/850 851/928/851 852/929/852
f 849/926/849 848/925/848 852/929/852 853/930/853
f 854/931/854 855/932/855 856/933/856 857/934/857
f 858/935/858 854/931/854 857/934/857 859/936/859
f 860/937/860 861/938/861 862/939/862 863/940/863
f 864/941/864 860/937/860 863/940/863 865/942/865
f 866/943/866 858/935/858 859/936/859 867/944/867
f 868/945/868 866/943/866 867/944/867 869/946/869
f 870/947/870 871/948/871 872/949/872 873/950/873
f 861/938/861 870/947/870 873/950/873 862/939/862
f 874/951/874 868/945/868 869/946/869 875/952/875
f 876/953/876 874/951/874 875/952/875 877/954/877
f 878/955/878 879/956/879 880/957/880 881/958/881
f 871/948/871 878/955/878 881/958/881 872/949/872
f 882/959/882 876/953/876 877/954/877 883/960/883
f 884/961/884 882/959/882 883/960/883 885/962/885
f 886/963/886 887/964/887 888/965/888 889/966/889
f 879/956/879 886/963/886 889/966/889 880/957/880
f 890/967/890 891/968/891 892/969/892 893/970/893
f 891/968/891 894/971/894 895/972/895 892/969/892
f 896/973/896 884/961/884 885/962/885 897/974/897
f 893/975/893 896/973/896 897/974/897 890/976/890
f 865/942/865 898/977/898 899/978/899 864/941/864
f 898/977/898 856/933/856 855/932/855 899/978/899
f 833/910/833 832/909/832 900/979/900 901/980/901
f 832/909/832 831/908/831 902/981/902 900/979/900
f 900/979/900 902/981/902 903/982/903 904/983/904
f 901/980/901 900/979/900 904/983/904 905/984/905
f 839/916/839 838/915/838 906/985/906 907/986/907
f 838/915/838 833/910/833 901/980/901 906/985/906
f 906/985/906 901/980/901 905/984/905 908/987/908
f 907/986/907 906/985/906 908/987/908 909/988/909
f 845/922/845 844/921/844 910/989/910 911/990/911
f 844/921/844 839/916/839 907/986/907 910/989/910
f 910/989/910 907/986/907 909/988/909 912/991/912
f 911/990/911 910/989/910 912/991/912 913/992/913
f 851/928/851 850/927/850 914/993/914 915/994/915
f 850/927/850 845/922/845 911/990/911 914/993/914
f 914/993/914 911/990/911 913/992/913 916/995/916
f 915/994/915 914/993/914 916/995/916 917/996/917
f 918/997/918 895/972/895 894/971/894 919/998/919
f 887/999/887 918/997/918 919/998/919 888/1000/888
f 920/1001/920 921/1002/921 922/1003/922 923/1004/923
f 921/1002/921 924/1005/924 925/1006/925 922/1003/922
f 922/1007/922 925/1008/925 926/1009/926 927/1010/927
f 923/1011/923 922/1007/922 927/1010/927 928/1012/928
f 880/957/880 889/966/889 929/1013/929 930/1014/930
f 889/966/889 888/965/888 931/1015/931 929/1013/929
f 929/1016/929 931/1017/931 917/996/917 916/995/916
f 930/1018/930 929/1016/929 916/995/916 913/992/913
f 872/949/872 881/958/881 932/1019/932 933/1020/933
f 881/958/881 880/957/880 930/1014/930 932/1019/932
f 932/1021/932 930/1018/930 913/992/913 912/991/912
f 933/1022/933 932/1021/932 912/991/912 909/988/909
f 862/939/862 873/950/873 934/1023/934 935/1024/935
f 873/950/873 872/949/872 933/1020/933 934/1023/934
f 934/1025/934 933/1022/933 909/988/909 908/987/908
f 935/1026/935 934/1025/934 908/987/908 905/984/905
f 865/942/865 863/940/863 936/1027/936 937/1028/937
f 863/940/863 862/939/862 935/1024/935 936/1027/936
f 936/1029/936 935/1026/935 905/984/905 904/983/904
f 937/1030/937 936/1029/936 904/983/904 903/982/903
f 831/908/831 938/1031/938 939/1032/939 902/981/902
f 938/1033/938 856/933/856 898/977/898 939/1034/939
f 939/1034/939 898/977/898 865/942/865 937/1028/937
f 902/981/902 939/1032/939 937/1030/937 903/982/903
f 859/936/859 857/934/857 940/1035/940 941/1036/941
f 857/934/857 856/933/856 938/1033/938 940/1035/940
f 940/1037/940 938/1031/938 831/908/831 828/905/828
f 941/1038/941 940/1037/940 828/905/828 827/904/827
f 869/946/869 867/944/867 942/1039/942 943/1040/943
f 867/944/867 859/936/859 941/1036/941 942/1039/942
f 942/1041/942 941/1038/941 827/904/827 830/907/830
f 943/1042/943 942/1041/942 830/907/830 835/912/835
f 877/954/877 875/952/875 944/1043/944 945/1044/945
f 875/952/875 869/946/869 943/1040/943 944/1043/944
f 944/1045/944 943/1042/943 835/912/835 837/914/837
f 945/1046/945 944/1045/944 837/914/837 841/918/841
f 885/962/885 883/960/883 946/1047/946 947/1048/947
f 883/960/883 877/954/877 945/1044/945 946/1047/946
f 946/1049/946 945/1046/945 841/918/841 843/920/843
f 947/1050/947 946/1049/946 843/920/843 847/924/847
f 890/976/890 897/974/897 948/1051/948 949/1052/949
f 897/974/897 885/962/885 947/1048/947 948/1051/948
f 948/1053/948 947/1050/947 847/924/847 849/926/849
f 949/1054/949 948/1053/948 849/926/849 853/930/853
f 926/1009/926 925/1008/925 950/1055/950 951/1056/951
f 925/1006/925 924/1005/924 952/1057/952 950/1058/950
f 950/1058/950 952/1057/952 953/1059/953 954/1060/954
f 951/1056/951 950/1055/950 954/1061/954 955/1062/955
f 888/1000/888 919/998/919 956/1063/956 957/1064/957
f 919/998/919 894/971/894 958/1065/958 956/1063/956
f 956/1063/956 958/1065/958 924/1005/924 921/1002/921
f 957/1064/957 956/1063/956 921/1002/921 920/1001/920
f 851/928/851 915/994/915 959/1066/959 960/1067/960
f 915/994/915 917/996/917 961/1068/961 959/1066/959
f 959/1066/959 961/1068/961 928/1012/928 927/1010/927
f 960/1067/960 959/1066/959 927/1010/927 926/1009/926
f 917/996/917 931/1017/931 962/1069/962 961/1068/961
f 931/1015/931 888/965/888 957/1070/957 962/1071/962
f 962/1071/962 957/1070/957 920/1072/920 923/1073/923
f 961/1068/961 962/1069/962 923/1011/923 928/1012/928
f 894/971/894 891/968/891 963/1074/963 958/1065/958
f 891/968/891 890/967/890 964/1075/964 963/1074/963
f 963/1074/963 964/1075/964 953/1059/953 952/1057/952
f 958/1065/958 963/1074/963 952/1057/952 924/1005/924
f 890/976/890 949/1052/949 965/1076/965 964/1077/964
f 949/1054/949 853/930/853 966/1078/966 965/1079/965
f 965/1079/965 966/1078/966 955/1062/955 954/1061/954
f 964/1077/964 965/1076/965 954/1080/954 953/1081/953
f 853/930/853 852/929/852 967/1082/967 966/1078/966
f 852/929/852 851/928/851 960/1067/960 967/1082/967
f 967/1082/967 960/1067/960 926/1009/926 951/1056/951
f 966/1078/966 967/1082/967 951/1056/951 955/1062/955
g default
v -0.136530 0.056553 -0.161800
v -0.111443 0.029788 -0.138627
v -0.179145 0.012142 -0.148154
v -0.184879 0.042573 -0.178109
v -0.292489 0.008114 -0.156239
v -0.287452 0.039111 -0.189436
v -0.171254 0.013943 -0.107534
v -0.296939 0.009844 -0.111907
v -0.093099 0.031736 -0.103301
v -0.083112 0.033409 -0.058564
v -0.166726 0.015237 -0.061264
v -0.299232 0.011464 -0.063050
v -0.164600 0.015807 -0.013927
v -0.299849 0.012415 -0.014170
v -0.078818 0.034744 -0.011358
v -0.077497 0.035859 0.031158
v -0.163904 0.015958 0.029671
v -0.299197 0.012536 0.030473
v -0.162726 0.016444 0.073108
v -0.294798 0.012623 0.074499
v -0.079367 0.037304 0.073705
v -0.085250 0.037853 0.121784
v -0.159578 0.017188 0.120269
v -0.284490 0.013378 0.120634
v -0.159227 0.019073 0.174241
v -0.275215 0.015495 0.173222
v -0.094726 0.039048 0.175790
v -0.186446 0.233931 -0.180435
v -0.179303 0.153481 -0.195710
v -0.282747 0.149983 -0.207674
v -0.284944 0.226407 -0.192377
v -0.125271 0.238312 -0.155052
v -0.115954 0.156804 -0.169952
v -0.482478 0.220413 -0.132938
v -0.486038 0.148791 -0.147782
v -0.513476 0.151754 -0.111551
v -0.508577 0.222085 -0.088275
v -0.436878 0.220214 -0.164349
v -0.439021 0.146631 -0.173806
v -0.086249 0.241461 -0.126385
v -0.075433 0.159427 -0.141216
v -0.063394 0.244743 -0.086011
v -0.051539 0.162435 -0.103521
v -0.520899 0.224284 -0.026438
v -0.527793 0.154532 -0.057460
v -0.530840 0.157411 0.002113
v -0.522349 0.227235 0.040750
v -0.050604 0.248186 -0.025036
v -0.038067 0.166502 -0.050482
v -0.045489 0.251831 0.040703
v -0.032398 0.171058 0.005190
v -0.515784 0.230848 0.101923
v -0.524466 0.160220 0.055278
v -0.511191 0.163015 0.104223
v -0.502479 0.234959 0.157975
v -0.045456 0.255084 0.095980
v -0.031912 0.175094 0.051253
v -0.052172 0.258530 0.149852
v -0.038686 0.178991 0.097181
v -0.483766 0.239576 0.209367
v -0.493546 0.166299 0.150959
v -0.457708 0.166616 0.191148
v -0.444800 0.245390 0.248707
v -0.089770 0.183485 0.201770
v -0.103377 0.266958 0.259079
v -0.171653 0.264364 0.275942
v -0.166451 0.199057 0.226283
v -0.280989 0.259473 0.275943
v -0.280597 0.195537 0.227832
v -0.067515 0.263479 0.210709
v -0.054814 0.183819 0.151775
v -0.366019 0.223248 -0.186398
v -0.365997 0.147839 -0.197156
v -0.395127 0.005875 -0.113175
v -0.380449 0.004478 -0.152082
v -0.367497 0.036905 -0.179788
v -0.448171 0.017344 -0.144915
v -0.419172 0.047267 -0.165003
v -0.470172 0.018847 -0.112887
v -0.407422 0.008827 -0.013173
v -0.404334 0.007651 -0.064648
v -0.484278 0.020722 -0.064741
v -0.489065 0.022387 -0.011001
v -0.396781 0.010139 0.075893
v -0.404730 0.009741 0.032330
v -0.483684 0.024282 0.036110
v -0.473198 0.025500 0.079447
v -0.372860 0.012415 0.168178
v -0.385184 0.010905 0.119442
v -0.461373 0.026741 0.120950
v -0.448076 0.027307 0.165938
v -0.370689 0.252775 0.268867
v -0.373314 0.189333 0.220134
v -0.404185 0.107048 0.249134
v -0.416478 0.075698 0.257737
v -0.353352 0.075422 0.281235
v -0.356021 0.113353 0.262778
v -0.277765 0.078396 0.292055
v -0.278321 0.116365 0.272214
v -0.355712 0.027338 0.273193
v -0.276697 0.031115 0.284811
v -0.404747 0.034450 0.252399
v -0.502875 0.093653 0.084533
v -0.488522 0.095527 0.127012
v -0.472000 0.094170 0.170960
v -0.521392 0.089321 -0.010037
v -0.515039 0.091480 0.039091
v -0.501678 0.084452 -0.115719
v -0.516840 0.086768 -0.065790
v -0.432261 0.080725 -0.170363
v -0.475950 0.081996 -0.147321
v -0.363407 0.083175 -0.194732
v -0.283841 0.084500 -0.206663
v -0.122253 0.089991 -0.168442
v -0.183334 0.087008 -0.194153
v -0.060707 0.094843 -0.105129
v -0.083413 0.092489 -0.140430
v -0.042771 0.100879 -0.007778
v -0.048139 0.097769 -0.057669
v -0.046374 0.106481 0.077619
v -0.041636 0.103758 0.034800
v -0.074259 0.109833 0.181509
v -0.058623 0.109508 0.128250
v -0.175490 0.033086 0.285793
v -0.178060 0.081610 0.291844
v -0.176334 0.120639 0.270390
v -0.119769 0.086653 0.275431
v -0.132210 0.117951 0.262181
v -0.131070 0.043909 0.269345
v -0.429348 0.128427 0.221494
v -0.364366 0.146914 0.230825
v -0.279587 0.151378 0.239267
v -0.274231 0.018576 0.236572
v -0.362563 0.015090 0.227426
v -0.430622 0.026724 0.218796
v -0.452113 0.084786 0.218111
v -0.172076 0.155113 0.237455
v -0.111448 0.141977 0.234149
v -0.090052 0.098327 0.235375
v -0.108473 0.037736 0.236182
v -0.166902 0.021131 0.237938
vt 0.635574 0.071669
vt 0.644805 0.061821
vt 0.619894 0.055328
vt 0.617784 0.066525
vt 0.578189 0.053846
vt 0.580042 0.065251
vt 0.622797 0.055991
vt 0.576551 0.054482
vt 0.651554 0.062538
vt 0.655229 0.063153
vt 0.624463 0.056467
vt 0.575707 0.055078
vt 0.625245 0.056676
vt 0.575480 0.055428
vt 0.656809 0.063644
vt 0.657295 0.064055
vt 0.625502 0.056732
vt 0.575720 0.055473
vt 0.625935 0.056911
vt 0.577339 0.055505
vt 0.656607 0.064586
vt 0.654442 0.064788
vt 0.627094 0.057184
vt 0.581132 0.055782
vt 0.627223 0.057878
vt 0.584545 0.056561
vt 0.650956 0.065228
vt 0.811169 0.218996
vt 0.812930 0.199157
vt 0.787421 0.198294
vt 0.786879 0.217140
vt 0.826254 0.220076
vt 0.828552 0.199976
vt 0.738167 0.215662
vt 0.737289 0.198000
vt 0.730523 0.198731
vt 0.731731 0.216074
vt 0.749412 0.215613
vt 0.748884 0.197467
vt 0.835877 0.220853
vt 0.838545 0.200623
vt 0.841514 0.221662
vt 0.844437 0.201365
vt 0.728692 0.216617
vt 0.726992 0.199416
vt 0.726241 0.200126
vt 0.728335 0.217344
vt 0.844668 0.222511
vt 0.847759 0.202367
vt 0.845929 0.223410
vt 0.849157 0.203491
vt 0.729954 0.218235
vt 0.727813 0.200818
vt 0.731087 0.201508
vt 0.733235 0.219249
vt 0.845937 0.224212
vt 0.849277 0.204486
vt 0.844281 0.225062
vt 0.847606 0.205447
vt 0.737849 0.220388
vt 0.735438 0.202318
vt 0.744275 0.202396
vt 0.747459 0.221822
vt 0.153521 0.203517
vt 0.150860 0.219836
vt 0.137512 0.219329
vt 0.138530 0.206561
vt 0.116137 0.218373
vt 0.116214 0.205873
vt 0.840497 0.226282
vt 0.843629 0.206638
vt 0.831654 0.227140
vt 0.835009 0.206556
vt 0.766886 0.216361
vt 0.766891 0.197765
vt 0.540423 0.053022
vt 0.545823 0.052508
vt 0.550589 0.064439
vt 0.520905 0.057242
vt 0.531575 0.068252
vt 0.512810 0.057795
vt 0.535899 0.054108
vt 0.537035 0.053675
vt 0.507619 0.058485
vt 0.505858 0.059098
vt 0.539814 0.054591
vt 0.536889 0.054444
vt 0.507838 0.059795
vt 0.511696 0.060243
vt 0.548616 0.055428
vt 0.544081 0.054873
vt 0.516047 0.060699
vt 0.520940 0.060908
vt 0.098601 0.217063
vt 0.098088 0.204660
vt 0.084113 0.215620
vt 0.081589 0.200219
vt 0.092053 0.188574
vt 0.089649 0.182445
vt 0.101991 0.182391
vt 0.101469 0.189806
vt 0.116768 0.182972
vt 0.116659 0.190395
vt 0.555794 0.078612
vt 0.554926 0.060919
vt 0.583999 0.062309
vt 0.583606 0.079706
vt 0.532566 0.078714
vt 0.536883 0.063536
vt 0.733137 0.184403
vt 0.736677 0.184865
vt 0.740751 0.184530
vt 0.506058 0.086010
vt 0.512137 0.085510
vt 0.500776 0.085320
vt 0.728571 0.183335
vt 0.730138 0.183867
vt 0.496301 0.084520
vt 0.493963 0.083726
vt 0.733432 0.182134
vt 0.729694 0.182705
vt 0.495638 0.082787
vt 0.501217 0.081935
vt 0.750551 0.181215
vt 0.739777 0.181528
vt 0.510683 0.081031
vt 0.526759 0.080563
vt 0.552094 0.081465
vt 0.581371 0.081952
vt 0.787151 0.182146
vt 0.767530 0.181819
vt 0.826999 0.183500
vt 0.811936 0.182764
vt 0.618352 0.082875
vt 0.640827 0.083972
vt 0.842176 0.184696
vt 0.836577 0.184116
vt 0.655118 0.084892
vt 0.663473 0.085758
vt 0.846599 0.186185
vt 0.845276 0.185418
vt 0.668098 0.086834
vt 0.670073 0.087979
vt 0.845711 0.187566
vt 0.846879 0.186895
vt 0.670491 0.089038
vt 0.668747 0.090040
vt 0.838834 0.188393
vt 0.842690 0.188313
vt 0.664240 0.091154
vt 0.658487 0.091273
vt 0.621239 0.063034
vt 0.620293 0.080889
vt 0.136260 0.183601
vt 0.136597 0.191231
vt 0.147656 0.184587
vt 0.145224 0.190705
vt 0.637583 0.067017
vt 0.641741 0.082744
vt 0.087133 0.192753
vt 0.099837 0.196368
vt 0.116411 0.197240
vt 0.584907 0.057695
vt 0.552405 0.056413
vt 0.527362 0.060693
vt 0.519454 0.082057
vt 0.745655 0.182216
vt 0.751269 0.192978
vt 0.754443 0.179975
vt 0.757474 0.187706
vt 0.137430 0.197970
vt 0.149283 0.195402
vt 0.829664 0.196320
vt 0.834940 0.185556
vt 0.652676 0.087040
vt 0.645898 0.064745
vt 0.824544 0.190395
vt 0.827612 0.182677
vt 0.624399 0.058635
vn 0.408252 -0.400886 -0.820134
vn 0.509911 -0.725736 -0.461843
vn 0.140512 -0.924568 -0.354162
vn 0.181147 -0.523077 -0.832813
vn 0.035617 -0.931415 -0.362212
vn 0.022435 -0.525325 -0.850606
vn 0.104906 -0.994377 0.014484
vn 0.034591 -0.998672 0.038185
vn 0.594993 -0.782104 -0.185193
vn 0.589453 -0.804890 -0.068541
vn 0.101773 -0.994710 0.013931
vn 0.031788 -0.999153 0.026150
vn 0.101415 -0.994809 0.008347
vn 0.028928 -0.999501 0.012683
vn 0.582702 -0.812536 -0.015604
vn 0.590292 -0.806579 0.031403
vn 0.104316 -0.994507 0.008641
vn 0.026866 -0.999627 0.004831
vn 0.112060 -0.993606 0.013773
vn 0.026779 -0.999613 0.007480
vn 0.626067 -0.774813 0.087777
vn 0.666613 -0.733378 0.133354
vn 0.124151 -0.991853 0.028540
vn 0.028339 -0.999351 0.022224
vn 0.128018 -0.990779 0.044381
vn 0.029236 -0.998843 0.038184
vn 0.696923 -0.700256 0.154725
vn 0.213149 0.202077 -0.955893
vn 0.222996 0.094913 -0.970188
vn 0.012190 0.088155 -0.996032
vn 0.015434 0.184599 -0.982693
vn 0.452095 0.211155 -0.866616
vn 0.465022 0.090299 -0.880682
vn -0.681357 0.182607 -0.708807
vn -0.657895 0.050681 -0.751403
vn -0.909882 0.039155 -0.413015
vn -0.919239 0.181376 -0.349433
vn -0.394400 0.145350 -0.907371
vn -0.392063 0.042100 -0.918974
vn 0.713611 0.219333 -0.665321
vn 0.719245 0.082284 -0.689867
vn 0.915611 0.209772 -0.343004
vn 0.923465 0.069630 -0.377312
vn -0.983769 0.144086 -0.106943
vn -0.987832 0.015923 -0.154705
vn -0.999640 -0.014082 0.022835
vn -0.995057 0.081340 0.056965
vn 0.968715 0.196150 -0.152042
vn 0.983163 0.059795 -0.172668
vn 0.982369 0.179940 -0.050714
vn 0.996682 0.050500 -0.063829
vn -0.978101 -0.023022 0.206852
vn -0.981437 -0.072354 0.177610
vn -0.946130 -0.136242 0.293727
vn -0.936558 -0.129161 0.325849
vn 0.989900 0.117034 0.080007
vn 0.998565 0.016390 0.050975
vn 0.973169 0.003035 0.230074
vn 0.979365 -0.045263 0.196968
vn -0.731645 -0.344954 0.587965
vn -0.864786 -0.197817 0.461535
vn -0.582544 -0.254239 0.772013
vn -0.266761 -0.555526 0.787547
vn 0.671833 -0.188544 0.716304
vn 0.371926 -0.504065 0.779481
vn 0.087682 -0.587248 0.804644
vn 0.118369 -0.330089 0.936499
vn 0.007028 -0.603554 0.797291
vn -0.012097 -0.337684 0.941182
vn 0.838106 -0.219200 0.499530
vn 0.921971 -0.104538 0.372883
vn -0.197352 0.151484 -0.968558
vn -0.210784 0.060375 -0.975666
vn -0.052287 -0.998555 0.012441
vn -0.085244 -0.913742 -0.397252
vn -0.153669 -0.478588 -0.864488
vn -0.448703 -0.704190 -0.550256
vn -0.326455 -0.337305 -0.882979
vn -0.580758 -0.777808 -0.240283
vn -0.059729 -0.997968 0.022208
vn -0.055984 -0.998251 0.018970
vn -0.599624 -0.795922 -0.083423
vn -0.606714 -0.794321 0.030850
vn -0.071033 -0.996908 0.033595
vn -0.066268 -0.997436 0.027026
vn -0.603568 -0.786355 0.131723
vn -0.600687 -0.777726 0.185251
vn -0.061618 -0.996845 0.050025
vn -0.069607 -0.996611 0.043838
vn -0.605694 -0.768456 0.206422
vn -0.605379 -0.768821 0.205986
vn -0.070246 -0.596840 0.799280
vn -0.141416 -0.342732 0.928728
vn -0.395762 0.475607 0.785602
vn -0.566992 0.016427 0.823559
vn -0.224691 0.104523 0.968808
vn -0.188099 0.555377 0.810047
vn -0.063061 0.145604 0.987331
vn -0.059243 0.582505 0.810665
vn -0.168679 -0.673274 0.719896
vn -0.026926 -0.671481 0.740533
vn -0.472896 -0.551567 0.687127
vn -0.912688 -0.296113 0.281635
vn -0.894421 -0.263220 0.361560
vn -0.880914 -0.175705 0.439452
vn -0.955551 -0.293790 0.024687
vn -0.936072 -0.298814 0.185684
vn -0.874220 -0.269147 -0.404103
vn -0.943776 -0.290524 -0.157741
vn -0.379816 -0.142494 -0.914022
vn -0.637625 -0.202892 -0.743148
vn -0.211326 -0.146267 -0.966410
vn 0.011244 -0.158859 -0.987237
vn 0.468167 -0.154479 -0.870032
vn 0.217026 -0.157152 -0.963433
vn 0.897235 -0.275074 -0.345403
vn 0.723369 -0.216967 -0.655486
vn 0.950404 -0.307277 -0.048087
vn 0.942592 -0.298018 -0.150682
vn 0.941856 -0.289326 0.170873
vn 0.949955 -0.308207 0.050930
vn 0.927408 -0.134355 0.349090
vn 0.932054 -0.234685 0.276042
vn 0.108906 -0.667540 0.736566
vn 0.085302 0.148112 0.985285
vn 0.050380 0.592086 0.804298
vn 0.566423 0.060972 0.821856
vn 0.332146 0.540598 0.772938
vn 0.511149 -0.524457 0.680934
vn -0.538219 0.314776 0.781816
vn -0.200697 0.440288 0.875138
vn -0.051038 0.478718 0.876484
vn 0.022999 -0.990772 0.133571
vn -0.060810 -0.988210 0.140508
vn -0.571607 -0.759208 0.311237
vn -0.843960 -0.084216 0.529754
vn 0.085158 0.477008 0.874764
vn 0.556269 0.378881 0.739604
vn 0.897722 -0.045037 0.438255
vn 0.673093 -0.690797 0.264092
vn 0.112284 -0.984536 0.134470
s 1
g KALBO RSHOES
usemtl aiStandardSurface3SG
f 968/1083/968 969/1084/969 970/1085/970 971/1086/971
f 971/1086/971 970/1085/970 972/1087/972 973/1088/973
f 970/1085/970 974/1089/974 975/1090/975 972/1087/972
f 969/1084/969 976/1091/976 974/1089/974 970/1085/970
f 976/1091/976 977/1092/977 978/1093/978 974/1089/974
f 974/1089/974 978/1093/978 979/1094/979 975/1090/975
f 978/1093/978 980/1095/980 981/1096/981 979/1094/979
f 977/1092/977 982/1097/982 980/1095/980 978/1093/978
f 982/1097/982 983/1098/983 984/1099/984 980/1095/980
f 980/1095/980 984/1099/984 985/1100/985 981/1096/981
f 984/1099/984 986/1101/986 987/1102/987 985/1100/985
f 983/1098/983 988/1103/988 986/1101/986 984/1099/984
f 988/1103/988 989/1104/989 990/1105/990 986/1101/986
f 986/1101/986 990/1105/990 991/1106/991 987/1102/987
f 990/1105/990 992/1107/992 993/1108/993 991/1106/991
f 989/1104/989 994/1109/994 992/1107/992 990/1105/990
f 995/1110/995 996/1111/996 997/1112/997 998/1113/998
f 999/1114/999 1000/1115/1000 996/1111/996 995/1110/995
f 1001/1116/1001 1002/1117/1002 1003/1118/1003 1004/1119/1004
f 1005/1120/1005 1006/1121/1006 1002/1117/1002 1001/1116/1001
f 1007/1122/1007 1008/1123/1008 1000/1115/1000 999/1114/999
f 1009/1124/1009 1010/1125/1010 1008/1123/1008 1007/1122/1007
f 1011/1126/1011 1012/1127/1012 1013/1128/1013 1014/1129/1014
f 1004/1119/1004 1003/1118/1003 1012/1127/1012 1011/1126/1011
f 1015/1130/1015 1016/1131/1016 1010/1125/1010 1009/1124/1009
f 1017/1132/1017 1018/1133/1018 1016/1131/1016 1015/1130/1015
f 1019/1134/1019 1020/1135/1020 1021/1136/1021 1022/1137/1022
f 1014/1129/1014 1013/1128/1013 1020/1135/1020 1019/1134/1019
f 1023/1138/1023 1024/1139/1024 1018/1133/1018 1017/1132/1017
f 1025/1140/1025 1026/1141/1026 1024/1139/1024 1023/1138/1023
f 1027/1142/1027 1028/1143/1028 1029/1144/1029 1030/1145/1030
f 1022/1137/1022 1021/1136/1021 1028/1143/1028 1027/1142/1027
f 1031/1146/1031 1032/1147/1032 1033/1148/1033 1034/1149/1034
f 1034/1149/1034 1033/1148/1033 1035/1150/1035 1036/1151/1036
f 1037/1152/1037 1038/1153/1038 1026/1141/1026 1025/1140/1025
f 1032/1154/1032 1031/1155/1031 1038/1153/1038 1037/1152/1037
f 1006/1121/1006 1005/1120/1005 1039/1156/1039 1040/1157/1040
f 1040/1157/1040 1039/1156/1039 998/1113/998 997/1112/997
f 975/1090/975 1041/1158/1041 1042/1159/1042 972/1087/972
f 972/1087/972 1042/1159/1042 1043/1160/1043 973/1088/973
f 1042/1159/1042 1044/1161/1044 1045/1162/1045 1043/1160/1043
f 1041/1158/1041 1046/1163/1046 1044/1161/1044 1042/1159/1042
f 981/1096/981 1047/1164/1047 1048/1165/1048 979/1094/979
f 979/1094/979 1048/1165/1048 1041/1158/1041 975/1090/975
f 1048/1165/1048 1049/1166/1049 1046/1163/1046 1041/1158/1041
f 1047/1164/1047 1050/1167/1050 1049/1166/1049 1048/1165/1048
f 987/1102/987 1051/1168/1051 1052/1169/1052 985/1100/985
f 985/1100/985 1052/1169/1052 1047/1164/1047 981/1096/981
f 1052/1169/1052 1053/1170/1053 1050/1167/1050 1047/1164/1047
f 1051/1168/1051 1054/1171/1054 1053/1170/1053 1052/1169/1052
f 993/1108/993 1055/1172/1055 1056/1173/1056 991/1106/991
f 991/1106/991 1056/1173/1056 1051/1168/1051 987/1102/987
f 1056/1173/1056 1057/1174/1057 1054/1171/1054 1051/1168/1051
f 1055/1172/1055 1058/1175/1058 1057/1174/1057 1056/1173/1056
f 1059/1176/1059 1060/1177/1060 1036/1151/1036 1035/1150/1035
f 1030/1178/1030 1029/1179/1029 1060/1177/1060 1059/1176/1059
f 1061/1180/1061 1062/1181/1062 1063/1182/1063 1064/1183/1064
f 1064/1183/1064 1063/1182/1063 1065/1184/1065 1066/1185/1066
f 1063/1186/1063 1067/1187/1067 1068/1188/1068 1065/1189/1065
f 1062/1190/1062 1069/1191/1069 1067/1187/1067 1063/1186/1063
f 1021/1136/1021 1070/1192/1070 1071/1193/1071 1028/1143/1028
f 1028/1143/1028 1071/1193/1071 1072/1194/1072 1029/1144/1029
f 1071/1195/1071 1057/1174/1057 1058/1175/1058 1072/1196/1072
f 1070/1197/1070 1054/1171/1054 1057/1174/1057 1071/1195/1071
f 1013/1128/1013 1073/1198/1073 1074/1199/1074 1020/1135/1020
f 1020/1135/1020 1074/1199/1074 1070/1192/1070 1021/1136/1021
f 1074/1200/1074 1053/1170/1053 1054/1171/1054 1070/1197/1070
f 1073/1201/1073 1050/1167/1050 1053/1170/1053 1074/1200/1074
f 1003/1118/1003 1075/1202/1075 1076/1203/1076 1012/1127/1012
f 1012/1127/1012 1076/1203/1076 1073/1198/1073 1013/1128/1013
f 1076/1204/1076 1049/1166/1049 1050/1167/1050 1073/1201/1073
f 1075/1205/1075 1046/1163/1046 1049/1166/1049 1076/1204/1076
f 1006/1121/1006 1077/1206/1077 1078/1207/1078 1002/1117/1002
f 1002/1117/1002 1078/1207/1078 1075/1202/1075 1003/1118/1003
f 1078/1208/1078 1044/1161/1044 1046/1163/1046 1075/1205/1075
f 1077/1209/1077 1045/1162/1045 1044/1161/1044 1078/1208/1078
f 973/1088/973 1043/1160/1043 1079/1210/1079 1080/1211/1080
f 1080/1212/1080 1079/1213/1079 1040/1157/1040 997/1112/997
f 1079/1213/1079 1077/1206/1077 1006/1121/1006 1040/1157/1040
f 1043/1160/1043 1045/1162/1045 1077/1209/1077 1079/1210/1079
f 1000/1115/1000 1081/1214/1081 1082/1215/1082 996/1111/996
f 996/1111/996 1082/1215/1082 1080/1212/1080 997/1112/997
f 1082/1216/1082 971/1086/971 973/1088/973 1080/1211/1080
f 1081/1217/1081 968/1083/968 971/1086/971 1082/1216/1082
f 1010/1125/1010 1083/1218/1083 1084/1219/1084 1008/1123/1008
f 1008/1123/1008 1084/1219/1084 1081/1214/1081 1000/1115/1000
f 1084/1220/1084 969/1084/969 968/1083/968 1081/1217/1081
f 1083/1221/1083 976/1091/976 969/1084/969 1084/1220/1084
f 1018/1133/1018 1085/1222/1085 1086/1223/1086 1016/1131/1016
f 1016/1131/1016 1086/1223/1086 1083/1218/1083 1010/1125/1010
f 1086/1224/1086 977/1092/977 976/1091/976 1083/1221/1083
f 1085/1225/1085 982/1097/982 977/1092/977 1086/1224/1086
f 1026/1141/1026 1087/1226/1087 1088/1227/1088 1024/1139/1024
f 1024/1139/1024 1088/1227/1088 1085/1222/1085 1018/1133/1018
f 1088/1228/1088 983/1098/983 982/1097/982 1085/1225/1085
f 1087/1229/1087 988/1103/988 983/1098/983 1088/1228/1088
f 1031/1155/1031 1089/1230/1089 1090/1231/1090 1038/1153/1038
f 1038/1153/1038 1090/1231/1090 1087/1226/1087 1026/1141/1026
f 1090/1232/1090 989/1104/989 988/1103/988 1087/1229/1087
f 1089/1233/1089 994/1109/994 989/1104/989 1090/1232/1090
f 1068/1188/1068 1091/1234/1091 1092/1235/1092 1065/1189/1065
f 1065/1184/1065 1092/1236/1092 1093/1237/1093 1066/1185/1066
f 1092/1236/1092 1094/1238/1094 1095/1239/1095 1093/1237/1093
f 1091/1234/1091 1096/1240/1096 1094/1241/1094 1092/1235/1092
f 1029/1179/1029 1097/1242/1097 1098/1243/1098 1060/1177/1060
f 1060/1177/1060 1098/1243/1098 1099/1244/1099 1036/1151/1036
f 1098/1243/1098 1064/1183/1064 1066/1185/1066 1099/1244/1099
f 1097/1242/1097 1061/1180/1061 1064/1183/1064 1098/1243/1098
f 993/1108/993 1100/1245/1100 1101/1246/1101 1055/1172/1055
f 1055/1172/1055 1101/1246/1101 1102/1247/1102 1058/1175/1058
f 1101/1246/1101 1067/1187/1067 1069/1191/1069 1102/1247/1102
f 1100/1245/1100 1068/1188/1068 1067/1187/1067 1101/1246/1101
f 1058/1175/1058 1102/1247/1102 1103/1248/1103 1072/1196/1072
f 1072/1194/1072 1103/1249/1103 1097/1250/1097 1029/1144/1029
f 1103/1249/1103 1062/1251/1062 1061/1252/1061 1097/1250/1097
f 1102/1247/1102 1069/1191/1069 1062/1190/1062 1103/1248/1103
f 1036/1151/1036 1099/1244/1099 1104/1253/1104 1034/1149/1034
f 1034/1149/1034 1104/1253/1104 1105/1254/1105 1031/1146/1031
f 1104/1253/1104 1093/1237/1093 1095/1239/1095 1105/1254/1105
f 1099/1244/1099 1066/1185/1066 1093/1237/1093 1104/1253/1104
f 1031/1155/1031 1105/1255/1105 1106/1256/1106 1089/1230/1089
f 1089/1233/1089 1106/1257/1106 1107/1258/1107 994/1109/994
f 1106/1257/1106 1094/1241/1094 1096/1240/1096 1107/1258/1107
f 1105/1255/1105 1095/1259/1095 1094/1260/1094 1106/1256/1106
f 994/1109/994 1107/1258/1107 1108/1261/1108 992/1107/992
f 992/1107/992 1108/1261/1108 1100/1245/1100 993/1108/993
f 1108/1261/1108 1091/1234/1091 1068/1188/1068 1100/1245/1100
f 1107/1258/1107 1096/1240/1096 1091/1234/1091 1108/1261/1108
g default
v 0.283432 4.095804 0.904113
v 0.431782 3.190552 1.263944
v 0.390413 4.111029 1.030402
v 0.213510 4.005527 0.834644
v -0.002270 3.754890 0.935122
v -0.002270 3.972549 0.991736
v 0.330585 3.994541 0.868579
v 0.743205 3.263990 1.097809
v 0.677771 3.944759 0.707532
v 0.554622 3.928833 0.750038
v 0.213271 4.138986 0.632741
v -0.002270 4.152527 0.650535
v 0.414422 4.153669 0.601318
v 0.465139 4.233244 0.384347
v 0.240235 4.219825 0.410691
v -0.002270 4.305413 0.430795
v 0.591105 4.116292 0.578153
v 0.740649 3.999404 0.583762
v 0.821092 4.042107 0.412052
v 0.659078 4.144881 0.385658
v 0.261883 4.267370 0.214685
v -0.002270 4.365347 0.227336
v 0.503874 4.220192 0.199703
v 0.518302 4.361841 0.033321
v 0.270099 4.378312 0.032821
v -0.002270 4.423242 0.032703
v 0.705705 4.140267 0.205280
v 0.872371 4.014454 0.227201
v 0.891247 4.137611 0.040440
v 0.722261 4.303726 0.034266
v 0.256804 4.354647 -0.146802
v -0.002270 4.427838 -0.160558
v 0.496159 4.310350 -0.128857
v 0.455120 4.316050 -0.305849
v 0.233034 4.354595 -0.338240
v -0.002270 4.424527 -0.361441
v 0.700065 4.233229 -0.130130
v 0.874501 4.103146 -0.136991
v 0.830328 4.116968 -0.312714
v 0.654651 4.243160 -0.301558
v 0.209875 4.309383 -0.555546
v -0.002270 4.263695 -0.578938
v 0.412922 4.270563 -0.516664
v 0.397052 4.134041 -0.727588
v 0.201752 4.148084 -0.771057
v -0.001815 4.232772 -0.774340
v 0.601571 4.202029 -0.493663
v 0.766907 4.090890 -0.494356
v 0.709197 4.042392 -0.628496
v 0.578671 4.084000 -0.677691
v 0.223058 3.720413 -0.957110
v -0.002270 3.830906 -0.976237
v 0.434950 3.857680 -0.904907
v 0.492206 3.634845 -1.031363
v 0.254636 3.516899 -1.093265
v -0.002270 3.697381 -1.113798
v 0.623760 3.767092 -0.824890
v 0.781468 3.806291 -0.703342
v 0.863879 3.636770 -0.775358
v 0.695014 3.639876 -0.927878
v 0.277281 3.379643 -1.159082
v -0.002270 3.379743 -1.183492
v 0.534381 3.193821 -1.089699
v 0.559467 3.151132 -1.060741
v 0.290898 3.127369 -1.130589
v -0.002270 3.275845 -1.221761
v 0.750624 3.430317 -0.979272
v 0.926906 3.451103 -0.816456
v 0.959899 3.243404 -0.797769
v 0.783005 3.337701 -0.956566
v 0.295500 2.897678 -1.121083
v -0.002270 2.884230 -1.142944
v 0.565561 2.933054 -1.086006
v 0.554222 2.726944 -1.043509
v 0.290671 2.680863 -1.170098
v -0.002270 2.657343 -1.202560
v 0.784579 2.985410 -1.041107
v 0.952201 3.007792 -0.832720
v 0.932239 2.779642 -0.880031
v 0.850773 2.771117 -1.080976
v 0.463078 2.416835 -1.081418
v -0.034336 2.362013 -1.082434
v 0.596978 2.503953 -1.047103
v 0.702731 2.596509 -0.986706
v 0.870704 2.376487 -0.861354
v 0.623300 2.286961 -0.513638
v 0.477855 2.222367 -0.554917
v -0.037476 2.182007 -0.549292
v 0.780618 2.507487 -0.470756
v 0.716247 2.387280 -0.451050
v 1.017903 2.715886 -0.672878
v 1.141943 2.749072 -0.559797
v 1.090621 2.748395 -0.644725
v 1.039325 2.758410 -0.564204
v 1.068136 3.198809 -0.597864
v 1.172168 2.883335 -0.372404
v 1.088572 3.313328 -0.599612
v 1.207159 3.224965 -0.329886
v 1.079044 1.592842 0.097521
v 1.111211 1.584207 0.161517
v 1.236686 3.074286 0.082781
v 1.192707 3.081854 0.319442
v 1.064022 3.528578 -0.589917
v 1.052841 3.461425 -0.343596
v 0.999496 3.728138 -0.566368
v 1.093535 3.686951 -0.338567
v 1.238218 3.244990 -0.114213
v 1.114353 3.422997 -0.170154
v 1.081797 3.362376 0.093780
v 1.137673 3.660856 -0.129613
v 1.265895 3.753873 0.076504
v 1.160738 3.365787 0.319172
v 1.116842 2.906306 0.688987
v 0.900003 3.924251 -0.526553
v 0.980831 4.066197 -0.326662
v 1.025408 3.899964 -0.135811
v 1.080356 3.962320 0.056621
v 1.039881 3.550154 0.511481
v 1.181238 3.872918 0.261243
v 0.950169 3.807463 0.460954
v 0.981577 3.240362 0.768971
v 0.822724 3.698001 0.718129
v -0.288757 4.074097 1.024513
v -0.146990 4.087830 0.969925
v -0.394953 4.111029 0.920567
v -0.436322 3.351034 1.187754
v -0.413186 3.861127 0.868579
v -0.559163 3.928833 0.750038
v -0.682312 3.944759 0.707532
v -0.747745 3.263990 1.097809
v -0.217812 4.138986 0.632741
v -0.418962 4.153669 0.601318
v -0.244775 4.298424 0.410691
v -0.465811 4.283894 0.377493
v -0.595645 3.925564 0.868447
v -0.745189 3.999404 0.583762
v -0.663619 4.286429 0.385658
v -0.917841 4.042107 0.412052
v -0.266424 4.357295 0.214685
v -0.508414 4.318898 0.199703
v -0.274640 4.437459 0.032821
v -0.522842 4.361841 0.033321
v -0.710245 4.195463 0.205280
v -0.876912 4.069452 0.227201
v -0.726801 4.303726 0.034266
v -0.895787 4.137611 0.040440
v -0.261344 4.354647 -0.146802
v -0.500699 4.310350 -0.128857
v -0.237574 4.354595 -0.338240
v -0.459660 4.316050 -0.305849
v -0.704606 4.233229 -0.130130
v -0.879041 4.103146 -0.136991
v -0.659191 4.243160 -0.301558
v -0.834868 4.116968 -0.312714
v -0.214415 4.309383 -0.555546
v -0.417462 4.270563 -0.516664
v -0.206292 4.148084 -0.771057
v -0.401592 4.134041 -0.727588
v -0.606112 4.202029 -0.493663
v -0.771447 4.090890 -0.494356
v -0.583211 4.084000 -0.677691
v -0.713737 4.042392 -0.628496
v -0.227598 3.877964 -0.957109
v -0.439490 3.857680 -0.904907
v -0.259176 3.453588 -1.251464
v -0.496747 3.634845 -1.031363
v -0.628300 3.828433 -0.824890
v -0.786009 3.806291 -0.703342
v -0.699554 3.639876 -0.927878
v -0.868420 3.636770 -0.775358
v -0.281821 3.379643 -1.159082
v -0.538922 3.392195 -1.089699
v -0.295438 3.127369 -1.130589
v -0.564007 3.151132 -1.060741
v -0.755164 3.430317 -0.979272
v -0.931447 3.451103 -0.816456
v -0.813886 3.209059 -1.044344
v -1.025580 3.243404 -0.797769
v -0.300041 2.897678 -1.121083
v -0.570102 2.933054 -1.086006
v -0.295211 2.680863 -1.093588
v -0.558763 2.726944 -1.043509
v -0.789120 2.985410 -1.041107
v -0.956742 3.007792 -0.832720
v -0.855697 2.771117 -0.936136
v -0.936779 2.779642 -0.802250
v -0.465463 2.417462 -1.081541
v -0.599363 2.504581 -1.047225
v -0.705117 2.597137 -1.020116
v -0.873090 2.674619 -0.861579
v -0.480241 2.222995 -0.554970
v -0.625686 2.287588 -0.513760
v -0.718633 2.387907 -0.451172
v -0.783004 2.508114 -0.497024
v -1.112312 2.752523 -0.559860
v -1.020289 2.716513 -0.673000
v -1.091043 2.829056 -0.514637
v -1.043778 2.766419 -0.559812
v -1.176709 2.883335 -0.372404
v -1.072677 3.070146 -0.597864
v -1.050551 3.313328 -0.599612
v -1.271429 3.224965 -0.329886
v -1.083526 1.592097 0.097457
v -1.197189 3.081109 0.319378
v -1.306807 3.073541 0.082717
v -1.115693 1.583462 0.161453
v -1.057381 3.461425 -0.343596
v -1.068563 3.528578 -0.589917
v -1.004036 3.728138 -0.566368
v -1.098075 3.686951 -0.338567
v -1.086337 3.362376 0.093780
v -1.111106 3.422997 -0.170154
v -1.242759 3.244990 -0.193090
v -1.142214 3.660856 -0.129613
v -1.270436 3.753873 0.076504
v -1.165279 3.365787 0.319172
v -1.121382 2.906306 0.688987
v -0.985371 4.066197 -0.326662
v -0.904544 3.924251 -0.526553
v -1.084897 3.962320 0.056621
v -1.109239 3.899964 -0.135811
v -1.044422 3.550154 0.511481
v -1.131278 3.807463 0.460954
v -1.185779 4.093994 0.261243
v -1.100317 2.958663 0.768971
v -0.827264 3.698001 0.718129
v 0.359887 3.628889 0.726268
v 0.185522 3.649846 0.760268
v -0.002270 3.657733 0.775547
v 0.609858 3.579568 0.620851
v 0.498740 3.599451 0.685621
v 0.254466 2.284571 -0.207502
v 0.477967 2.286282 -0.169546
v -0.002270 2.277542 -0.211599
v 0.595739 2.354844 -0.184947
v 0.684205 2.445980 -0.196546
v 1.011046 2.584618 -0.577340
v 0.900119 2.735076 -0.116335
v 0.949239 2.932000 -0.264778
v 0.969607 3.106875 -0.252353
v 1.057006 2.853599 0.095291
v 1.099781 2.848772 0.289989
v 1.129669 3.104824 0.046656
v 1.086761 3.120925 0.276411
v 0.990710 3.131373 -0.105947
v 0.912840 3.329234 0.278983
v 0.884138 3.417626 0.396756
v 0.834957 3.439285 0.408926
v 0.787513 3.620884 0.643580
v 0.655082 3.572112 0.577273
v -0.364428 3.628889 0.726268
v -0.190062 3.649846 0.760268
v -0.614398 3.579568 0.620851
v -0.503280 3.599451 0.685621
v -0.259006 2.284571 -0.207502
v -0.482507 2.286282 -0.169546
v -0.600279 2.354844 -0.184947
v -0.688746 2.445980 -0.196546
v -1.015586 2.743188 -0.497888
v -0.904660 2.735076 -0.116335
v -0.953780 2.932000 -0.264778
v -0.974147 3.106875 -0.252353
v -1.091243 3.120180 0.276348
v -1.104263 2.848027 0.289925
v -1.061487 2.852854 0.095227
v -1.134150 3.104080 0.046592
v -0.995250 3.131373 -0.105947
v -0.917380 3.329234 0.278983
v -0.888678 3.417627 0.396756
v -0.839498 3.439285 0.408926
v -0.792054 3.620884 0.643580
v -0.659623 3.572111 0.577273
v 0.455107 1.861583 -1.013729
v 0.173562 1.775663 -1.081589
v 0.819282 1.403705 -1.035010
v 0.611892 1.274766 -1.009718
v -0.050180 1.741803 -0.927802
v -0.052213 1.194949 -0.991486
v 0.954969 1.978771 -0.900897
v 0.852374 2.079562 -0.985481
v 0.921495 1.755748 -0.847056
v 0.865252 1.581695 -1.041561
v 0.139306 1.219162 -0.775111
v -0.053995 0.305466 -0.754653
v 0.698808 0.916168 -0.807177
v 0.859481 0.798100 -0.774654
v 0.165400 1.219376 -0.756902
v -0.054675 0.444705 -0.737920
v 0.882343 1.487555 -0.823098
v 0.896892 0.384814 -0.694744
v 0.975424 1.765800 -0.639612
v 0.910088 1.269027 -0.806132
v 1.065249 1.927622 -0.740674
v 1.112268 2.081364 -0.550525
v -0.614278 1.275393 -1.009771
v -0.175948 1.776291 -1.042940
v -0.567052 1.404333 -1.035063
v -0.457493 1.862211 -0.993972
v -0.702615 1.582323 -0.949954
v -0.854760 2.080190 -0.985533
v -0.923881 1.756376 -1.024562
v -0.957355 1.979399 -0.749587
v -0.078735 1.219790 -0.775164
v -0.564617 1.313221 -0.807230
v -0.108680 1.220003 -0.756955
v -0.651642 1.321699 -0.774706
v -0.405598 0.402440 -0.823150
v -1.025993 1.813836 -0.694797
v -0.700774 1.104313 -0.806184
v -0.822958 1.860601 -0.639664
v -0.917826 2.081991 -0.550578
v -1.060353 0.441957 -0.740727
vt 0.281235 0.717772
vt 0.307081 0.717574
vt 0.303544 0.747667
vt 0.278873 0.749096
vt 0.253577 0.717426
vt 0.253042 0.749260
vt 0.329298 0.716529
vt 0.349663 0.718740
vt 0.343198 0.739569
vt 0.325874 0.744901
vt 0.282291 0.779209
vt 0.252539 0.779253
vt 0.310351 0.776319
vt 0.322006 0.801980
vt 0.288418 0.806968
vt 0.252069 0.807278
vt 0.335009 0.768829
vt 0.355223 0.753805
vt 0.372791 0.769413
vt 0.350038 0.789476
vt 0.294185 0.831232
vt 0.251634 0.833204
vt 0.333012 0.823096
vt 0.348413 0.844273
vt 0.299772 0.853749
vt 0.251131 0.863226
vt 0.364298 0.808003
vt 0.389933 0.785606
vt 0.407935 0.806667
vt 0.378174 0.825470
vt 0.746673 0.862984
vt 0.695376 0.851367
vt 0.702642 0.830526
vt 0.746590 0.833302
vt 0.644080 0.839750
vt 0.662404 0.821120
vt 0.675224 0.802550
vt 0.709650 0.807965
vt 0.746522 0.808538
vt 0.612818 0.817555
vt 0.629601 0.804235
vt 0.581557 0.795359
vt 0.601589 0.779140
vt 0.620022 0.766345
vt 0.645696 0.788787
vt 0.716140 0.781968
vt 0.746450 0.781862
vt 0.687053 0.778813
vt 0.694516 0.751085
vt 0.720221 0.752825
vt 0.746373 0.752753
vt 0.660414 0.769084
vt 0.637780 0.751775
vt 0.651127 0.739533
vt 0.669704 0.745712
vt 0.720004 0.720829
vt 0.746290 0.720689
vt 0.694239 0.720542
vt 0.690318 0.689140
vt 0.717787 0.688022
vt 0.746206 0.687776
vt 0.669515 0.719255
vt 0.645213 0.720019
vt 0.638450 0.694397
vt 0.664747 0.691650
vt 0.715871 0.656448
vt 0.746126 0.656120
vt 0.686850 0.658835
vt 0.684285 0.630264
vt 0.714384 0.626575
vt 0.746051 0.625760
vt 0.660298 0.664831
vt 0.632980 0.669429
vt 0.630150 0.643176
vt 0.657318 0.638226
vt 0.713457 0.598871
vt 0.745980 0.596737
vt 0.683073 0.604064
vt 0.682543 0.577186
vt 0.712899 0.570119
vt 0.745908 0.566438
vt 0.656956 0.611262
vt 0.631305 0.613697
vt 0.634065 0.584085
vt 0.657479 0.583828
vt 0.712518 0.537099
vt 0.745827 0.532254
vt 0.682027 0.546582
vt 0.679706 0.516624
vt 0.711169 0.505252
vt 0.745751 0.499748
vt 0.657148 0.555816
vt 0.636050 0.557431
vt 0.639672 0.536267
vt 0.654458 0.528892
vt 0.707702 0.480018
vt 0.745694 0.474484
vt 0.673762 0.491684
vt 0.665797 0.465228
vt 0.706401 0.457716
vt 0.745645 0.452706
vt 0.647903 0.504727
vt 0.629243 0.521427
vt 0.616595 0.500379
vt 0.637652 0.482663
vt 0.616902 0.544061
vt 0.598082 0.524654
vt 0.608665 0.571998
vt 0.581923 0.553413
vt 0.602315 0.604602
vt 0.579321 0.593457
vt 0.599450 0.637826
vt 0.566704 0.629555
vt 0.441754 0.597304
vt 0.471284 0.595344
vt 0.477197 0.646953
vt 0.444504 0.641982
vt 0.601665 0.667620
vt 0.570427 0.665036
vt 0.608805 0.696225
vt 0.579751 0.699455
vt 0.507536 0.627549
vt 0.537647 0.637839
vt 0.543339 0.667312
vt 0.518328 0.672016
vt 0.555230 0.706409
vt 0.529120 0.716484
vt 0.468033 0.689705
vt 0.439967 0.682801
vt 0.458868 0.732456
vt 0.428836 0.720436
vt 0.620710 0.725883
vt 0.597162 0.734896
vt 0.575723 0.745109
vt 0.555338 0.755921
vt 0.403645 0.709371
vt 0.411802 0.755561
vt 0.390539 0.741747
vt 0.433402 0.769562
vt 0.379985 0.697394
vt 0.369951 0.728310
vt 0.281235 0.717772
vt 0.278873 0.749096
vt 0.303544 0.747667
vt 0.307081 0.717574
vt 0.253577 0.717426
vt 0.253042 0.749260
vt 0.329298 0.716529
vt 0.325874 0.744901
vt 0.343198 0.739569
vt 0.349663 0.718740
vt 0.252539 0.779253
vt 0.282291 0.779209
vt 0.310351 0.776319
vt 0.288418 0.806968
vt 0.322006 0.801980
vt 0.252069 0.807278
vt 0.335009 0.768829
vt 0.355223 0.753805
vt 0.350038 0.789476
vt 0.372791 0.769413
vt 0.251634 0.833204
vt 0.294185 0.831232
vt 0.333012 0.823096
vt 0.299772 0.853749
vt 0.348413 0.844273
vt 0.251131 0.863226
vt 0.364298 0.808003
vt 0.389933 0.785606
vt 0.378174 0.825470
vt 0.407935 0.806667
vt 0.746673 0.862984
vt 0.746590 0.833302
vt 0.702642 0.830526
vt 0.695376 0.851367
vt 0.662404 0.821120
vt 0.644080 0.839750
vt 0.709650 0.807965
vt 0.675224 0.802550
vt 0.746522 0.808538
vt 0.629601 0.804235
vt 0.612818 0.817555
vt 0.601589 0.779140
vt 0.581557 0.795359
vt 0.645696 0.788787
vt 0.620022 0.766345
vt 0.746450 0.781862
vt 0.716140 0.781968
vt 0.687053 0.778813
vt 0.720221 0.752825
vt 0.694516 0.751085
vt 0.746373 0.752753
vt 0.660414 0.769084
vt 0.637780 0.751775
vt 0.669704 0.745712
vt 0.651127 0.739533
vt 0.746290 0.720689
vt 0.720004 0.720829
vt 0.694239 0.720542
vt 0.717787 0.688022
vt 0.690318 0.689140
vt 0.746206 0.687776
vt 0.669515 0.719255
vt 0.645213 0.720019
vt 0.664747 0.691650
vt 0.638450 0.694397
vt 0.746126 0.656120
vt 0.715871 0.656448
vt 0.686850 0.658835
vt 0.714384 0.626575
vt 0.684285 0.630264
vt 0.746051 0.625760
vt 0.660298 0.664831
vt 0.632980 0.669429
vt 0.657318 0.638226
vt 0.630150 0.643176
vt 0.745980 0.596737
vt 0.713457 0.598871
vt 0.683073 0.604064
vt 0.712899 0.570119
vt 0.682543 0.577186
vt 0.745908 0.566438
vt 0.656956 0.611262
vt 0.631305 0.613697
vt 0.657479 0.583828
vt 0.634065 0.584085
vt 0.745827 0.532254
vt 0.712518 0.537099
vt 0.682027 0.546582
vt 0.711169 0.505252
vt 0.679706 0.516624
vt 0.745751 0.499748
vt 0.657148 0.555816
vt 0.636050 0.557431
vt 0.654458 0.528892
vt 0.639672 0.536267
vt 0.745694 0.474484
vt 0.707702 0.480018
vt 0.673762 0.491684
vt 0.706401 0.457716
vt 0.665797 0.465228
vt 0.745645 0.452706
vt 0.647903 0.504727
vt 0.629243 0.521427
vt 0.637652 0.482663
vt 0.616595 0.500379
vt 0.598082 0.524654
vt 0.616902 0.544061
vt 0.608665 0.571998
vt 0.581923 0.553413
vt 0.579321 0.593457
vt 0.602315 0.604602
vt 0.599450 0.637826
vt 0.566704 0.629555
vt 0.441754 0.597304
vt 0.444504 0.641982
vt 0.477197 0.646953
vt 0.471284 0.595344
vt 0.570427 0.665036
vt 0.601665 0.667620
vt 0.608805 0.696225
vt 0.579751 0.699455
vt 0.507536 0.627549
vt 0.518328 0.672016
vt 0.543339 0.667312
vt 0.537647 0.637839
vt 0.555230 0.706409
vt 0.529120 0.716484
vt 0.439967 0.682801
vt 0.468033 0.689705
vt 0.428836 0.720436
vt 0.458868 0.732456
vt 0.597162 0.734896
vt 0.620710 0.725883
vt 0.555338 0.755921
vt 0.575723 0.745109
vt 0.403645 0.709371
vt 0.390539 0.741747
vt 0.411802 0.755561
vt 0.433402 0.769562
vt 0.379985 0.697394
vt 0.369951 0.728310
vt 0.000000 0.000000
vt 1.000000 0.000000
vt 1.000000 1.000000
vt 0.000000 1.000000
vt 0.000000 0.000000
vt 1.000000 0.000000
vt 1.000000 1.000000
vt 0.000000 1.000000
vt 0.000000 0.000000
vt 1.000000 0.000000
vt 1.000000 1.000000
vt 0.000000 1.000000
vt 0.000000 0.000000
vt 1.000000 0.000000
vt 1.000000 1.000000
vt 0.000000 1.000000
vt 0.000000 0.000000
vt 1.000000 0.000000
vt 1.000000 1.000000
vt 0.000000 1.000000
vt 0.000000 0.000000
vt 1.000000 0.000000
vt 1.000000 1.000000
vt 0.000000 1.000000
vt 0.000000 0.000000
vt 1.000000 0.000000
vt 1.000000 1.000000
vt 0.000000 1.000000
vt 0.000000 0.000000
vt 1.000000 0.000000
vt 1.000000 1.000000
vt 0.000000 1.000000
vt 0.000000 0.000000
vt 1.000000 0.000000
vt 1.000000 1.000000
vt 0.000000 1.000000
vt 0.000000 0.000000
vt 1.000000 0.000000
vt 1.000000 1.000000
vt 0.000000 1.000000
vt 0.000000 0.000000
vt 1.000000 0.000000
vt 1.000000 1.000000
vt 0.000000 1.000000
vt 0.000000 0.000000
vt 1.000000 0.000000
vt 1.000000 1.000000
vt 0.000000 1.000000
vt 0.000000 0.000000
vt 1.000000 0.000000
vt 1.000000 1.000000
vt 0.000000 1.000000
vt 0.000000 0.000000
vt 1.000000 0.000000
vt 1.000000 1.000000
vt 0.000000 1.000000
vt 0.000000 0.000000
vt 1.000000 0.000000
vt 1.000000 1.000000
vt 0.000000 1.000000
vt 0.000000 0.000000
vt 1.000000 0.000000
vt 1.000000 1.000000
vt 0.000000 1.000000
vt 0.000000 0.000000
vt 1.000000 0.000000
vt 1.000000 1.000000
vt 0.000000 1.000000
vt 0.000000 0.000000
vt 1.000000 0.000000
vt 1.000000 1.000000
vt 0.000000 1.000000
vt 0.000000 0.000000
vt 1.000000 0.000000
vt 1.000000 1.000000
vt 0.000000 1.000000
vt 0.000000 0.000000
vt 1.000000 0.000000
vt 1.000000 1.000000
vt 0.000000 1.000000
vt 0.000000 0.000000
vt 1.000000 0.000000
vt 1.000000 1.000000
vt 0.000000 1.000000
vt 0.000000 0.000000
vt 1.000000 0.000000
vt 1.000000 1.000000
vt 0.000000 1.000000
vt 0.000000 0.000000
vt 1.000000 0.000000
vt 1.000000 1.000000
vt 0.000000 1.000000
vt 0.000000 0.000000
vt 1.000000 0.000000
vt 1.000000 1.000000
vt 0.000000 1.000000
vt 0.000000 0.000000
vt 1.000000 0.000000
vt 1.000000 1.000000
vt 0.000000 1.000000
vt 0.000000 0.000000
vt 1.000000 0.000000
vt 1.000000 1.000000
vt 0.000000 1.000000
vt 0.000000 0.000000
vt 1.000000 0.000000
vt 1.000000 1.000000
vt 0.000000 1.000000
vt 0.000000 0.000000
vt 1.000000 0.000000
vt 1.000000 1.000000
vt 0.000000 1.000000
vt 0.000000 0.000000
vt 1.000000 0.000000
vt 1.000000 1.000000
vt 0.000000 1.000000
vt 0.000000 0.000000
vt 1.000000 0.000000
vt 1.000000 1.000000
vt 0.000000 1.000000
vt 0.000000 0.000000
vt 1.000000 0.000000
vt 1.000000 1.000000
vt 0.000000 1.000000
vt 0.000000 0.000000
vt 1.000000 0.000000
vt 1.000000 1.000000
vt 0.000000 1.000000
vt 0.000000 0.000000
vt 1.000000 0.000000
vt 1.000000 1.000000
vt 0.000000 1.000000
vt 0.000000 0.000000
vt 1.000000 0.000000
vt 1.000000 1.000000
vt 0.000000 1.000000
vt 0.000000 0.000000
vt 1.000000 0.000000
vt 1.000000 1.000000
vt 0.000000 1.000000
vt 0.000000 0.000000
vt 1.000000 0.000000
vt 1.000000 1.000000
vt 0.000000 1.000000
vt 0.000000 0.000000
vt 1.000000 0.000000
vt 1.000000 1.000000
vt 0.000000 1.000000
vt 0.000000 0.000000
vt 1.000000 0.000000
vt 1.000000 1.000000
vt 0.000000 1.000000
vt 0.000000 0.000000
vt 1.000000 0.000000
vt 1.000000 1.000000
vt 0.000000 1.000000
vt 0.000000 0.000000
vt 1.000000 0.000000
vt 1.000000 1.000000
vt 0.000000 1.000000
vt 0.000000 0.000000
vt 1.000000 0.000000
vt 1.000000 1.000000
vt 0.000000 1.000000
vt 0.000000 0.000000
vt 1.000000 0.000000
vt 1.000000 1.000000
vt 0.000000 1.000000
vt 0.000000 0.000000
vt 1.000000 0.000000
vt 1.000000 1.000000
vt 0.000000 1.000000
vt 0.000000 0.000000
vt 1.000000 0.000000
vt 1.000000 1.000000
vt 0.000000 1.000000
vt 0.000000 0.000000
vt 1.000000 0.000000
vt 1.000000 1.000000
vt 0.000000 1.000000
vt 0.000000 0.000000
vt 1.000000 0.000000
vt 1.000000 1.000000
vt 0.000000 1.000000
vt 0.712518 0.537099
vt 0.682027 0.546582
vt 0.745827 0.532254
vt 0.657148 0.555816
vt 0.636050 0.557431
vt 0.665797 0.465228
vt 0.706401 0.457716
vt 0.745645 0.452706
vt 0.616595 0.500379
vt 0.637652 0.482663
vt 0.616902 0.544061
vt 0.598082 0.524654
vt 0.682027 0.546582
vt 0.712518 0.537099
vt 0.745827 0.532254
vt 0.636050 0.557431
vt 0.657148 0.555816
vt 0.706401 0.457716
vt 0.665797 0.465228
vt 0.745645 0.452706
vt 0.637652 0.482663
vt 0.616595 0.500379
vt 0.598082 0.524654
vt 0.616902 0.544061
vn -0.767208 -0.184493 0.614291
vn -0.292474 -0.558154 0.776481
vn 0.431766 0.615640 0.659216
vn -0.126681 0.841260 0.525579
vn 0.051031 -0.539617 0.840363
vn 0.194939 0.576178 0.793736
vn 0.895356 -0.052869 0.442202
vn -0.302175 -0.559406 0.771852
vn 0.527319 0.503749 0.684231
vn 0.570469 0.525514 0.631189
vn -0.017748 0.916838 0.398865
vn 0.136995 0.876461 0.461572
vn 0.207303 0.917193 0.340268
vn 0.187652 0.960117 0.207271
vn 0.171187 0.933458 0.315200
vn 0.108672 0.901868 0.418120
vn 0.518221 0.765730 0.380925
vn 0.636124 0.552747 0.538346
vn 0.609591 0.689347 0.391408
vn 0.451898 0.869127 0.201014
vn 0.205786 0.912586 0.353325
vn 0.141618 0.933228 0.330196
vn 0.219958 0.885370 0.409559
vn 0.214347 0.946814 0.239998
vn 0.192440 0.957099 0.216630
vn 0.094425 0.986218 0.135857
vn 0.457406 0.795137 0.398167
vn 0.522814 0.760633 0.384843
vn 0.636570 0.762319 0.116828
vn 0.459064 0.862877 0.211433
vn 0.204693 0.975916 -0.075423
vn 0.026165 0.996456 -0.079946
vn 0.238973 0.956172 -0.169197
vn 0.266835 0.953041 -0.143219
vn 0.199154 0.962138 -0.186087
vn 0.000000 0.969504 -0.245076
vn 0.490310 0.845489 -0.211527
vn 0.665445 0.734695 -0.131931
vn 0.573873 0.793858 -0.201147
vn 0.455094 0.871310 -0.183600
vn 0.158450 0.887927 -0.431832
vn -0.000078 0.903420 -0.428756
vn 0.279435 0.869460 -0.407376
vn 0.254523 0.619602 -0.742503
vn 0.176319 0.579056 -0.795994
vn 0.055895 0.676243 -0.734555
vn 0.416455 0.817537 -0.397742
vn 0.537443 0.694261 -0.478703
vn 0.529038 0.529170 -0.663399
vn 0.436904 0.583862 -0.684267
vn 0.164233 0.511316 -0.843554
vn 0.112261 0.526958 -0.842444
vn 0.209916 0.507317 -0.835802
vn 0.237763 0.384743 -0.891876
vn 0.204671 0.358413 -0.910851
vn 0.140961 0.514906 -0.845578
vn 0.456164 0.534944 -0.711161
vn 0.534746 0.495163 -0.684734
vn 0.626942 0.432099 -0.648255
vn 0.462312 0.403473 -0.789606
vn 0.232780 0.167275 -0.958036
vn 0.109057 0.084865 -0.990406
vn 0.310688 0.033851 -0.949909
vn 0.249692 0.065210 -0.966127
vn 0.178237 -0.075263 -0.981105
vn 0.000000 -0.053818 -0.998551
vn 0.481622 0.194437 -0.854538
vn 0.733717 0.214762 -0.644622
vn 0.791980 0.076239 -0.605769
vn 0.601140 0.082099 -0.794915
vn 0.176658 0.016282 -0.984138
vn -0.030235 -0.012566 -0.999464
vn 0.173351 0.055331 -0.983305
vn 0.228134 -0.045080 -0.972586
vn 0.150007 -0.114055 -0.982084
vn -0.043336 -0.120457 -0.991772
vn 0.475220 0.141191 -0.868465
vn 0.819051 0.101708 -0.564633
vn 0.818594 -0.072060 -0.569835
vn 0.518669 -0.110211 -0.847842
vn 0.115951 -0.130996 -0.984579
vn -0.039602 -0.144579 -0.988701
vn 0.238587 -0.052431 -0.969705
vn -0.110095 -0.068142 -0.991582
vn 0.132125 -0.015803 -0.991107
vn 0.380151 -0.212732 -0.900128
vn -0.051148 -0.285741 -0.956941
vn -0.025727 -0.076797 -0.996715
vn -0.018704 -0.373445 -0.927464
vn 0.376494 -0.161363 -0.912258
vn 0.748149 0.094149 -0.656817
vn 0.371749 0.065286 -0.926035
vn 0.758844 0.036469 -0.650250
vn 0.726994 -0.103879 -0.678740
vn 0.321812 -0.016439 -0.946661
vn 0.489596 -0.630556 -0.602242
vn 0.175820 -0.840189 -0.513000
vn -0.052381 -0.490772 -0.869712
vn -0.038934 -0.224064 0.973796
vn 0.077772 -0.192089 0.978291
vn 0.070657 -0.276674 0.958363
vn 0.860022 -0.259522 -0.439330
vn 0.826788 -0.429676 -0.363043
vn 0.405008 -0.203891 0.891290
vn 0.504807 -0.271973 0.819269
vn 0.933647 -0.064238 -0.352386
vn 0.639343 -0.098794 0.762548
vn 0.853225 -0.034698 -0.520388
vn 0.904447 -0.018070 -0.426203
vn 0.865628 -0.115315 0.487228
vn 0.966313 -0.211950 0.145999
vn 0.892123 -0.029906 -0.450802
vn 0.914694 -0.260386 0.309085
vn 0.916330 0.132291 -0.377941
vn 0.997991 -0.060538 -0.018692
vn 0.541435 -0.180942 0.821041
vn 0.669493 -0.208624 0.712920
vn 0.910811 -0.025293 -0.412048
vn 0.742695 -0.007792 0.669584
vn 0.903656 0.235213 -0.357883
vn 0.960776 0.219201 -0.169884
vn 0.812056 0.336621 -0.476709
vn 0.954628 0.197826 -0.222599
vn 0.997269 0.034843 0.065112
vn 0.984599 0.139561 -0.105297
vn 0.995030 0.011046 -0.098958
vn 0.965956 0.036867 -0.256066
vn 0.992012 0.123845 0.023974
vn 0.726830 -0.588051 -0.354844
vn 0.609947 -0.454313 0.649280
vn 0.706207 0.468492 -0.530835
vn 0.786151 0.582243 -0.207269
vn 0.843000 0.491381 -0.218851
vn 0.811057 0.584434 0.024968
vn 0.552929 0.224416 0.802438
vn 0.819668 0.365487 0.441093
vn 0.669517 0.434010 0.602812
vn 0.719529 -0.246230 0.649345
vn 0.819721 0.229243 0.524886
vn 0.228579 -0.126048 0.965331
vn 0.082265 0.784184 0.615051
vn -0.535061 0.722041 0.438597
vn 0.628167 -0.531531 0.568226
vn -0.709466 0.068993 0.701355
vn -0.508652 0.442501 0.738557
vn -0.555144 0.423028 0.716144
vn 0.153228 -0.602976 0.782905
vn 0.032764 0.928790 0.369155
vn -0.076536 0.874683 0.478614
vn -0.084449 0.893345 0.441364
vn -0.122424 0.899595 0.419214
vn -0.432749 0.685632 0.585352
vn -0.574473 0.521811 0.630630
vn -0.397116 0.836220 0.378199
vn -0.484914 0.652768 0.582024
vn -0.095465 0.945709 0.310678
vn -0.262241 0.932620 0.247890
vn -0.144296 0.988975 0.033283
vn -0.298492 0.954385 0.007215
vn -0.550094 0.821259 0.151426
vn -0.482730 0.861106 0.159589
vn -0.500575 0.864348 0.048243
vn -0.579732 0.812218 -0.064904
vn -0.200981 0.966793 -0.157854
vn -0.270229 0.937794 -0.217989
vn -0.199154 0.962138 -0.186088
vn -0.266835 0.953041 -0.143219
vn -0.490310 0.845489 -0.211528
vn -0.618598 0.779727 -0.096760
vn -0.455094 0.871310 -0.183600
vn -0.553396 0.807992 -0.202242
vn -0.158381 0.887920 -0.431873
vn -0.279435 0.869460 -0.407376
vn -0.159583 0.650372 -0.742664
vn -0.292754 0.661215 -0.690717
vn -0.416455 0.817537 -0.397742
vn -0.537444 0.694261 -0.478703
vn -0.421564 0.615487 -0.665928
vn -0.551239 0.544891 -0.631846
vn -0.168329 0.555004 -0.814639
vn -0.309564 0.544828 -0.779315
vn -0.127800 0.269419 -0.954505
vn -0.359995 0.441364 -0.821950
vn -0.453195 0.520040 -0.723998
vn -0.572369 0.495563 -0.653307
vn -0.494543 0.430877 -0.754833
vn -0.641720 0.419474 -0.642057
vn -0.222325 -0.030903 -0.974483
vn -0.344682 0.072955 -0.935880
vn -0.194025 -0.067612 -0.978664
vn -0.203313 0.022116 -0.978864
vn -0.502017 0.276178 -0.819576
vn -0.735028 0.295069 -0.610466
vn -0.532206 0.085382 -0.842299
vn -0.861777 0.062085 -0.503474
vn -0.181503 -0.060845 -0.981506
vn -0.215458 -0.102844 -0.971082
vn -0.182862 -0.083252 -0.979607
vn -0.238144 -0.083891 -0.967600
vn -0.493767 -0.122574 -0.860912
vn -0.852900 -0.103046 -0.511803
vn -0.628564 -0.178427 -0.757015
vn -0.853320 -0.090721 -0.513434
vn -0.120780 -0.119762 -0.985428
vn -0.162213 -0.048942 -0.985541
vn 0.109154 -0.075589 -0.991147
vn -0.176911 -0.403199 -0.897849
vn 0.015212 -0.094171 -0.995440
vn -0.172827 -0.058354 -0.983222
vn -0.522080 0.042219 -0.851851
vn -0.755875 0.012319 -0.654600
vn -0.481925 0.033605 -0.875568
vn -0.547516 -0.246929 -0.799533
vn -0.698297 -0.266247 -0.664450
vn -0.704101 0.056118 -0.707879
vn -0.848380 -0.521524 -0.090903
vn 0.290598 -0.792755 0.535811
vn -0.271298 -0.229557 0.934720
vn 0.102470 -0.216763 0.970832
vn -0.770875 -0.497043 -0.398371
vn -0.206595 -0.792785 -0.573420
vn 0.119053 -0.070140 0.990407
vn 0.011320 -0.251336 0.967834
vn -0.655963 -0.096905 0.748547
vn -0.994961 -0.100218 0.003033
vn -0.997047 -0.027004 -0.071890
vn -0.883856 -0.107160 -0.455319
vn -0.783856 -0.141302 0.604652
vn -0.847824 -0.374670 0.375255
vn -0.903609 -0.306583 0.299161
vn -0.876689 -0.080754 -0.474231
vn -0.909204 0.121672 -0.398176
vn -0.994771 -0.029970 -0.097630
vn -0.351482 -0.158553 0.922671
vn -0.640945 0.004459 0.767574
vn -0.923285 -0.042659 -0.381740
vn -0.471346 -0.198618 0.859293
vn -0.949812 0.235718 -0.205656
vn -0.898325 0.252691 -0.359388
vn -0.812056 0.336621 -0.476709
vn -0.943364 0.154660 -0.293505
vn -0.991985 0.095738 -0.082468
vn -0.977146 0.204607 -0.057633
vn -0.997748 0.047642 0.047218
vn -0.963409 -0.035022 -0.265739
vn -0.996669 0.075717 0.030288
vn -0.763546 -0.567000 -0.309046
vn -0.863509 -0.396822 0.311263
vn -0.753766 0.608031 -0.249270
vn -0.706207 0.468493 -0.530835
vn -0.909024 0.416727 0.003695
vn -0.858319 0.442301 -0.260112
vn -0.578807 0.078065 0.811719
vn -0.592216 0.348608 0.726466
vn -0.848735 0.432871 0.303761
vn -0.678172 -0.383732 0.626763
vn -0.737941 0.211707 0.640799
vn -0.684170 -0.457142 0.568272
vn -0.362357 -0.507968 0.781451
vn 0.058822 -0.611538 0.789025
vn -0.641433 -0.760783 0.098864
vn -0.378334 -0.886910 -0.265054
vn 0.006857 -0.302613 0.953089
vn 0.119076 -0.300077 0.946454
vn 0.269251 -0.946142 0.179776
vn 0.078501 -0.971862 0.222084
vn -0.001112 -0.427243 0.904136
vn 0.003542 -0.969959 0.243243
vn 0.357240 -0.365980 0.859324
vn 0.167453 -0.263238 0.950087
vn 0.772046 -0.621131 0.134689
vn 0.653459 -0.724828 0.218211
vn 0.710065 -0.694996 -0.113081
vn 0.767121 -0.409975 0.493402
vn 0.590726 -0.328280 0.737072
vn 0.490275 -0.516304 0.702183
vn -0.495949 -0.104524 0.862038
vn -0.295618 -0.079676 -0.951978
vn 0.099661 -0.342196 -0.934328
vn -0.142039 -0.107472 0.984009
vn 0.392254 -0.909514 -0.137553
vn -0.426278 -0.851281 -0.305954
vn -0.832130 -0.451150 0.322526
vn -0.761415 -0.505301 0.406101
vn -0.628244 -0.773078 0.087521
vn 0.555768 -0.694971 -0.456221
vn 0.614403 -0.661908 0.429402
vn 0.618770 -0.564231 0.546596
vn 0.253888 -0.911109 -0.324686
vn 0.644968 -0.764088 0.013608
vn 0.036562 -0.446867 0.893853
vn -0.125259 -0.396177 0.909590
vn -0.085389 -0.970492 0.225506
vn -0.270679 -0.946326 0.176633
vn -0.394074 -0.351965 0.849015
vn -0.489944 -0.415172 0.766542
vn -0.660159 -0.720643 0.211808
vn -0.777314 -0.588335 0.222812
vn -0.721949 -0.645661 0.248820
vn -0.726875 -0.479461 0.491701
vn -0.559816 -0.340401 0.755468
vn -0.431119 -0.469890 0.770285
vn 0.495947 -0.104524 0.862039
vn 0.142159 -0.107403 0.984000
vn -0.054038 -0.363819 -0.929901
vn 0.218695 -0.079210 -0.972573
vn -0.281641 -0.942385 -0.180524
vn 0.426803 -0.851632 -0.304239
vn 0.832130 -0.451151 0.322526
vn 0.850464 -0.520567 0.075638
vn 0.741954 -0.668015 -0.057101
vn -0.539377 -0.717393 -0.440930
s 1
g KALBO HAIR_2
usemtl standardSurface2SG
f 1109/1262/1109 1110/1263/1110 1111/1264/1111 1112/1265/1112
f 1113/1266/1113 1109/1262/1109 1112/1265/1112 1114/1267/1114
f 1115/1268/1115 1116/1269/1116 1117/1270/1117 1118/1271/1118
f 1110/1263/1110 1115/1268/1115 1118/1271/1118 1111/1264/1111
f 1114/1267/1114 1112/1265/1112 1119/1272/1119 1120/1273/1120
f 1112/1265/1112 1111/1264/1111 1121/1274/1121 1119/1272/1119
f 1119/1272/1119 1121/1274/1121 1122/1275/1122 1123/1276/1123
f 1120/1273/1120 1119/1272/1119 1123/1276/1123 1124/1277/1124
f 1111/1264/1111 1118/1271/1118 1125/1278/1125 1121/1274/1121
f 1118/1271/1118 1117/1270/1117 1126/1279/1126 1125/1278/1125
f 1125/1278/1125 1126/1279/1126 1127/1280/1127 1128/1281/1128
f 1121/1274/1121 1125/1278/1125 1128/1281/1128 1122/1275/1122
f 1124/1277/1124 1123/1276/1123 1129/1282/1129 1130/1283/1130
f 1123/1276/1123 1122/1275/1122 1131/1284/1131 1129/1282/1129
f 1129/1282/1129 1131/1284/1131 1132/1285/1132 1133/1286/1133
f 1130/1283/1130 1129/1282/1129 1133/1286/1133 1134/1287/1134
f 1122/1275/1122 1128/1281/1128 1135/1288/1135 1131/1284/1131
f 1128/1281/1128 1127/1280/1127 1136/1289/1136 1135/1288/1135
f 1135/1288/1135 1136/1289/1136 1137/1290/1137 1138/1291/1138
f 1131/1284/1131 1135/1288/1135 1138/1291/1138 1132/1285/1132
f 1134/1292/1134 1133/1293/1133 1139/1294/1139 1140/1295/1140
f 1133/1293/1133 1132/1296/1132 1141/1297/1141 1139/1294/1139
f 1139/1294/1139 1141/1297/1141 1142/1298/1142 1143/1299/1143
f 1140/1295/1140 1139/1294/1139 1143/1299/1143 1144/1300/1144
f 1132/1296/1132 1138/1301/1138 1145/1302/1145 1141/1297/1141
f 1138/1301/1138 1137/1303/1137 1146/1304/1146 1145/1302/1145
f 1145/1302/1145 1146/1304/1146 1147/1305/1147 1148/1306/1148
f 1141/1297/1141 1145/1302/1145 1148/1306/1148 1142/1298/1142
f 1144/1300/1144 1143/1299/1143 1149/1307/1149 1150/1308/1150
f 1143/1299/1143 1142/1298/1142 1151/1309/1151 1149/1307/1149
f 1149/1307/1149 1151/1309/1151 1152/1310/1152 1153/1311/1153
f 1150/1308/1150 1149/1307/1149 1153/1311/1153 1154/1312/1154
f 1142/1298/1142 1148/1306/1148 1155/1313/1155 1151/1309/1151
f 1148/1306/1148 1147/1305/1147 1156/1314/1156 1155/1313/1155
f 1155/1313/1155 1156/1314/1156 1157/1315/1157 1158/1316/1158
f 1151/1309/1151 1155/1313/1155 1158/1316/1158 1152/1310/1152
f 1154/1312/1154 1153/1311/1153 1159/1317/1159 1160/1318/1160
f 1153/1311/1153 1152/1310/1152 1161/1319/1161 1159/1317/1159
f 1159/1317/1159 1161/1319/1161 1162/1320/1162 1163/1321/1163
f 1160/1318/1160 1159/1317/1159 1163/1321/1163 1164/1322/1164
f 1152/1310/1152 1158/1316/1158 1165/1323/1165 1161/1319/1161
f 1158/1316/1158 1157/1315/1157 1166/1324/1166 1165/1323/1165
f 1165/1323/1165 1166/1324/1166 1167/1325/1167 1168/1326/1168
f 1161/1319/1161 1165/1323/1165 1168/1326/1168 1162/1320/1162
f 1164/1322/1164 1163/1321/1163 1169/1327/1169 1170/1328/1170
f 1163/1321/1163 1162/1320/1162 1171/1329/1171 1169/1327/1169
f 1169/1327/1169 1171/1329/1171 1172/1330/1172 1173/1331/1173
f 1170/1328/1170 1169/1327/1169 1173/1331/1173 1174/1332/1174
f 1162/1320/1162 1168/1326/1168 1175/1333/1175 1171/1329/1171
f 1168/1326/1168 1167/1325/1167 1176/1334/1176 1175/1333/1175
f 1175/1333/1175 1176/1334/1176 1177/1335/1177 1178/1336/1178
f 1171/1329/1171 1175/1333/1175 1178/1336/1178 1172/1330/1172
f 1174/1332/1174 1173/1331/1173 1179/1337/1179 1180/1338/1180
f 1173/1331/1173 1172/1330/1172 1181/1339/1181 1179/1337/1179
f 1179/1337/1179 1181/1339/1181 1182/1340/1182 1183/1341/1183
f 1180/1338/1180 1179/1337/1179 1183/1341/1183 1184/1342/1184
f 1172/1330/1172 1178/1336/1178 1185/1343/1185 1181/1339/1181
f 1178/1336/1178 1177/1335/1177 1186/1344/1186 1185/1343/1185
f 1185/1343/1185 1186/1344/1186 1187/1345/1187 1188/1346/1188
f 1181/1339/1181 1185/1343/1185 1188/1346/1188 1182/1340/1182
f 1184/1342/1184 1183/1341/1183 1189/1347/1189 1190/1348/1190
f 1183/1341/1183 1182/1340/1182 1191/1349/1191 1189/1347/1189
f 1382/1728/1192 1381/1729/1193 1383/1350/1194 1384/1351/1195
f 1385/1730/1196 1382/1728/1192 1384/1351/1195 1386/1352/1197
f 1182/1340/1182 1188/1346/1188 1192/1353/1198 1191/1349/1191
f 1188/1346/1188 1187/1345/1187 1193/1354/1199 1192/1353/1198
f 1388/1731/1200 1387/1732/1201 1389/1355/1202 1390/1356/1203
f 1381/1729/1193 1388/1731/1200 1390/1356/1203 1383/1350/1194
f 1386/1352/1197 1384/1351/1195 1391/1357/1204 1392/1358/1205
f 1384/1351/1195 1383/1350/1194 1393/1359/1206 1391/1357/1204
f 1391/1357/1204 1393/1359/1206 1394/1733/1207 1395/1734/1208
f 1392/1358/1205 1391/1357/1204 1395/1734/1208 1396/1735/1209
f 1383/1350/1194 1390/1356/1203 1397/1363/1210 1393/1359/1206
f 1390/1356/1203 1389/1355/1202 1398/1364/1211 1397/1363/1210
f 1397/1363/1210 1398/1364/1211 1399/1736/1212 1400/1737/1213
f 1393/1359/1206 1397/1363/1210 1400/1737/1213 1394/1733/1207
f 1399/1736/1212 1398/1364/1211 1401/1738/1214 1402/1739/1215
f 1398/1364/1211 1389/1355/1202 1387/1732/1201 1401/1738/1214
f 1199/1367/1216 1193/1354/1199 1187/1345/1187 1201/1369/1217
f 1200/1368/1218 1199/1367/1216 1201/1369/1217 1202/1370/1219
f 1202/1370/1219 1201/1369/1217 1203/1371/1220 1204/1372/1221
f 1201/1369/1217 1187/1345/1187 1186/1344/1186 1203/1371/1220
f 1203/1371/1220 1186/1344/1186 1177/1335/1177 1205/1373/1222
f 1204/1372/1221 1203/1371/1220 1205/1373/1222 1206/1374/1223
f 1207/1375/1224 1208/1376/1225 1209/1377/1226 1210/1378/1227
f 1206/1374/1223 1205/1373/1222 1211/1379/1228 1212/1380/1229
f 1205/1373/1222 1177/1335/1177 1176/1334/1176 1211/1379/1228
f 1211/1379/1228 1176/1334/1176 1167/1325/1167 1213/1381/1230
f 1212/1380/1229 1211/1379/1228 1213/1381/1230 1214/1382/1231
f 1209/1383/1226 1215/1384/1232 1216/1385/1233 1217/1386/1234
f 1215/1384/1232 1206/1374/1223 1212/1380/1229 1216/1385/1233
f 1216/1385/1233 1212/1380/1229 1214/1382/1231 1218/1387/1235
f 1217/1386/1234 1216/1385/1233 1218/1387/1235 1219/1388/1236
f 1210/1378/1227 1209/1377/1226 1217/1389/1234 1220/1390/1237
f 1220/1390/1237 1217/1389/1234 1219/1391/1236 1221/1392/1238
f 1214/1382/1231 1213/1381/1230 1222/1393/1239 1223/1394/1240
f 1213/1381/1230 1167/1325/1167 1166/1324/1166 1222/1393/1239
f 1222/1393/1239 1166/1324/1166 1157/1315/1157 1156/1314/1156
f 1223/1394/1240 1222/1393/1239 1156/1314/1156 1147/1305/1147
f 1219/1388/1236 1218/1387/1235 1224/1395/1241 1225/1396/1242
f 1218/1387/1235 1214/1382/1231 1223/1394/1240 1224/1395/1241
f 1224/1395/1241 1223/1394/1240 1147/1305/1147 1146/1304/1146
f 1225/1396/1242 1224/1395/1241 1146/1304/1146 1137/1303/1137
f 1226/1397/1243 1221/1392/1238 1227/1398/1244 1228/1399/1245
f 1221/1392/1238 1219/1391/1236 1225/1400/1242 1227/1398/1244
f 1227/1398/1244 1225/1400/1242 1137/1290/1137 1136/1289/1136
f 1228/1399/1245 1227/1398/1244 1136/1289/1136 1127/1280/1127
f 1229/1401/1246 1226/1397/1243 1228/1399/1245 1230/1402/1247
f 1230/1402/1247 1228/1399/1245 1127/1280/1127 1126/1279/1126
f 1116/1269/1116 1230/1402/1247 1126/1279/1126 1117/1270/1117
f 1231/1403/1248 1232/1404/1249 1233/1405/1250 1234/1406/1251
f 1113/1407/1113 1114/1408/1114 1232/1404/1249 1231/1403/1248
f 1235/1409/1252 1236/1410/1253 1237/1411/1254 1238/1412/1255
f 1234/1406/1251 1233/1405/1250 1236/1410/1253 1235/1409/1252
f 1114/1408/1114 1120/1413/1120 1239/1414/1256 1232/1404/1249
f 1232/1404/1249 1239/1414/1256 1240/1415/1257 1233/1405/1250
f 1239/1414/1256 1241/1416/1258 1242/1417/1259 1240/1415/1257
f 1120/1413/1120 1124/1418/1124 1241/1416/1258 1239/1414/1256
f 1233/1405/1250 1240/1415/1257 1243/1419/1260 1236/1410/1253
f 1236/1410/1253 1243/1419/1260 1244/1420/1261 1237/1411/1254
f 1243/1419/1260 1245/1421/1262 1246/1422/1263 1244/1420/1261
f 1240/1415/1257 1242/1417/1259 1245/1421/1262 1243/1419/1260
f 1124/1418/1124 1130/1423/1130 1247/1424/1264 1241/1416/1258
f 1241/1416/1258 1247/1424/1264 1248/1425/1265 1242/1417/1259
f 1247/1424/1264 1249/1426/1266 1250/1427/1267 1248/1425/1265
f 1130/1423/1130 1134/1428/1134 1249/1426/1266 1247/1424/1264
f 1242/1417/1259 1248/1425/1265 1251/1429/1268 1245/1421/1262
f 1245/1421/1262 1251/1429/1268 1252/1430/1269 1246/1422/1263
f 1251/1429/1268 1253/1431/1270 1254/1432/1271 1252/1430/1269
f 1248/1425/1265 1250/1427/1267 1253/1431/1270 1251/1429/1268
f 1134/1433/1134 1140/1434/1140 1255/1435/1272 1249/1436/1266
f 1249/1436/1266 1255/1435/1272 1256/1437/1273 1250/1438/1267
f 1255/1435/1272 1257/1439/1274 1258/1440/1275 1256/1437/1273
f 1140/1434/1140 1144/1441/1144 1257/1439/1274 1255/1435/1272
f 1250/1438/1267 1256/1437/1273 1259/1442/1276 1253/1443/1270
f 1253/1443/1270 1259/1442/1276 1260/1444/1277 1254/1445/1271
f 1259/1442/1276 1261/1446/1278 1262/1447/1279 1260/1444/1277
f 1256/1437/1273 1258/1440/1275 1261/1446/1278 1259/1442/1276
f 1144/1441/1144 1150/1448/1150 1263/1449/1280 1257/1439/1274
f 1257/1439/1274 1263/1449/1280 1264/1450/1281 1258/1440/1275
f 1263/1449/1280 1265/1451/1282 1266/1452/1283 1264/1450/1281
f 1150/1448/1150 1154/1453/1154 1265/1451/1282 1263/1449/1280
f 1258/1440/1275 1264/1450/1281 1267/1454/1284 1261/1446/1278
f 1261/1446/1278 1267/1454/1284 1268/1455/1285 1262/1447/1279
f 1267/1454/1284 1269/1456/1286 1270/1457/1287 1268/1455/1285
f 1264/1450/1281 1266/1452/1283 1269/1456/1286 1267/1454/1284
f 1154/1453/1154 1160/1458/1160 1271/1459/1288 1265/1451/1282
f 1265/1451/1282 1271/1459/1288 1272/1460/1289 1266/1452/1283
f 1271/1459/1288 1273/1461/1290 1274/1462/1291 1272/1460/1289
f 1160/1458/1160 1164/1463/1164 1273/1461/1290 1271/1459/1288
f 1266/1452/1283 1272/1460/1289 1275/1464/1292 1269/1456/1286
f 1269/1456/1286 1275/1464/1292 1276/1465/1293 1270/1457/1287
f 1275/1464/1292 1277/1466/1294 1278/1467/1295 1276/1465/1293
f 1272/1460/1289 1274/1462/1291 1277/1466/1294 1275/1464/1292
f 1164/1463/1164 1170/1468/1170 1279/1469/1296 1273/1461/1290
f 1273/1461/1290 1279/1469/1296 1280/1470/1297 1274/1462/1291
f 1279/1469/1296 1281/1471/1298 1282/1472/1299 1280/1470/1297
f 1170/1468/1170 1174/1473/1174 1281/1471/1298 1279/1469/1296
f 1274/1462/1291 1280/1470/1297 1283/1474/1300 1277/1466/1294
f 1277/1466/1294 1283/1474/1300 1284/1475/1301 1278/1467/1295
f 1283/1474/1300 1285/1476/1302 1286/1477/1303 1284/1475/1301
f 1280/1470/1297 1282/1472/1299 1285/1476/1302 1283/1474/1300
f 1174/1473/1174 1180/1478/1180 1287/1479/1304 1281/1471/1298
f 1281/1471/1298 1287/1479/1304 1288/1480/1305 1282/1472/1299
f 1287/1479/1304 1289/1481/1306 1290/1482/1307 1288/1480/1305
f 1180/1478/1180 1184/1483/1184 1289/1481/1306 1287/1479/1304
f 1282/1472/1299 1288/1480/1305 1291/1484/1308 1285/1476/1302
f 1285/1476/1302 1291/1484/1308 1292/1485/1309 1286/1477/1303
f 1291/1484/1308 1293/1486/1310 1294/1487/1311 1292/1485/1309
f 1288/1480/1305 1290/1482/1307 1293/1486/1310 1291/1484/1308
f 1184/1483/1184 1190/1488/1190 1295/1489/1312 1289/1481/1306
f 1289/1481/1306 1295/1489/1312 1296/1490/1313 1290/1482/1307
f 1404/1741/1314 1403/1491/1315 1405/1492/1316 1406/1740/1317
f 1385/1742/1196 1386/1493/1197 1403/1491/1315 1404/1741/1314
f 1290/1482/1307 1296/1490/1313 1297/1494/1318 1293/1486/1310
f 1293/1486/1310 1297/1494/1318 1298/1495/1319 1294/1487/1311
f 1408/1744/1320 1407/1496/1321 1409/1497/1322 1410/1743/1323
f 1406/1740/1317 1405/1492/1316 1407/1496/1321 1408/1744/1320
f 1386/1493/1197 1392/1498/1205 1411/1499/1324 1403/1491/1315
f 1403/1491/1315 1411/1499/1324 1412/1500/1325 1405/1492/1316
f 1411/1499/1324 1413/1745/1326 1414/1746/1327 1412/1500/1325
f 1392/1498/1205 1396/1747/1209 1413/1745/1326 1411/1499/1324
f 1405/1492/1316 1412/1500/1325 1415/1504/1328 1407/1496/1321
f 1407/1496/1321 1415/1504/1328 1416/1505/1329 1409/1497/1322
f 1415/1504/1328 1417/1748/1330 1418/1749/1331 1416/1505/1329
f 1412/1500/1325 1414/1746/1327 1417/1748/1330 1415/1504/1328
f 1418/1749/1331 1419/1750/1332 1420/1751/1333 1416/1505/1329
f 1416/1505/1329 1420/1751/1333 1410/1743/1323 1409/1497/1322
f 1304/1509/1334 1305/1510/1335 1294/1487/1311 1298/1495/1319
f 1303/1508/1336 1306/1511/1337 1305/1510/1335 1304/1509/1334
f 1306/1511/1337 1307/1512/1338 1308/1513/1339 1305/1510/1335
f 1305/1510/1335 1308/1513/1339 1292/1485/1309 1294/1487/1311
f 1308/1513/1339 1309/1514/1340 1286/1477/1303 1292/1485/1309
f 1307/1512/1338 1310/1515/1341 1309/1514/1340 1308/1513/1339
f 1311/1516/1342 1312/1517/1343 1313/1518/1344 1314/1519/1345
f 1310/1515/1341 1315/1520/1346 1316/1521/1347 1309/1514/1340
f 1309/1514/1340 1316/1521/1347 1284/1475/1301 1286/1477/1303
f 1316/1521/1347 1317/1522/1348 1278/1467/1295 1284/1475/1301
f 1315/1520/1346 1318/1523/1349 1317/1522/1348 1316/1521/1347
f 1313/1524/1344 1319/1525/1350 1320/1526/1351 1321/1527/1352
f 1321/1527/1352 1320/1526/1351 1315/1520/1346 1310/1515/1341
f 1320/1526/1351 1322/1528/1353 1318/1523/1349 1315/1520/1346
f 1319/1525/1350 1323/1529/1354 1322/1528/1353 1320/1526/1351
f 1312/1517/1343 1324/1530/1355 1319/1531/1350 1313/1518/1344
f 1324/1530/1355 1325/1532/1356 1323/1533/1354 1319/1531/1350
f 1318/1523/1349 1326/1534/1357 1327/1535/1358 1317/1522/1348
f 1317/1522/1348 1327/1535/1358 1276/1465/1293 1278/1467/1295
f 1327/1535/1358 1268/1455/1285 1270/1457/1287 1276/1465/1293
f 1326/1534/1357 1262/1447/1279 1268/1455/1285 1327/1535/1358
f 1323/1529/1354 1328/1536/1359 1329/1537/1360 1322/1528/1353
f 1322/1528/1353 1329/1537/1360 1326/1534/1357 1318/1523/1349
f 1329/1537/1360 1260/1444/1277 1262/1447/1279 1326/1534/1357
f 1328/1536/1359 1254/1445/1271 1260/1444/1277 1329/1537/1360
f 1330/1538/1361 1331/1539/1362 1332/1540/1363 1325/1532/1356
f 1325/1532/1356 1332/1540/1363 1328/1541/1359 1323/1533/1354
f 1332/1540/1363 1252/1430/1269 1254/1432/1271 1328/1541/1359
f 1331/1539/1362 1246/1422/1263 1252/1430/1269 1332/1540/1363
f 1333/1542/1364 1334/1543/1365 1331/1539/1362 1330/1538/1361
f 1334/1543/1365 1244/1420/1261 1246/1422/1263 1331/1539/1362
f 1238/1412/1255 1237/1411/1254 1244/1420/1261 1334/1543/1365
f 1110/1544/1110 1109/1545/1109 1336/1546/1366 1335/1547/1367
f 1109/1548/1109 1113/1549/1113 1337/1550/1368 1336/1551/1366
f 1116/1552/1116 1115/1553/1115 1339/1554/1369 1338/1555/1370
f 1115/1556/1115 1110/1557/1110 1335/1558/1367 1339/1559/1369
f 1195/1560/1371 1194/1561/1372 1341/1562/1373 1340/1563/1374
f 1196/1564/1375 1195/1565/1371 1340/1566/1374 1342/1567/1376
f 1198/1568/1377 1197/1569/1378 1344/1570/1379 1343/1571/1380
f 1194/1572/1372 1198/1573/1377 1343/1574/1380 1341/1575/1373
f 1197/1576/1378 1200/1577/1218 1345/1578/1381 1344/1579/1379
f 1200/1580/1218 1202/1581/1219 1346/1582/1382 1345/1583/1381
f 1202/1584/1219 1204/1585/1221 1347/1586/1383 1346/1587/1382
f 1204/1588/1221 1206/1589/1223 1348/1590/1384 1347/1591/1383
f 1208/1592/1225 1207/1593/1224 1350/1594/1385 1349/1595/1386
f 1209/1596/1226 1208/1597/1225 1349/1598/1386 1351/1599/1387
f 1207/1600/1224 1210/1601/1227 1352/1602/1388 1350/1603/1385
f 1215/1604/1232 1209/1605/1226 1351/1606/1387 1353/1607/1389
f 1206/1608/1223 1215/1609/1232 1353/1610/1389 1348/1611/1384
f 1210/1612/1227 1220/1613/1237 1354/1614/1390 1352/1615/1388
f 1220/1616/1237 1221/1617/1238 1355/1618/1391 1354/1619/1390
f 1221/1620/1238 1226/1621/1243 1356/1622/1392 1355/1623/1391
f 1226/1624/1243 1229/1625/1246 1357/1626/1393 1356/1627/1392
f 1229/1628/1246 1230/1629/1247 1358/1630/1394 1357/1631/1393
f 1230/1632/1247 1116/1633/1116 1338/1634/1370 1358/1635/1394
f 1231/1636/1248 1234/1637/1251 1359/1638/1395 1360/1639/1396
f 1113/1640/1113 1231/1641/1248 1360/1642/1396 1337/1643/1368
f 1235/1644/1252 1238/1645/1255 1361/1646/1397 1362/1647/1398
f 1234/1648/1251 1235/1649/1252 1362/1650/1398 1359/1651/1395
f 1300/1652/1399 1299/1653/1400 1363/1654/1401 1364/1655/1402
f 1299/1656/1400 1196/1657/1375 1342/1658/1376 1363/1659/1401
f 1302/1660/1403 1301/1661/1404 1365/1662/1405 1366/1663/1406
f 1301/1664/1404 1300/1665/1399 1364/1666/1402 1365/1667/1405
f 1303/1668/1336 1302/1669/1403 1366/1670/1406 1367/1671/1407
f 1306/1672/1337 1303/1673/1336 1367/1674/1407 1368/1675/1408
f 1307/1676/1338 1306/1677/1337 1368/1678/1408 1369/1679/1409
f 1310/1680/1341 1307/1681/1338 1369/1682/1409 1370/1683/1410
f 1312/1684/1343 1311/1685/1342 1372/1686/1411 1371/1687/1412
f 1314/1688/1345 1313/1689/1344 1374/1690/1413 1373/1691/1414
f 1311/1692/1342 1314/1693/1345 1373/1694/1414 1372/1695/1411
f 1313/1696/1344 1321/1697/1352 1375/1698/1415 1374/1699/1413
f 1321/1700/1352 1310/1701/1341 1370/1702/1410 1375/1703/1415
f 1324/1704/1355 1312/1705/1343 1371/1706/1412 1376/1707/1416
f 1325/1708/1356 1324/1709/1355 1376/1710/1416 1377/1711/1417
f 1330/1712/1361 1325/1713/1356 1377/1714/1417 1378/1715/1418
f 1334/1716/1365 1333/1717/1364 1379/1718/1419 1380/1719/1420
f 1333/1720/1364 1330/1721/1361 1378/1722/1418 1379/1723/1419
f 1238/1724/1255 1334/1725/1365 1380/1726/1420 1361/1727/1397
f 1189/1347/1189 1191/1349/1191 1381/1729/1193 1382/1728/1192
f 1190/1348/1190 1189/1347/1189 1382/1728/1192 1385/1730/1196
f 1192/1353/1198 1193/1354/1199 1387/1732/1201 1388/1731/1200
f 1191/1349/1191 1192/1353/1198 1388/1731/1200 1381/1729/1193
f 1194/1360/1372 1195/1361/1371 1395/1734/1208 1394/1733/1207
f 1195/1361/1371 1196/1362/1375 1396/1735/1209 1395/1734/1208
f 1197/1365/1378 1198/1366/1377 1400/1737/1213 1399/1736/1212
f 1198/1366/1377 1194/1360/1372 1394/1733/1207 1400/1737/1213
f 1199/1367/1216 1200/1368/1218 1402/1739/1215 1401/1738/1214
f 1200/1368/1218 1197/1365/1378 1399/1736/1212 1402/1739/1215
f 1193/1354/1199 1199/1367/1216 1401/1738/1214 1387/1732/1201
f 1296/1490/1313 1295/1489/1312 1404/1741/1314 1406/1740/1317
f 1295/1489/1312 1190/1488/1190 1385/1742/1196 1404/1741/1314
f 1298/1495/1319 1297/1494/1318 1408/1744/1320 1410/1743/1323
f 1297/1494/1318 1296/1490/1313 1406/1740/1317 1408/1744/1320
f 1299/1501/1400 1300/1502/1399 1414/1746/1327 1413/1745/1326
f 1196/1503/1375 1299/1501/1400 1413/1745/1326 1396/1747/1209
f 1301/1506/1404 1302/1507/1403 1418/1749/1331 1417/1748/1330
f 1300/1502/1399 1301/1506/1404 1417/1748/1330 1414/1746/1327
f 1302/1507/1403 1303/1508/1336 1419/1750/1332 1418/1749/1331
f 1303/1508/1336 1304/1509/1334 1420/1751/1333 1419/1750/1332
f 1304/1509/1334 1298/1495/1319 1410/1743/1323 1420/1751/1333
g default
v 0.019220 4.092940 0.898940
v 1.059279 3.252714 1.122192
v 0.393368 4.058631 0.805729
v 0.160536 4.008570 0.841689
v 0.370947 3.410431 1.040832
v -0.002270 4.177470 1.075409
v 0.477033 3.807266 0.785699
v 0.748815 3.470341 0.909787
v 0.754882 3.858237 0.975449
v 0.558813 3.934484 0.756447
v 1.475422 4.702757 0.666382
v -0.002270 4.159860 0.656195
v 0.504328 4.027388 0.606607
v 0.566538 4.346939 0.246745
v 0.078371 4.408778 0.414545
v 0.095611 4.337273 0.434801
v 0.749262 3.900424 0.583269
v 1.775084 4.316798 0.653289
v 0.817186 3.940595 0.195996
v 0.853705 4.186141 0.431058
v 1.305655 4.954968 0.217065
v 0.095611 4.387694 0.229811
v 0.605564 4.384009 0.118692
v 0.620100 4.391973 0.003304
v 0.252495 4.476747 0.033832
v 0.095611 4.409444 0.033713
v 0.808914 3.936689 -0.002948
v 1.849323 4.735920 0.229675
v 0.879035 3.869349 0.041508
v 0.825594 4.323763 -0.060131
v 0.999270 4.696174 -0.147143
v 0.095611 4.404224 -0.161002
v 0.597790 4.394265 -0.109169
v 0.556443 4.376283 -0.231915
v 0.148531 4.444748 -0.340022
v 0.095611 4.371009 -0.363397
v 0.803232 3.989801 -0.115102
v 1.520563 4.733707 -0.137258
v 0.749505 3.804694 -0.314304
v 0.757475 4.313340 -0.172423
v 0.951988 4.423468 -0.558963
v 0.095611 4.212155 -0.582531
v 0.513927 4.246665 -0.378118
v 0.497938 4.104062 -0.732300
v 0.301168 4.140165 -0.776095
v 0.095611 4.152995 -0.796355
v 0.856891 4.495814 -0.236659
v 1.588205 4.610179 -0.497312
v 0.723103 3.711285 -0.632461
v 0.680924 3.987678 -0.682027
v 0.245076 3.883233 -0.963548
v 0.018053 3.891177 -0.982819
v 0.458563 3.862796 -0.910953
v 0.495927 3.472512 -1.038361
v 0.256569 3.639454 -1.100728
v -0.002270 3.509259 -1.121416
v 0.648794 3.833329 -0.830334
v 0.894417 3.819345 -0.707871
v 0.903095 3.734787 -0.780429
v 0.700261 3.643354 -0.934097
v 0.279384 3.381161 -1.167041
v -0.002270 3.381262 -1.191635
v 0.538420 3.265340 -1.097135
v 0.563694 2.443720 -1.333085
v 0.407032 3.122171 -1.091001
v -0.002270 3.123613 -1.200700
v 0.756290 3.432217 -0.985877
v 0.933899 3.453159 -0.647869
v 0.967140 3.100805 -0.951172
v 0.603514 3.181577 -1.140269
v 0.297741 2.895569 -1.133807
v -0.002270 2.882020 -1.155833
v 0.569835 2.931211 -1.074861
v 0.300193 2.723551 -0.993692
v 0.292875 1.752075 -0.755496
v 0.319493 2.653425 -1.046014
v 0.790501 2.983962 -0.986151
v 1.145137 2.601561 -0.493776
v 1.098126 2.776645 -0.802479
v 0.769273 2.768057 -0.928591
v 0.278131 2.461870 -0.858372
v -0.002270 2.434773 -0.860226
v 0.530992 2.516853 -0.843659
v 0.511699 2.331646 -0.664001
v 0.268308 2.274193 -0.660625
v -0.002270 2.249332 -0.654465
v 0.733444 2.573413 -0.806938
v 0.970617 2.589952 -0.714151
v 0.812014 2.457689 -0.620494
v 0.705480 2.404550 -0.649483
v 0.118980 2.138470 -0.490025
v -0.002270 2.120371 -0.556652
v 0.608814 2.188451 -0.493950
v 0.617589 2.069743 -0.298716
v 0.005559 1.989200 -0.476958
v -0.002270 1.505069 -0.330243
v 0.631555 2.265988 -0.484524
v 0.713437 2.251648 -0.488151
v 0.592321 2.077420 -0.298474
v 0.588887 1.687222 -0.383563
v 0.946143 2.689780 -0.531244
v 0.890963 2.265187 -0.308753
v 0.634724 1.683773 -0.621159
v 1.171278 2.621109 -0.528224
v 1.209505 2.951534 -0.601599
v 1.235447 2.881118 -0.302544
v 0.920206 3.082222 -0.618081
v 1.216260 3.033922 -0.317771
v 1.137272 2.809905 0.313366
v 1.173266 2.703239 0.248758
v 1.308085 3.107840 0.099898
v 1.158946 2.989507 0.435170
v 1.632934 2.468125 -0.593593
v 1.164540 3.363747 -0.580891
v 1.070610 3.709040 -0.569866
v 1.165357 3.685533 -0.206297
v 1.247554 3.070236 -0.114309
v 1.205211 3.354909 -0.121575
v 1.248854 3.363765 0.095250
v 1.983640 2.788153 -0.129824
v 1.075040 3.539403 0.097441
v 1.145615 3.252513 0.419817
v 1.825437 2.810617 0.298768
v 1.075391 3.341267 0.474969
v 1.049543 3.594367 0.313307
v 0.629726 3.994440 -0.529752
v 1.149186 3.758343 -0.328357
v 0.913226 3.847399 -0.136069
v 1.092320 3.844769 0.057811
v 0.904599 3.615391 0.263973
v 1.064388 3.794413 0.739442
v 0.985964 3.733058 0.695409
v -0.345661 3.939021 1.183484
v -0.207452 4.057840 0.841689
v -0.397908 4.186276 0.712511
v -0.255178 3.322840 1.053308
v -0.571124 4.008788 1.117047
v -0.032031 5.014602 0.462421
v -0.773382 3.993065 0.884160
v -0.753356 3.688964 0.893339
v 0.939643 4.971611 0.638267
v -0.422098 4.284179 0.606607
v -0.148719 4.324289 0.414545
v -0.375316 4.282043 0.388004
v -0.424271 4.047837 0.576968
v -0.750780 3.942450 0.588919
v -0.028308 5.082856 0.061732
v -0.733948 4.087188 0.415917
v 0.402431 5.412502 0.217065
v -0.414342 4.324659 0.201970
v -0.178809 4.392259 0.033832
v -0.428879 4.342486 0.034336
v -0.617692 4.244132 0.207589
v -0.693135 4.157147 0.229675
v -0.634373 4.261978 0.035288
v -0.956324 4.217004 0.041508
v -0.165413 4.390194 -0.147143
v -0.054315 4.601519 -0.129063
v 0.963138 5.175660 -0.340022
v -0.365221 4.321427 -0.307387
v -0.612010 4.267862 -0.130345
v -0.939452 4.176574 -0.137258
v 0.432331 5.790256 -0.303063
v -0.894946 4.160620 -0.314304
v -0.118131 4.200097 -0.558963
v -0.322706 4.160984 -0.519789
v -0.109946 4.140165 -0.776095
v -0.342300 4.092619 -0.863273
v -0.512775 4.091935 -0.496614
v -0.831048 4.019733 -0.497312
v -0.489702 4.047132 -0.682027
v -0.621211 3.990267 -0.632461
v -0.365082 3.883233 -0.963548
v -0.778105 2.889209 -1.582407
v -0.261110 3.639454 -1.100728
v -0.500468 3.477464 -1.038361
v -0.427723 3.833329 -1.003419
v -0.833355 3.811021 -0.707871
v -0.704802 3.643354 -0.934097
v -0.907635 3.734787 -0.780429
v -0.283925 3.381161 -1.118706
v -0.542960 3.393808 -1.097135
v -0.467600 3.131840 -1.076856
v -0.568235 2.356901 -1.202300
v -0.760830 3.432217 -0.985877
v -0.938440 3.453159 -0.620931
v -0.639699 3.214019 -1.085437
v -0.971681 3.243898 -0.838848
v -0.302281 2.895569 -1.133807
v -0.574375 2.931211 -1.074861
v -0.297416 2.677123 -1.032892
v -0.562951 2.723551 -0.993692
v -0.795041 2.983962 -0.986151
v -0.963925 3.006512 -0.838222
v -0.773813 2.768057 -0.928591
v -1.071669 2.776645 -0.589674
v -0.282671 2.461870 -0.858372
v -0.738804 2.516853 -0.843659
v -0.272848 2.274193 -0.660625
v -0.516239 2.331646 -0.664001
v -0.737985 1.673914 -0.362237
v -0.769489 2.589952 -0.714151
v -0.710021 2.404550 -0.649483
v -0.816554 2.457689 -0.620494
v -0.103176 2.138470 -0.490025
v -0.529203 2.188451 -0.493950
v -0.044538 2.053845 -0.331566
v -0.548743 2.069743 -0.298716
v -0.712356 2.265988 -0.484524
v -0.847700 2.376366 -0.488151
v -0.593428 2.162696 -0.383563
v -0.755055 2.077420 -0.298474
v -0.895503 2.265187 -0.308753
v -0.950683 2.524874 -0.531244
v -1.026593 1.880122 -0.672705
v -1.175819 2.621109 -0.685434
v -1.239988 2.881118 -0.302544
v -1.080732 2.951534 -0.601599
v -1.101322 3.196546 -0.603361
v -1.220801 3.033922 -0.317771
v -1.141812 2.809905 0.313366
v -1.163486 2.989507 0.435170
v -1.235497 3.107840 0.099898
v -1.177807 2.703239 0.248758
v -1.169081 3.363747 -0.486237
v -1.397608 2.433865 -0.593593
v -1.075150 3.709040 -0.569866
v -1.169897 3.685533 -0.340351
v -1.295664 4.608165 0.223192
v -1.209752 3.354909 -0.121575
v -1.252094 3.070236 -0.114309
v -1.214368 3.689120 -0.129824
v -1.019136 3.701477 0.331650
v -1.150155 3.252513 0.419817
v -1.183924 3.704286 0.298768
v -0.776281 3.538680 0.792312
v -1.073826 3.594367 0.794117
v -1.154899 3.750019 -0.328357
v -0.970369 3.952071 -0.529752
v -0.928695 5.023382 -0.172816
v -0.993461 3.761207 -0.136069
v -0.435206 5.364051 0.110910
v -1.045712 3.760273 0.263973
v -0.851079 3.522479 0.966086
v 0.422764 3.654862 0.858627
v 0.106558 3.954965 0.833953
v 0.351215 3.339806 1.041045
v 0.663111 3.641327 0.679913
v 0.539338 3.597452 0.756522
v 0.262425 2.198889 -0.251750
v 0.503326 2.205609 -0.215409
v -0.002270 2.190456 -0.253956
v 0.579830 2.113783 -0.306302
v 0.634078 2.321902 -0.236358
v 0.768145 2.318820 -0.247099
v 1.038458 2.692746 -0.173602
v 1.090013 2.912866 -0.232331
v 1.061286 3.021512 -0.267191
v 1.010466 2.716080 0.218032
v 0.974369 2.821671 0.282752
v 1.068022 2.997445 0.074058
v 0.995896 2.990126 0.404925
v 1.086084 3.146723 -0.108916
v 0.987196 3.228281 0.379968
v 0.935462 3.298198 0.401235
v 0.757223 3.450973 0.867946
v -0.392686 3.569782 0.868132
v -0.205473 3.849235 0.881928
v -0.667652 3.594693 0.787125
v -0.543879 3.577587 0.863733
v -0.266965 2.198889 -0.251750
v -0.507867 2.205609 -0.215409
v -0.511643 2.113783 -0.306302
v -0.638619 2.321902 -0.236358
v -0.772686 2.318820 -0.247099
v -1.007835 2.520837 -0.085552
v -1.094553 2.912866 -0.232331
v -1.065826 3.021512 -0.267191
v -1.000436 2.990126 0.404925
v -0.978909 2.821671 0.282752
v -1.015006 2.716080 0.218032
v -1.072563 2.997445 0.074058
v -1.090624 3.146723 -0.108916
v -0.991736 3.228281 0.379968
v -0.940002 3.298198 0.401235
v -0.761764 3.450973 0.867946
vt 0.281235 0.717772
vt 0.307081 0.717574
vt 0.303544 0.747667
vt 0.278873 0.749096
vt 0.253577 0.717426
vt 0.253042 0.749260
vt 0.329298 0.716529
vt 0.349663 0.718740
vt 0.343198 0.739569
vt 0.325874 0.744901
vt 0.282291 0.779209
vt 0.252539 0.779253
vt 0.310351 0.776319
vt 0.322006 0.801980
vt 0.288418 0.806968
vt 0.252069 0.807278
vt 0.335009 0.768829
vt 0.355223 0.753805
vt 0.372791 0.769413
vt 0.350038 0.789476
vt 0.294185 0.831232
vt 0.251634 0.833204
vt 0.333012 0.823096
vt 0.348413 0.844273
vt 0.299772 0.853749
vt 0.251131 0.863226
vt 0.364298 0.808003
vt 0.389933 0.785606
vt 0.407935 0.806667
vt 0.378174 0.825470
vt 0.746673 0.862984
vt 0.695376 0.851367
vt 0.702642 0.830526
vt 0.746590 0.833302
vt 0.644080 0.839750
vt 0.662404 0.821120
vt 0.675224 0.802550
vt 0.709650 0.807965
vt 0.746522 0.808538
vt 0.612818 0.817555
vt 0.629601 0.804235
vt 0.581557 0.795359
vt 0.601589 0.779140
vt 0.620022 0.766345
vt 0.645696 0.788787
vt 0.716140 0.781968
vt 0.746450 0.781862
vt 0.687053 0.778813
vt 0.694516 0.751085
vt 0.720221 0.752825
vt 0.746373 0.752753
vt 0.660414 0.769084
vt 0.637780 0.751775
vt 0.651127 0.739533
vt 0.669704 0.745712
vt 0.720004 0.720829
vt 0.746290 0.720689
vt 0.694239 0.720542
vt 0.690318 0.689140
vt 0.717787 0.688022
vt 0.746206 0.687776
vt 0.669515 0.719255
vt 0.645213 0.720019
vt 0.638450 0.694397
vt 0.664747 0.691650
vt 0.715871 0.656448
vt 0.746126 0.656120
vt 0.686850 0.658835
vt 0.684285 0.630264
vt 0.714384 0.626575
vt 0.746051 0.625760
vt 0.660298 0.664831
vt 0.632980 0.669429
vt 0.630150 0.643176
vt 0.657318 0.638226
vt 0.713457 0.598871
vt 0.745980 0.596737
vt 0.683073 0.604064
vt 0.682543 0.577186
vt 0.712899 0.570119
vt 0.745908 0.566438
vt 0.656956 0.611262
vt 0.631305 0.613697
vt 0.634065 0.584085
vt 0.657479 0.583828
vt 0.712518 0.537099
vt 0.745827 0.532254
vt 0.682027 0.546582
vt 0.679706 0.516624
vt 0.711169 0.505252
vt 0.745751 0.499748
vt 0.657148 0.555816
vt 0.636050 0.557431
vt 0.639672 0.536267
vt 0.654458 0.528892
vt 0.707702 0.480018
vt 0.745694 0.474484
vt 0.673762 0.491684
vt 0.665797 0.465228
vt 0.706401 0.457716
vt 0.745645 0.452706
vt 0.647903 0.504727
vt 0.629243 0.521427
vt 0.616595 0.500379
vt 0.637652 0.482663
vt 0.616902 0.544061
vt 0.598082 0.524654
vt 0.608665 0.571998
vt 0.581923 0.553413
vt 0.602315 0.604602
vt 0.579321 0.593457
vt 0.599450 0.637826
vt 0.566704 0.629555
vt 0.441754 0.597304
vt 0.471284 0.595344
vt 0.477197 0.646953
vt 0.444504 0.641982
vt 0.601665 0.667620
vt 0.570427 0.665036
vt 0.608805 0.696225
vt 0.579751 0.699455
vt 0.507536 0.627549
vt 0.537647 0.637839
vt 0.543339 0.667312
vt 0.518328 0.672016
vt 0.555230 0.706409
vt 0.529120 0.716484
vt 0.468033 0.689705
vt 0.439967 0.682801
vt 0.458868 0.732456
vt 0.428836 0.720436
vt 0.412829 0.674467
vt 0.403645 0.709371
vt 0.620710 0.725883
vt 0.597162 0.734896
vt 0.575723 0.745109
vt 0.555338 0.755921
vt 0.411802 0.755561
vt 0.390539 0.741747
vt 0.433402 0.769562
vt 0.415435 0.678206
vt 0.369951 0.728310
vt 0.281235 0.717772
vt 0.278873 0.749096
vt 0.303544 0.747667
vt 0.307081 0.717574
vt 0.253577 0.717426
vt 0.253042 0.749260
vt 0.329298 0.716529
vt 0.325874 0.744901
vt 0.343198 0.739569
vt 0.349663 0.718740
vt 0.252539 0.779253
vt 0.282291 0.779209
vt 0.310351 0.776319
vt 0.288418 0.806968
vt 0.322006 0.801980
vt 0.252069 0.807278
vt 0.335009 0.768829
vt 0.355223 0.753805
vt 0.350038 0.789476
vt 0.372791 0.769413
vt 0.251634 0.833204
vt 0.294185 0.831232
vt 0.333012 0.823096
vt 0.299772 0.853749
vt 0.348413 0.844273
vt 0.251131 0.863226
vt 0.364298 0.808003
vt 0.389933 0.785606
vt 0.378174 0.825470
vt 0.407935 0.806667
vt 0.746673 0.862984
vt 0.746590 0.833302
vt 0.702642 0.830526
vt 0.695376 0.851367
vt 0.662404 0.821120
vt 0.644080 0.839750
vt 0.709650 0.807965
vt 0.675224 0.802550
vt 0.746522 0.808538
vt 0.629601 0.804235
vt 0.612818 0.817555
vt 0.601589 0.779140
vt 0.581557 0.795359
vt 0.645696 0.788787
vt 0.620022 0.766345
vt 0.746450 0.781862
vt 0.716140 0.781968
vt 0.687053 0.778813
vt 0.720221 0.752825
vt 0.694516 0.751085
vt 0.746373 0.752753
vt 0.660414 0.769084
vt 0.637780 0.751775
vt 0.669704 0.745712
vt 0.651127 0.739533
vt 0.746290 0.720689
vt 0.720004 0.720829
vt 0.694239 0.720542
vt 0.717787 0.688022
vt 0.690318 0.689140
vt 0.746206 0.687776
vt 0.669515 0.719255
vt 0.645213 0.720019
vt 0.664747 0.691650
vt 0.638450 0.694397
vt 0.746126 0.656120
vt 0.715871 0.656448
vt 0.686850 0.658835
vt 0.714384 0.626575
vt 0.684285 0.630264
vt 0.746051 0.625760
vt 0.660298 0.664831
vt 0.632980 0.669429
vt 0.657318 0.638226
vt 0.630150 0.643176
vt 0.745980 0.596737
vt 0.713457 0.598871
vt 0.683073 0.604064
vt 0.712899 0.570119
vt 0.682543 0.577186
vt 0.745908 0.566438
vt 0.656956 0.611262
vt 0.631305 0.613697
vt 0.657479 0.583828
vt 0.634065 0.584085
vt 0.745827 0.532254
vt 0.712518 0.537099
vt 0.682027 0.546582
vt 0.711169 0.505252
vt 0.679706 0.516624
vt 0.745751 0.499748
vt 0.657148 0.555816
vt 0.636050 0.557431
vt 0.654458 0.528892
vt 0.639672 0.536267
vt 0.745694 0.474484
vt 0.707702 0.480018
vt 0.673762 0.491684
vt 0.706401 0.457716
vt 0.665797 0.465228
vt 0.745645 0.452706
vt 0.647903 0.504727
vt 0.629243 0.521427
vt 0.637652 0.482663
vt 0.616595 0.500379
vt 0.598082 0.524654
vt 0.616902 0.544061
vt 0.608665 0.571998
vt 0.581923 0.553413
vt 0.579321 0.593457
vt 0.602315 0.604602
vt 0.599450 0.637826
vt 0.566704 0.629555
vt 0.441754 0.597304
vt 0.444504 0.641982
vt 0.477197 0.646953
vt 0.471284 0.595344
vt 0.570427 0.665036
vt 0.601665 0.667620
vt 0.608805 0.696225
vt 0.579751 0.699455
vt 0.507536 0.627549
vt 0.518328 0.672016
vt 0.543339 0.667312
vt 0.537647 0.637839
vt 0.555230 0.706409
vt 0.529120 0.716484
vt 0.439967 0.682801
vt 0.468033 0.689705
vt 0.428836 0.720436
vt 0.458868 0.732456
vt 0.412829 0.674467
vt 0.403645 0.709371
vt 0.597162 0.734896
vt 0.620710 0.725883
vt 0.555338 0.755921
vt 0.575723 0.745109
vt 0.390539 0.741747
vt 0.411802 0.755561
vt 0.433402 0.769562
vt 0.415435 0.678206
vt 0.369951 0.728310
vt 0.000000 0.000000
vt 1.000000 0.000000
vt 1.000000 1.000000
vt 0.000000 1.000000
vt 0.000000 0.000000
vt 1.000000 0.000000
vt 1.000000 1.000000
vt 0.000000 1.000000
vt 0.000000 0.000000
vt 1.000000 0.000000
vt 1.000000 1.000000
vt 0.000000 1.000000
vt 0.000000 0.000000
vt 1.000000 0.000000
vt 1.000000 1.000000
vt 0.000000 1.000000
vt 0.000000 0.000000
vt 1.000000 0.000000
vt 1.000000 1.000000
vt 0.000000 1.000000
vt 0.000000 0.000000
vt 1.000000 0.000000
vt 1.000000 1.000000
vt 0.000000 1.000000
vt 0.000000 0.000000
vt 1.000000 0.000000
vt 1.000000 1.000000
vt 0.000000 1.000000
vt 0.000000 0.000000
vt 1.000000 0.000000
vt 1.000000 1.000000
vt 0.000000 1.000000
vt 0.000000 0.000000
vt 1.000000 0.000000
vt 1.000000 1.000000
vt 0.000000 1.000000
vt 0.000000 0.000000
vt 1.000000 0.000000
vt 1.000000 1.000000
vt 0.000000 1.000000
vt 0.000000 0.000000
vt 1.000000 0.000000
vt 1.000000 1.000000
vt 0.000000 1.000000
vt 0.000000 0.000000
vt 1.000000 0.000000
vt 1.000000 1.000000
vt 0.000000 1.000000
vt 0.000000 0.000000
vt 1.000000 0.000000
vt 1.000000 1.000000
vt 0.000000 1.000000
vt 0.000000 0.000000
vt 1.000000 0.000000
vt 1.000000 1.000000
vt 0.000000 1.000000
vt 0.000000 0.000000
vt 1.000000 0.000000
vt 1.000000 1.000000
vt 0.000000 1.000000
vt 0.000000 0.000000
vt 1.000000 0.000000
vt 1.000000 1.000000
vt 0.000000 1.000000
vt 0.000000 0.000000
vt 1.000000 0.000000
vt 1.000000 1.000000
vt 0.000000 1.000000
vt 0.000000 0.000000
vt 1.000000 0.000000
vt 1.000000 1.000000
vt 0.000000 1.000000
vt 0.000000 0.000000
vt 1.000000 0.000000
vt 1.000000 1.000000
vt 0.000000 1.000000
vt 0.000000 0.000000
vt 1.000000 0.000000
vt 1.000000 1.000000
vt 0.000000 1.000000
vt 0.000000 0.000000
vt 1.000000 0.000000
vt 1.000000 1.000000
vt 0.000000 1.000000
vt 0.000000 0.000000
vt 1.000000 0.000000
vt 1.000000 1.000000
vt 0.000000 1.000000
vt 0.000000 0.000000
vt 1.000000 0.000000
vt 1.000000 1.000000
vt 0.000000 1.000000
vt 0.000000 0.000000
vt 1.000000 0.000000
vt 1.000000 1.000000
vt 0.000000 1.000000
vt 0.000000 0.000000
vt 1.000000 0.000000
vt 1.000000 1.000000
vt 0.000000 1.000000
vt 0.000000 0.000000
vt 1.000000 0.000000
vt 1.000000 1.000000
vt 0.000000 1.000000
vt 0.000000 0.000000
vt 1.000000 0.000000
vt 1.000000 1.000000
vt 0.000000 1.000000
vt 0.000000 0.000000
vt 1.000000 0.000000
vt 1.000000 1.000000
vt 0.000000 1.000000
vt 0.000000 0.000000
vt 1.000000 0.000000
vt 1.000000 1.000000
vt 0.000000 1.000000
vt 0.000000 0.000000
vt 1.000000 0.000000
vt 1.000000 1.000000
vt 0.000000 1.000000
vt 0.000000 0.000000
vt 1.000000 0.000000
vt 1.000000 1.000000
vt 0.000000 1.000000
vt 0.000000 0.000000
vt 1.000000 0.000000
vt 1.000000 1.000000
vt 0.000000 1.000000
vt 0.000000 0.000000
vt 1.000000 0.000000
vt 1.000000 1.000000
vt 0.000000 1.000000
vt 0.000000 0.000000
vt 1.000000 0.000000
vt 1.000000 1.000000
vt 0.000000 1.000000
vt 0.000000 0.000000
vt 1.000000 0.000000
vt 1.000000 1.000000
vt 0.000000 1.000000
vt 0.000000 0.000000
vt 1.000000 0.000000
vt 1.000000 1.000000
vt 0.000000 1.000000
vt 0.000000 0.000000
vt 1.000000 0.000000
vt 1.000000 1.000000
vt 0.000000 1.000000
vt 0.000000 0.000000
vt 1.000000 0.000000
vt 1.000000 1.000000
vt 0.000000 1.000000
vt 0.000000 0.000000
vt 1.000000 0.000000
vt 1.000000 1.000000
vt 0.000000 1.000000
vt 0.000000 0.000000
vt 1.000000 0.000000
vt 1.000000 1.000000
vt 0.000000 1.000000
vt 0.000000 0.000000
vt 1.000000 0.000000
vt 1.000000 1.000000
vt 0.000000 1.000000
vt 0.000000 0.000000
vt 1.000000 0.000000
vt 1.000000 1.000000
vt 0.000000 1.000000
vn 0.594131 0.573446 0.564064
vn 0.445502 0.644639 0.621264
vn 0.535372 0.003031 0.844611
vn 0.139681 0.642430 0.753508
vn 0.197256 0.378223 0.904454
vn 0.195114 0.447937 0.872515
vn 0.042062 0.518624 0.853967
vn 0.359815 -0.422233 0.832017
vn 0.085293 0.422486 0.902347
vn -0.094689 0.964044 0.248300
vn 0.632838 0.717752 -0.290427
vn 0.122828 0.647941 0.751722
vn 0.963359 0.027140 0.266839
vn 0.988282 -0.011900 0.152173
vn -0.217769 0.916679 0.335076
vn 0.045334 0.734282 0.677329
vn -0.175454 0.952513 0.248867
vn 0.977437 0.205273 0.049802
vn 0.402806 0.710220 0.577352
vn 0.164146 0.937583 0.306586
vn 0.648816 0.064766 0.758184
vn 0.299249 0.954055 0.015129
vn 0.953546 -0.087507 0.288256
vn 0.906719 0.331542 -0.260655
vn -0.331073 0.941034 -0.069604
vn -0.008670 0.900253 -0.435280
vn 0.367420 0.899989 -0.234570
vn 0.933946 0.204633 0.293037
vn 0.866498 -0.352980 -0.352967
vn 0.718843 0.672281 0.176929
vn 0.412121 0.830465 -0.374812
vn 0.078463 0.830476 0.551502
vn 0.905111 -0.039435 -0.423342
vn 0.734301 0.444065 -0.513428
vn -0.214835 0.902334 -0.373683
vn 0.678679 0.558194 -0.477299
vn -0.301959 0.932561 -0.197864
vn 0.650093 0.662525 -0.372076
vn 0.948746 -0.251019 0.192015
vn 0.398865 0.005187 0.916995
vn 0.432539 0.674641 -0.598139
vn 0.078665 0.724223 -0.685064
vn 0.477812 0.767394 -0.427553
vn 0.484974 0.334051 -0.808214
vn 0.049953 0.733414 -0.677944
vn -0.059299 0.771438 -0.633535
vn 0.588730 0.801025 0.108420
vn 0.510740 0.624808 -0.590559
vn -0.081164 0.584505 -0.807320
vn -0.041625 0.556988 -0.829477
vn 0.172528 0.472243 -0.864419
vn -0.006525 0.498814 -0.866685
vn 0.335265 0.452432 -0.826379
vn 0.324395 0.328561 -0.887027
vn 0.181503 0.378370 -0.907685
vn -0.028493 0.342674 -0.939022
vn 0.413638 0.539748 -0.733195
vn 0.684108 0.572367 0.452098
vn 0.558183 0.272619 -0.783652
vn 0.492619 0.286421 -0.821760
vn 0.169651 0.127917 -0.977167
vn -0.047272 0.088368 -0.994965
vn -0.009856 0.244663 -0.969558
vn 0.220797 -0.216157 -0.951065
vn -0.043813 0.001676 -0.999038
vn -0.026840 -0.033783 -0.999069
vn 0.605782 0.290890 -0.740548
vn 0.483948 0.093604 -0.870077
vn 0.609023 -0.037368 -0.792272
vn 0.534366 0.162995 -0.829389
vn 0.367257 -0.268525 -0.890515
vn -0.033435 -0.263319 -0.964129
vn 0.574053 -0.491070 -0.655220
vn 0.653783 -0.405825 -0.638650
vn -0.071218 -0.568648 -0.819492
vn -0.214501 -0.503890 -0.836711
vn 0.530704 -0.362255 -0.766241
vn 0.904705 -0.144866 -0.400653
vn 0.764621 -0.083545 -0.639042
vn 0.374598 -0.344636 -0.860757
vn 0.048190 -0.672076 -0.738912
vn -0.086271 -0.665029 -0.741818
vn 0.303174 -0.574599 -0.760212
vn 0.208398 -0.729714 -0.651220
vn 0.114911 -0.749054 -0.652467
vn -0.000000 -0.745894 -0.666065
vn 0.278798 -0.577296 -0.767464
vn -0.313527 -0.349597 -0.882883
vn 0.682051 -0.695849 -0.224947
vn 0.334546 -0.689079 -0.642845
vn 0.205173 -0.685114 -0.698944
vn -0.397392 -0.662016 -0.635464
vn -0.051244 -0.705262 -0.707092
vn -0.314408 -0.607564 -0.729393
vn 0.433860 -0.550874 -0.712954
vn -0.934244 -0.230352 -0.272262
vn 0.691768 -0.572772 -0.439760
vn 0.679538 -0.559848 -0.474129
vn 0.871821 -0.402075 -0.279758
vn 0.631574 -0.750225 -0.195643
vn -0.694804 -0.570799 -0.437534
vn 0.611441 -0.680342 -0.404072
vn -0.576076 -0.599173 -0.555993
vn 0.803206 -0.307099 -0.510442
vn 0.864337 0.149592 -0.480150
vn 0.836035 0.126059 -0.533999
vn 0.858241 0.047269 -0.511065
vn 0.959416 0.195885 0.202853
vn 0.887838 -0.219089 0.404653
vn 0.887838 -0.219089 0.404653
vn 0.973534 0.096786 0.207037
vn 0.913416 -0.017666 0.406644
vn 0.882035 -0.303162 -0.360703
vn 0.986796 -0.021081 0.160592
vn 0.638742 0.350575 -0.684913
vn 0.881656 0.467115 -0.066981
vn 0.979266 0.126543 -0.158192
vn 0.777212 -0.285368 -0.560809
vn 0.229192 -0.961541 -0.151359
vn 0.950441 0.281878 -0.131171
vn 0.738810 0.580679 0.342012
vn 0.668296 0.110690 0.735614
vn 0.818245 -0.256451 0.514497
vn 0.457229 0.379144 0.804482
vn 0.845801 0.531911 -0.041120
vn 0.801623 -0.475095 0.362885
vn 0.840960 0.476330 -0.256703
vn 0.969161 0.241485 0.049109
vn 0.967429 0.250343 0.037532
vn 0.792031 0.526760 0.308563
vn 0.822390 -0.559917 -0.100836
vn 0.976592 -0.090245 0.195255
vn 0.701819 -0.502764 0.504658
vn -0.598227 0.302776 0.741924
vn -0.410286 0.412638 0.813262
vn 0.416611 0.367501 0.831492
vn 0.634775 0.120989 0.763166
vn 0.415560 0.422279 0.805599
vn -0.050780 0.973309 0.223812
vn -0.833800 0.539399 0.117586
vn -0.837090 0.395004 0.378486
vn -0.063920 0.865432 0.496933
vn -0.304929 0.802243 0.513248
vn -0.427977 0.856511 0.288486
vn -0.554948 0.830936 0.039718
vn -0.728738 0.683556 0.041135
vn 0.898124 0.428022 -0.100853
vn -0.303781 0.721437 0.622291
vn 0.786018 0.346920 0.511686
vn 0.031891 0.984156 0.174416
vn -0.656784 0.746108 -0.109355
vn -0.222635 0.658477 -0.718917
vn -0.548512 0.806710 -0.219894
vn -0.678845 0.732855 -0.045748
vn -0.326744 0.939932 -0.098824
vn -0.336131 0.934915 0.113796
vn 0.409669 0.708598 0.574508
vn 0.231422 0.709118 0.666030
vn 0.150029 0.598855 0.786679
vn -0.151267 0.783466 -0.602743
vn 0.204366 0.565278 -0.799184
vn -0.509012 0.667778 0.543120
vn -0.455867 0.752040 0.476047
vn -0.387071 0.656679 -0.647262
vn -0.683606 0.591670 -0.427327
vn -0.305297 0.683166 -0.663384
vn -0.092222 0.664350 -0.741710
vn -0.074191 0.806949 -0.585943
vn -0.151346 0.742713 -0.652282
vn -0.285138 0.395290 -0.873180
vn -0.395371 0.446149 -0.802890
vn -0.474968 0.786379 -0.394985
vn -0.385336 0.754019 -0.531951
vn 0.246963 0.384846 -0.889327
vn -0.383595 0.185945 -0.904588
vn 0.230852 0.237464 -0.943567
vn -0.302776 0.225915 -0.925899
vn -0.778140 0.495218 -0.386338
vn -0.446249 0.632974 -0.632618
vn -0.755205 0.310862 -0.577088
vn -0.570665 0.236962 -0.786251
vn -0.137686 0.098706 -0.985545
vn -0.116013 0.161811 -0.979979
vn 0.056043 -0.007779 -0.998398
vn -0.164076 -0.022963 -0.986180
vn -0.645189 0.230414 -0.728451
vn -0.522983 0.067540 -0.849663
vn -0.543570 0.121343 -0.830547
vn -0.785005 0.182566 -0.591978
vn -0.138076 -0.278627 -0.950422
vn -0.476716 -0.377765 -0.793748
vn -0.099768 -0.529292 -0.842554
vn -0.265690 -0.462397 -0.845930
vn -0.655501 -0.171156 -0.735543
vn -0.736793 -0.141240 -0.661202
vn -0.713715 -0.334766 -0.615259
vn -0.558058 -0.277870 -0.781895
vn -0.092370 -0.661401 -0.744323
vn -0.242691 -0.564554 -0.788911
vn -0.112102 -0.762152 -0.637619
vn -0.077936 -0.763087 -0.641580
vn -0.459922 -0.671299 -0.581231
vn -0.787392 -0.345577 -0.510480
vn 0.135362 -0.840055 -0.525342
vn -0.708602 -0.534610 -0.460517
vn -0.391339 -0.756438 -0.524075
vn -0.167746 -0.820072 -0.547123
vn -0.656538 -0.620456 -0.428942
vn -0.101313 -0.866221 -0.489283
vn -0.325406 -0.688326 -0.648320
vn -0.572304 -0.584639 -0.575035
vn -0.345870 -0.724378 -0.596364
vn -0.398075 -0.632517 -0.664423
vn -0.739127 -0.598639 -0.308745
vn -0.385322 -0.499308 -0.776027
vn -0.795466 -0.409571 -0.446637
vn -0.484066 0.199915 -0.851888
vn -0.628347 0.152703 -0.762798
vn -0.690008 0.091714 -0.717968
vn -0.990166 0.023256 -0.137952
vn -0.977040 0.014860 -0.212535
vn -0.959469 -0.118502 0.255689
vn -0.960690 -0.057094 0.271690
vn -0.992541 -0.030945 0.117916
vn -0.959469 -0.118502 0.255689
vn -0.982852 0.129220 -0.131544
vn -0.637797 -0.023508 -0.769846
vn -0.665095 0.183142 -0.723953
vn -0.958269 0.225055 -0.176270
vn -0.790781 0.502161 -0.350000
vn -0.985279 0.040294 -0.166135
vn -0.991821 0.036657 -0.122260
vn -0.754660 0.475237 -0.452370
vn -0.584120 0.701735 -0.407887
vn -0.936383 -0.107254 0.334191
vn -0.904066 0.311906 0.292199
vn -0.771028 -0.384030 0.507974
vn -0.843549 0.254741 0.472792
vn -0.843526 0.533270 -0.063926
vn -0.610501 0.617288 -0.496230
vn -0.956791 0.290281 0.016999
vn -0.965174 0.259951 0.029407
vn -0.765626 0.626924 0.144166
vn -0.893123 0.447248 0.047958
vn -0.483417 0.383990 0.786676
vn -0.336483 0.370471 0.865755
vn -0.507322 -0.845468 0.166757
vn -0.437352 -0.659526 0.611350
vn -0.431619 -0.660949 0.613882
vn -0.580553 -0.709585 0.399310
vn -0.365773 -0.925113 0.101865
vn -0.523996 -0.840828 0.135781
vn -0.411887 -0.871813 0.265125
vn 0.005435 -0.734218 -0.678892
vn -0.218724 -0.859367 -0.462221
vn -0.582182 -0.792615 0.181181
vn 0.686846 -0.496265 0.531003
vn -0.009076 -0.681401 0.731854
vn -0.123050 -0.632974 0.764332
vn 0.119768 -0.642310 0.757030
vn 0.762871 -0.415210 0.495609
vn 0.539149 -0.469933 0.698914
vn 0.453223 0.430565 -0.780515
vn -0.185269 -0.279180 0.942196
vn 0.177476 -0.332072 0.926407
vn -0.147392 0.759722 -0.633324
vn 0.648301 -0.420581 0.634680
vn 0.535674 -0.408743 0.738907
vn 0.716560 -0.408407 0.565460
vn 0.717688 -0.405905 0.565832
vn 0.695931 -0.267437 0.666451
vn 0.677247 -0.222356 0.701352
vn 0.375413 0.240289 0.895168
vn 0.375413 0.240289 0.895169
vn -0.194119 -0.557666 0.807048
vn -0.194119 -0.557666 0.807048
vn -0.194119 -0.557666 0.807048
vn -0.194119 -0.557666 0.807048
vn 0.227762 -0.435627 -0.870835
vn 0.227762 -0.435627 -0.870835
vn 0.227762 -0.435627 -0.870835
vn 0.227762 -0.435627 -0.870835
vn -0.173365 -0.550784 0.816445
vn -0.209088 -0.210963 0.954870
vn -0.207206 -0.240285 0.948329
vn -0.173365 -0.550784 0.816445
vn 0.011546 -0.999875 0.010826
vn 0.094899 -0.955638 -0.278839
vn 0.094899 -0.955638 -0.278839
vn 0.005810 -0.999515 0.030586
vn -0.108354 -0.901366 0.419283
vn -0.108354 -0.901366 0.419283
vn -0.217353 0.068762 0.973668
vn -0.217353 0.068762 0.973668
vn -0.190003 -0.540715 0.819467
vn -0.190003 -0.540715 0.819467
vn -0.190003 -0.540715 0.819467
vn -0.190003 -0.540715 0.819467
vn 0.603307 -0.493738 0.626293
vn 0.603307 -0.493738 0.626293
vn 0.603307 -0.493738 0.626293
vn 0.603307 -0.493738 0.626293
vn 0.224719 -0.866285 0.446153
vn 0.224719 -0.866285 0.446153
vn 0.441118 -0.888061 0.129466
vn 0.691658 -0.636431 0.341416
vn 0.426858 -0.779825 0.457891
vn 0.178136 -0.971648 0.155458
vn -0.577702 -0.580518 0.573811
vn 0.055956 -0.508326 0.859345
vn 0.084509 -0.497550 0.863309
vn -0.559090 -0.583577 0.588944
vn 0.000298 -0.412852 0.910798
vn -0.378512 -0.353578 0.855401
vn -0.017068 -0.453803 0.890939
vn 0.055495 -0.458310 0.887058
vn -0.086525 -0.411022 0.907510
vn 0.084945 -0.632013 0.770288
vn -0.121650 -0.477278 0.870291
vn -0.080910 -0.418487 0.904612
vn -0.713974 -0.561597 0.418150
vn -0.637629 -0.512712 0.574940
vn -0.831925 -0.435772 0.343517
vn -0.813228 -0.479438 0.329848
vn -0.849784 -0.287518 0.441815
vn -0.839007 -0.262741 0.476481
vn -0.375412 0.240288 0.895169
vn -0.375412 0.240288 0.895169
vn 0.209088 -0.210963 0.954870
vn 0.173365 -0.550784 0.816444
vn 0.173365 -0.550784 0.816444
vn 0.207207 -0.240285 0.948329
vn -0.275145 -0.416191 -0.866649
vn -0.275145 -0.416191 -0.866649
vn -0.275145 -0.416191 -0.866649
vn -0.275145 -0.416191 -0.866649
vn 0.194119 -0.557667 0.807047
vn 0.194120 -0.557667 0.807048
vn 0.194120 -0.557667 0.807048
vn 0.194119 -0.557667 0.807047
vn -0.116558 -0.958714 -0.259387
vn -0.000701 -0.995305 0.096784
vn -0.006476 -0.996825 0.079363
vn -0.116558 -0.958714 -0.259386
vn 0.108354 -0.901367 0.419282
vn 0.108354 -0.901367 0.419282
vn 0.217353 0.068761 0.973668
vn 0.217353 0.068762 0.973668
vn 0.225633 -0.831337 0.507906
vn 0.225633 -0.831337 0.507906
vn 0.225633 -0.831337 0.507906
vn 0.225633 -0.831337 0.507906
vn -0.986228 -0.021863 0.163938
vn -0.986228 -0.021863 0.163938
vn -0.986228 -0.021863 0.163938
vn -0.986228 -0.021863 0.163938
vn 0.714620 -0.099130 0.692453
vn 0.714620 -0.099130 0.692453
s 1
g KALBO HAIR_1
usemtl standardSurface2SG
f 1421/1752/1421 1422/1753/1422 1423/1754/1423 1424/1755/1424
f 1425/1756/1425 1421/1752/1421 1424/1755/1424 1426/1757/1426
f 1427/1758/1427 1428/1759/1428 1429/1760/1429 1430/1761/1430
f 1422/1753/1422 1427/1758/1427 1430/1761/1430 1423/1754/1423
f 1426/1757/1426 1424/1755/1424 1431/1762/1431 1432/1763/1432
f 1424/1755/1424 1423/1754/1423 1433/1764/1433 1431/1762/1431
f 1431/1762/1431 1433/1764/1433 1434/1765/1434 1435/1766/1435
f 1432/1763/1432 1431/1762/1431 1435/1766/1435 1436/1767/1436
f 1423/1754/1423 1430/1761/1430 1437/1768/1437 1433/1764/1433
f 1430/1761/1430 1429/1760/1429 1438/1769/1438 1437/1768/1437
f 1437/1768/1437 1438/1769/1438 1439/1770/1439 1440/1771/1440
f 1433/1764/1433 1437/1768/1437 1440/1771/1440 1434/1765/1434
f 1436/1767/1436 1435/1766/1435 1441/1772/1441 1442/1773/1442
f 1435/1766/1435 1434/1765/1434 1443/1774/1443 1441/1772/1441
f 1441/1772/1441 1443/1774/1443 1444/1775/1444 1445/1776/1445
f 1442/1773/1442 1441/1772/1441 1445/1776/1445 1446/1777/1446
f 1434/1765/1434 1440/1771/1440 1447/1778/1447 1443/1774/1443
f 1440/1771/1440 1439/1770/1439 1448/1779/1448 1447/1778/1447
f 1447/1778/1447 1448/1779/1448 1449/1780/1449 1450/1781/1450
f 1443/1774/1443 1447/1778/1447 1450/1781/1450 1444/1775/1444
f 1446/1782/1446 1445/1783/1445 1451/1784/1451 1452/1785/1452
f 1445/1783/1445 1444/1786/1444 1453/1787/1453 1451/1784/1451
f 1451/1784/1451 1453/1787/1453 1454/1788/1454 1455/1789/1455
f 1452/1785/1452 1451/1784/1451 1455/1789/1455 1456/1790/1456
f 1444/1786/1444 1450/1791/1450 1457/1792/1457 1453/1787/1453
f 1450/1791/1450 1449/1793/1449 1458/1794/1458 1457/1792/1457
f 1457/1792/1457 1458/1794/1458 1459/1795/1459 1460/1796/1460
f 1453/1787/1453 1457/1792/1457 1460/1796/1460 1454/1788/1454
f 1456/1790/1456 1455/1789/1455 1461/1797/1461 1462/1798/1462
f 1455/1789/1455 1454/1788/1454 1463/1799/1463 1461/1797/1461
f 1461/1797/1461 1463/1799/1463 1464/1800/1464 1465/1801/1465
f 1462/1798/1462 1461/1797/1461 1465/1801/1465 1466/1802/1466
f 1454/1788/1454 1460/1796/1460 1467/1803/1467 1463/1799/1463
f 1460/1796/1460 1459/1795/1459 1468/1804/1468 1467/1803/1467
f 1467/1803/1467 1468/1804/1468 1469/1805/1469 1470/1806/1470
f 1463/1799/1463 1467/1803/1467 1470/1806/1470 1464/1800/1464
f 1466/1802/1466 1465/1801/1465 1471/1807/1471 1472/1808/1472
f 1465/1801/1465 1464/1800/1464 1473/1809/1473 1471/1807/1471
f 1471/1807/1471 1473/1809/1473 1474/1810/1474 1475/1811/1475
f 1472/1808/1472 1471/1807/1471 1475/1811/1475 1476/1812/1476
f 1464/1800/1464 1470/1806/1470 1477/1813/1477 1473/1809/1473
f 1470/1806/1470 1469/1805/1469 1478/1814/1478 1477/1813/1477
f 1477/1813/1477 1478/1814/1478 1479/1815/1479 1480/1816/1480
f 1473/1809/1473 1477/1813/1477 1480/1816/1480 1474/1810/1474
f 1476/1812/1476 1475/1811/1475 1481/1817/1481 1482/1818/1482
f 1475/1811/1475 1474/1810/1474 1483/1819/1483 1481/1817/1481
f 1481/1817/1481 1483/1819/1483 1484/1820/1484 1485/1821/1485
f 1482/1818/1482 1481/1817/1481 1485/1821/1485 1486/1822/1486
f 1474/1810/1474 1480/1816/1480 1487/1823/1487 1483/1819/1483
f 1480/1816/1480 1479/1815/1479 1488/1824/1488 1487/1823/1487
f 1487/1823/1487 1488/1824/1488 1489/1825/1489 1490/1826/1490
f 1483/1819/1483 1487/1823/1487 1490/1826/1490 1484/1820/1484
f 1486/1822/1486 1485/1821/1485 1491/1827/1491 1492/1828/1492
f 1485/1821/1485 1484/1820/1484 1493/1829/1493 1491/1827/1491
f 1491/1827/1491 1493/1829/1493 1494/1830/1494 1495/1831/1495
f 1492/1828/1492 1491/1827/1491 1495/1831/1495 1496/1832/1496
f 1484/1820/1484 1490/1826/1490 1497/1833/1497 1493/1829/1493
f 1490/1826/1490 1489/1825/1489 1498/1834/1498 1497/1833/1497
f 1497/1833/1497 1498/1834/1498 1499/1835/1499 1500/1836/1500
f 1493/1829/1493 1497/1833/1497 1500/1836/1500 1494/1830/1494
f 1496/1832/1496 1495/1831/1495 1501/1837/1501 1502/1838/1502
f 1495/1831/1495 1494/1830/1494 1503/1839/1503 1501/1837/1501
f 1501/1837/1501 1503/1839/1503 1504/1840/1504 1505/1841/1505
f 1502/1838/1502 1501/1837/1501 1505/1841/1505 1506/1842/1506
f 1494/1830/1494 1500/1836/1500 1507/1843/1507 1503/1839/1503
f 1500/1836/1500 1499/1835/1499 1508/1844/1508 1507/1843/1507
f 1507/1843/1507 1508/1844/1508 1509/1845/1509 1510/1846/1510
f 1503/1839/1503 1507/1843/1507 1510/1846/1510 1504/1840/1504
f 1506/1842/1506 1505/1841/1505 1511/1847/1511 1512/1848/1512
f 1505/1841/1505 1504/1840/1504 1513/1849/1513 1511/1847/1511
f 1511/1847/1511 1513/1849/1513 1514/1850/1514 1515/1851/1515
f 1512/1848/1512 1511/1847/1511 1515/1851/1515 1516/1852/1516
f 1504/1840/1504 1510/1846/1510 1517/1853/1517 1513/1849/1513
f 1510/1846/1510 1509/1845/1509 1518/1854/1518 1517/1853/1517
f 1517/1853/1517 1518/1854/1518 1519/1855/1519 1520/1856/1520
f 1513/1849/1513 1517/1853/1517 1520/1856/1520 1514/1850/1514
f 1519/1855/1519 1518/1854/1518 1521/1857/1521 1522/1858/1522
f 1518/1854/1518 1509/1845/1509 1508/1844/1508 1521/1857/1521
f 1521/1857/1521 1508/1844/1508 1499/1835/1499 1523/1859/1523
f 1522/1858/1522 1521/1857/1521 1523/1859/1523 1524/1860/1524
f 1524/1860/1524 1523/1859/1523 1525/1861/1525 1526/1862/1526
f 1523/1859/1523 1499/1835/1499 1498/1834/1498 1525/1861/1525
f 1525/1861/1525 1498/1834/1498 1489/1825/1489 1527/1863/1527
f 1526/1862/1526 1525/1861/1525 1527/1863/1527 1528/1864/1528
f 1529/1865/1529 1530/1866/1530 1531/1867/1531 1532/1868/1532
f 1528/1864/1528 1527/1863/1527 1533/1869/1533 1534/1870/1534
f 1527/1863/1527 1489/1825/1489 1488/1824/1488 1533/1869/1533
f 1533/1869/1533 1488/1824/1488 1479/1815/1479 1535/1871/1535
f 1534/1870/1534 1533/1869/1533 1535/1871/1535 1536/1872/1536
f 1531/1873/1531 1537/1874/1537 1538/1875/1538 1539/1876/1539
f 1537/1874/1537 1528/1864/1528 1534/1870/1534 1538/1875/1538
f 1538/1875/1538 1534/1870/1534 1536/1872/1536 1540/1877/1540
f 1539/1876/1539 1538/1875/1538 1540/1877/1540 1541/1878/1541
f 1532/1868/1532 1531/1867/1531 1539/1879/1539 1542/1880/1542
f 1542/1880/1542 1539/1879/1539 1541/1881/1541 1543/1882/1543
f 1544/1883/1544 1542/1880/1542 1543/1882/1543 1545/1884/1545
f 1536/1872/1536 1535/1871/1535 1546/1885/1546 1547/1886/1547
f 1535/1871/1535 1479/1815/1479 1478/1814/1478 1546/1885/1546
f 1546/1885/1546 1478/1814/1478 1469/1805/1469 1468/1804/1468
f 1547/1886/1547 1546/1885/1546 1468/1804/1468 1459/1795/1459
f 1541/1878/1541 1540/1877/1540 1548/1887/1548 1549/1888/1549
f 1540/1877/1540 1536/1872/1536 1547/1886/1547 1548/1887/1548
f 1548/1887/1548 1547/1886/1547 1459/1795/1459 1458/1794/1458
f 1549/1888/1549 1548/1887/1548 1458/1794/1458 1449/1793/1449
f 1545/1884/1545 1543/1882/1543 1550/1889/1550 1551/1890/1551
f 1543/1882/1543 1541/1881/1541 1549/1891/1549 1550/1889/1550
f 1550/1889/1550 1549/1891/1549 1449/1780/1449 1448/1779/1448
f 1551/1890/1551 1550/1889/1550 1448/1779/1448 1439/1770/1439
f 1544/1892/1552 1545/1884/1545 1551/1890/1551 1552/1893/1553
f 1552/1893/1553 1551/1890/1551 1439/1770/1439 1438/1769/1438
f 1428/1759/1428 1552/1893/1553 1438/1769/1438 1429/1760/1429
f 1553/1894/1554 1554/1895/1555 1555/1896/1556 1556/1897/1557
f 1425/1898/1425 1426/1899/1426 1554/1895/1555 1553/1894/1554
f 1557/1900/1558 1558/1901/1559 1559/1902/1560 1560/1903/1561
f 1556/1897/1557 1555/1896/1556 1558/1901/1559 1557/1900/1558
f 1426/1899/1426 1432/1904/1432 1561/1905/1562 1554/1895/1555
f 1554/1895/1555 1561/1905/1562 1562/1906/1563 1555/1896/1556
f 1561/1905/1562 1563/1907/1564 1564/1908/1565 1562/1906/1563
f 1432/1904/1432 1436/1909/1436 1563/1907/1564 1561/1905/1562
f 1555/1896/1556 1562/1906/1563 1565/1910/1566 1558/1901/1559
f 1558/1901/1559 1565/1910/1566 1566/1911/1567 1559/1902/1560
f 1565/1910/1566 1567/1912/1568 1568/1913/1569 1566/1911/1567
f 1562/1906/1563 1564/1908/1565 1567/1912/1568 1565/1910/1566
f 1436/1909/1436 1442/1914/1442 1569/1915/1570 1563/1907/1564
f 1563/1907/1564 1569/1915/1570 1570/1916/1571 1564/1908/1565
f 1569/1915/1570 1571/1917/1572 1572/1918/1573 1570/1916/1571
f 1442/1914/1442 1446/1919/1446 1571/1917/1572 1569/1915/1570
f 1564/1908/1565 1570/1916/1571 1573/1920/1574 1567/1912/1568
f 1567/1912/1568 1573/1920/1574 1574/1921/1575 1568/1913/1569
f 1573/1920/1574 1575/1922/1576 1576/1923/1577 1574/1921/1575
f 1570/1916/1571 1572/1918/1573 1575/1922/1576 1573/1920/1574
f 1446/1924/1446 1452/1925/1452 1577/1926/1578 1571/1927/1572
f 1571/1927/1572 1577/1926/1578 1578/1928/1579 1572/1929/1573
f 1577/1926/1578 1579/1930/1580 1580/1931/1581 1578/1928/1579
f 1452/1925/1452 1456/1932/1456 1579/1930/1580 1577/1926/1578
f 1572/1929/1573 1578/1928/1579 1581/1933/1582 1575/1934/1576
f 1575/1934/1576 1581/1933/1582 1582/1935/1583 1576/1936/1577
f 1581/1933/1582 1583/1937/1584 1584/1938/1585 1582/1935/1583
f 1578/1928/1579 1580/1931/1581 1583/1937/1584 1581/1933/1582
f 1456/1932/1456 1462/1939/1462 1585/1940/1586 1579/1930/1580
f 1579/1930/1580 1585/1940/1586 1586/1941/1587 1580/1931/1581
f 1585/1940/1586 1587/1942/1588 1588/1943/1589 1586/1941/1587
f 1462/1939/1462 1466/1944/1466 1587/1942/1588 1585/1940/1586
f 1580/1931/1581 1586/1941/1587 1589/1945/1590 1583/1937/1584
f 1583/1937/1584 1589/1945/1590 1590/1946/1591 1584/1938/1585
f 1589/1945/1590 1591/1947/1592 1592/1948/1593 1590/1946/1591
f 1586/1941/1587 1588/1943/1589 1591/1947/1592 1589/1945/1590
f 1466/1944/1466 1472/1949/1472 1593/1950/1594 1587/1942/1588
f 1587/1942/1588 1593/1950/1594 1594/1951/1595 1588/1943/1589
f 1593/1950/1594 1595/1952/1596 1596/1953/1597 1594/1951/1595
f 1472/1949/1472 1476/1954/1476 1595/1952/1596 1593/1950/1594
f 1588/1943/1589 1594/1951/1595 1597/1955/1598 1591/1947/1592
f 1591/1947/1592 1597/1955/1598 1598/1956/1599 1592/1948/1593
f 1597/1955/1598 1599/1957/1600 1600/1958/1601 1598/1956/1599
f 1594/1951/1595 1596/1953/1597 1599/1957/1600 1597/1955/1598
f 1476/1954/1476 1482/1959/1482 1601/1960/1602 1595/1952/1596
f 1595/1952/1596 1601/1960/1602 1602/1961/1603 1596/1953/1597
f 1601/1960/1602 1603/1962/1604 1604/1963/1605 1602/1961/1603
f 1482/1959/1482 1486/1964/1486 1603/1962/1604 1601/1960/1602
f 1596/1953/1597 1602/1961/1603 1605/1965/1606 1599/1957/1600
f 1599/1957/1600 1605/1965/1606 1606/1966/1607 1600/1958/1601
f 1605/1965/1606 1607/1967/1608 1608/1968/1609 1606/1966/1607
f 1602/1961/1603 1604/1963/1605 1607/1967/1608 1605/1965/1606
f 1486/1964/1486 1492/1969/1492 1609/1970/1610 1603/1962/1604
f 1603/1962/1604 1609/1970/1610 1610/1971/1611 1604/1963/1605
f 1609/1970/1610 1611/1972/1612 1612/1973/1613 1610/1971/1611
f 1492/1969/1492 1496/1974/1496 1611/1972/1612 1609/1970/1610
f 1604/1963/1605 1610/1971/1611 1613/1975/1614 1607/1967/1608
f 1607/1967/1608 1613/1975/1614 1614/1976/1615 1608/1968/1609
f 1613/1975/1614 1615/1977/1616 1616/1978/1617 1614/1976/1615
f 1610/1971/1611 1612/1973/1613 1615/1977/1616 1613/1975/1614
f 1496/1974/1496 1502/1979/1502 1617/1980/1618 1611/1972/1612
f 1611/1972/1612 1617/1980/1618 1618/1981/1619 1612/1973/1613
f 1617/1980/1618 1619/1982/1620 1620/1983/1621 1618/1981/1619
f 1502/1979/1502 1506/1984/1506 1619/1982/1620 1617/1980/1618
f 1612/1973/1613 1618/1981/1619 1621/1985/1622 1615/1977/1616
f 1615/1977/1616 1621/1985/1622 1622/1986/1623 1616/1978/1617
f 1621/1985/1622 1623/1987/1624 1624/1988/1625 1622/1986/1623
f 1618/1981/1619 1620/1983/1621 1623/1987/1624 1621/1985/1622
f 1506/1984/1506 1512/1989/1512 1625/1990/1626 1619/1982/1620
f 1619/1982/1620 1625/1990/1626 1626/1991/1627 1620/1983/1621
f 1625/1990/1626 1627/1992/1628 1628/1993/1629 1626/1991/1627
f 1512/1989/1512 1516/1994/1516 1627/1992/1628 1625/1990/1626
f 1620/1983/1621 1626/1991/1627 1629/1995/1630 1623/1987/1624
f 1623/1987/1624 1629/1995/1630 1630/1996/1631 1624/1988/1625
f 1629/1995/1630 1631/1997/1632 1632/1998/1633 1630/1996/1631
f 1626/1991/1627 1628/1993/1629 1631/1997/1632 1629/1995/1630
f 1632/1998/1633 1633/1999/1634 1634/2000/1635 1630/1996/1631
f 1630/1996/1631 1634/2000/1635 1622/1986/1623 1624/1988/1625
f 1634/2000/1635 1635/2001/1636 1616/1978/1617 1622/1986/1623
f 1633/1999/1634 1636/2002/1637 1635/2001/1636 1634/2000/1635
f 1636/2002/1637 1637/2003/1638 1638/2004/1639 1635/2001/1636
f 1635/2001/1636 1638/2004/1639 1614/1976/1615 1616/1978/1617
f 1638/2004/1639 1639/2005/1640 1608/1968/1609 1614/1976/1615
f 1637/2003/1638 1640/2006/1641 1639/2005/1640 1638/2004/1639
f 1641/2007/1642 1642/2008/1643 1643/2009/1644 1644/2010/1645
f 1640/2006/1641 1645/2011/1646 1646/2012/1647 1639/2005/1640
f 1639/2005/1640 1646/2012/1647 1606/1966/1607 1608/1968/1609
f 1646/2012/1647 1647/2013/1648 1600/1958/1601 1606/1966/1607
f 1645/2011/1646 1648/2014/1649 1647/2013/1648 1646/2012/1647
f 1643/2015/1644 1649/2016/1650 1650/2017/1651 1651/2018/1652
f 1651/2018/1652 1650/2017/1651 1645/2011/1646 1640/2006/1641
f 1650/2017/1651 1652/2019/1653 1648/2014/1649 1645/2011/1646
f 1649/2016/1650 1653/2020/1654 1652/2019/1653 1650/2017/1651
f 1642/2008/1643 1654/2021/1655 1649/2022/1650 1643/2009/1644
f 1654/2021/1655 1655/2023/1656 1653/2024/1654 1649/2022/1650
f 1656/2025/1657 1657/2026/1658 1655/2023/1656 1654/2021/1655
f 1648/2014/1649 1658/2027/1659 1659/2028/1660 1647/2013/1648
f 1647/2013/1648 1659/2028/1660 1598/1956/1599 1600/1958/1601
f 1659/2028/1660 1590/1946/1591 1592/1948/1593 1598/1956/1599
f 1658/2027/1659 1584/1938/1585 1590/1946/1591 1659/2028/1660
f 1653/2020/1654 1660/2029/1661 1661/2030/1662 1652/2019/1653
f 1652/2019/1653 1661/2030/1662 1658/2027/1659 1648/2014/1649
f 1661/2030/1662 1582/1935/1583 1584/1938/1585 1658/2027/1659
f 1660/2029/1661 1576/1936/1577 1582/1935/1583 1661/2030/1662
f 1657/2026/1658 1662/2031/1663 1663/2032/1664 1655/2023/1656
f 1655/2023/1656 1663/2032/1664 1660/2033/1661 1653/2024/1654
f 1663/2032/1664 1574/1921/1575 1576/1923/1577 1660/2033/1661
f 1662/2031/1663 1568/1913/1569 1574/1921/1575 1663/2032/1664
f 1656/2034/1665 1664/2035/1666 1662/2031/1663 1657/2026/1658
f 1664/2035/1666 1566/1911/1567 1568/1913/1569 1662/2031/1663
f 1560/1903/1561 1559/1902/1560 1566/1911/1567 1664/2035/1666
s 5
f 1422/2036/1667 1421/2037/1668 1666/2038/1669 1665/2039/1670
f 1421/2040/1668 1425/2041/1671 1667/2042/1672 1666/2043/1669
f 1428/2044/1673 1427/2045/1674 1669/2046/1675 1668/2047/1676
f 1427/2048/1674 1422/2049/1667 1665/2050/1670 1669/2051/1675
s 6
f 1515/2052/1677 1514/2053/1678 1671/2054/1679 1670/2055/1680
f 1516/2056/1681 1515/2057/1677 1670/2058/1680 1672/2059/1682
f 1520/2060/1683 1519/2061/1684 1674/2062/1685 1673/2063/1686
f 1514/2064/1678 1520/2065/1683 1673/2066/1686 1671/2067/1679
f 1519/2068/1684 1522/2069/1687 1675/2070/1688 1674/2071/1685
f 1522/2072/1687 1524/2073/1689 1676/2074/1690 1675/2075/1688
f 1524/2076/1689 1526/2077/1691 1677/2078/1692 1676/2079/1690
f 1526/2080/1691 1528/2081/1693 1678/2082/1694 1677/2083/1692
s off
f 1530/2084/1695 1529/2085/1696 1680/2086/1697 1679/2087/1698
f 1531/2088/1699 1530/2089/1700 1679/2090/1701 1681/2091/1702
s 8
f 1529/2092/1703 1532/2093/1704 1682/2094/1705 1680/2095/1706
s 9
f 1537/2096/1707 1531/2097/1708 1681/2098/1709 1683/2099/1710
f 1528/2100/1711 1537/2101/1707 1683/2102/1710 1678/2103/1712
s 8
f 1532/2104/1704 1542/2105/1713 1684/2106/1714 1682/2107/1705
s off
f 1542/2108/1715 1544/2109/1716 1685/2110/1717 1684/2111/1718
f 1544/2112/1719 1552/2113/1720 1686/2114/1721 1685/2115/1722
s 5
f 1552/2116/1723 1428/2117/1673 1668/2118/1676 1686/2119/1724
f 1553/2120/1725 1556/2121/1726 1687/2122/1727 1688/2123/1728
f 1425/2124/1671 1553/2125/1725 1688/2126/1728 1667/2127/1672
f 1557/2128/1729 1560/2129/1730 1689/2130/1731 1690/2131/1732
f 1556/2132/1726 1557/2133/1729 1690/2134/1732 1687/2135/1727
s 6
f 1628/2136/1733 1627/2137/1734 1691/2138/1735 1692/2139/1736
f 1627/2140/1734 1516/2141/1681 1672/2142/1682 1691/2143/1735
f 1632/2144/1737 1631/2145/1738 1693/2146/1739 1694/2147/1740
f 1631/2148/1738 1628/2149/1733 1692/2150/1736 1693/2151/1739
f 1633/2152/1741 1632/2153/1737 1694/2154/1740 1695/2155/1742
f 1636/2156/1743 1633/2157/1741 1695/2158/1742 1696/2159/1744
f 1637/2160/1745 1636/2161/1743 1696/2162/1744 1697/2163/1746
f 1640/2164/1747 1637/2165/1745 1697/2166/1746 1698/2167/1748
s 12
f 1642/2168/1749 1641/2169/1750 1700/2170/1751 1699/2171/1752
s off
f 1644/2172/1753 1643/2173/1754 1702/2174/1755 1701/2175/1756
f 1641/2176/1757 1644/2177/1758 1701/2178/1759 1700/2179/1760
s 13
f 1643/2180/1761 1651/2181/1762 1703/2182/1763 1702/2183/1764
f 1651/2184/1762 1640/2185/1765 1698/2186/1766 1703/2187/1763
s 12
f 1654/2188/1767 1642/2189/1749 1699/2190/1752 1704/2191/1768
s off
f 1656/2192/1769 1654/2193/1770 1704/2194/1771 1705/2195/1772
f 1664/2196/1773 1656/2197/1774 1705/2198/1775 1706/2199/1776
s 5
f 1560/2200/1730 1664/2201/1777 1706/2202/1778 1689/2203/1731
g default
v -0.002270 2.209063 0.919139
v 0.433951 2.275227 0.908972
v 0.688385 2.399189 0.831180
v -0.002270 2.606164 1.113428
v 0.504272 2.658493 1.055428
v 0.779225 2.677299 0.882807
v -0.002270 3.157982 1.078409
v 0.510382 3.102095 1.033684
v 0.808381 3.072517 0.866049
v -0.002270 3.525683 1.016426
v 0.467133 3.519009 0.945689
v 0.775764 3.496742 0.805218
v -0.002270 3.971751 0.799724
v 0.369977 3.929726 0.752091
v 0.642382 3.835118 0.665428
v -0.002270 4.177816 0.403093
v 0.440815 4.125852 0.359062
v 0.778244 3.942517 0.385325
v -0.002270 4.245722 0.025718
v 0.491211 4.182722 0.026304
v 0.844748 3.985472 0.033052
v -0.002270 4.209558 -0.347915
v 0.431317 4.162908 -0.295216
v 0.786999 3.974185 -0.301724
v -0.002270 4.039405 -0.755276
v 0.376271 3.993365 -0.695008
v 0.672172 3.886298 -0.601072
v -0.002270 3.614164 -1.061119
v 0.466473 3.611064 -0.982974
v 0.818805 3.612890 -0.740292
v -0.002270 3.126821 -1.135716
v 0.530234 3.152524 -1.044543
v 0.909828 3.239994 -0.795257
v -0.002270 2.684431 -0.990175
v 0.525262 2.750411 -0.940946
v 0.869458 2.800366 -0.761038
v -0.002270 2.304228 -0.621775
v 0.481312 2.381675 -0.630747
v 0.763872 2.500267 -0.589812
v -0.002270 2.110027 -0.316721
v 0.511894 2.135256 -0.287058
v 0.809007 2.332157 -0.286830
v 0.555974 2.057936 0.104632
v 0.849996 2.254033 0.105891
v -0.002270 2.014455 0.570044
v 0.458514 2.043509 0.532589
v 0.783746 2.287628 0.543818
v 1.046156 2.654026 -0.299541
v 1.079476 2.583413 0.093961
v 0.978286 2.605150 0.543308
v 1.144220 3.128603 -0.318002
v 1.158046 3.111980 0.087990
v 1.045949 3.102639 0.521868
v 1.036509 3.566547 -0.326232
v 1.080289 3.581549 0.067239
v 0.987359 3.569743 0.478766
v -0.002270 2.744124 1.167491
v -0.002270 3.055101 1.136274
v 0.237392 2.774313 1.114489
v 0.237367 2.999573 1.109667
v -0.002270 2.854296 1.227480
v -0.002270 3.001540 1.221466
v 0.109522 2.855816 1.188349
v 0.109511 2.968655 1.192250
v -0.002270 2.073964 -0.045019
v 0.262614 2.080615 -0.024859
v 0.298258 2.036533 0.114746
v -0.002270 2.009874 0.285820
v 0.254397 2.019568 0.264725
v -0.002270 2.048253 0.027532
v 0.149957 2.053312 0.042078
v 0.167210 2.024887 0.121900
v -0.002270 2.014151 0.206217
v 0.143075 2.019461 0.199033
v 0.085864 0.587810 0.327795
v 0.485671 0.562363 0.287961
v 0.165017 1.172295 0.497550
v 0.479805 1.152659 0.377157
v 0.162038 1.481793 0.460938
v 0.422356 1.473822 0.354005
v 0.157946 1.865993 0.317646
v 0.356774 1.750042 0.281914
v 0.161245 1.938668 0.211345
v 0.419689 1.771147 0.216395
v 0.179616 1.943179 0.113738
v 0.420005 1.834834 0.103273
v 0.161828 1.937403 -0.016915
v 0.430927 1.829973 -0.027026
v 0.161137 1.863286 -0.177076
v 0.383259 1.769754 -0.134022
v 0.175618 1.477772 -0.325843
v 0.460385 1.477579 -0.228907
v 0.170877 1.168850 -0.389446
v 0.527041 1.165485 -0.276165
v 0.119886 0.593161 -0.286697
v 0.495192 0.574011 -0.230150
v 0.045535 0.557486 -0.177019
v 0.591368 0.559012 -0.126651
v 0.036916 0.554308 -0.048360
v 0.621624 0.551745 0.036249
v 0.039456 0.552540 0.088920
v 0.592907 0.553916 0.180041
v 0.610124 1.155496 -0.102787
v 0.623960 1.145712 0.076777
v 0.585874 1.144728 0.240424
v 0.545811 1.475654 -0.083846
v 0.574690 1.374971 0.099945
v 0.549320 1.465973 0.248352
v 0.169819 0.876112 -0.375914
v 0.565057 0.885494 -0.277067
v 0.634990 0.855829 -0.103751
v 0.652993 0.850375 0.071774
v 0.627177 0.851724 0.228242
v 0.530633 0.858044 0.354477
v 0.163139 0.872631 0.483577
v 0.151379 0.054301 -0.155356
v 0.397938 0.045384 -0.158432
v 0.446907 0.034561 -0.108391
v 0.109677 0.046938 -0.099187
v 0.465048 0.037961 -0.010562
v 0.095965 0.049826 -0.010905
v 0.449812 0.040950 0.076283
v 0.096492 0.052284 0.070769
v 0.425691 0.042684 0.159330
v 0.111239 0.053958 0.168789
v 0.305960 0.576026 0.345927
v 0.350246 0.862962 0.443057
v 0.320836 1.173194 0.462518
v 0.296673 1.476871 0.431446
v 0.263602 1.822830 0.311800
v 0.292266 1.877791 0.213399
v 0.300706 1.895776 0.107711
v 0.300272 1.889057 -0.037578
v 0.289554 1.827280 -0.163595
v 0.345478 1.477253 -0.295526
v 0.369102 1.164467 -0.362628
v 0.373215 0.874545 -0.349010
v 0.305880 0.588957 -0.281826
v 0.271463 0.037554 -0.181892
v 0.280573 0.025917 -0.107450
v 0.283367 0.028385 -0.013606
v 0.278517 0.028586 0.071532
v 0.259714 0.031343 0.166324
v 0.444183 0.299528 -0.156135
v 0.524277 0.296132 -0.071876
v 0.540030 0.299828 0.065329
v 0.516842 0.309029 0.191507
v 0.446375 0.319528 0.283641
v 0.269564 0.332840 0.313725
v 0.097806 0.345823 0.297010
v 0.045869 0.338464 0.172588
v 0.040399 0.334668 0.053350
v 0.057968 0.332597 -0.078418
v 0.125816 0.326173 -0.148382
v 0.275207 0.312836 -0.181532
v 0.264882 0.187749 0.218759
v 0.434939 0.159980 0.183536
v 0.486292 0.156523 0.100072
v 0.505158 0.151143 0.002029
v 0.488487 0.145710 -0.107108
v 0.416996 0.140792 -0.166884
v 0.266946 0.144010 -0.199403
v 0.131622 0.150560 -0.163184
v 0.069773 0.155966 -0.099398
v 0.051393 0.164246 0.004983
v 0.057431 0.171863 0.093311
v 0.106480 0.176178 0.193735
v 0.262696 0.111731 0.261373
v 0.383548 0.102785 0.239212
v 0.261137 0.046341 0.273469
v 0.384087 0.049543 0.242347
v 0.147230 0.113254 0.251740
v 0.146136 0.058626 0.258618
v 0.645685 1.574544 -0.050279
v 0.664385 1.486583 0.052760
v 0.558251 1.789269 0.004800
v 0.561367 1.790800 0.144215
v 0.674110 1.504280 0.172749
v 0.604428 1.718070 0.223879
v 1.368125 1.611800 0.165699
v 1.348270 1.603034 0.246805
v 1.355891 1.680019 0.193594
v 1.315791 1.682764 0.290923
v 1.287019 1.606725 0.314460
v 1.283107 1.654862 0.335638
v 1.253244 1.605243 0.143955
v 1.237663 1.686308 0.188783
v 1.205878 1.684991 0.231200
v 1.177463 1.650886 0.263090
v 1.209768 1.588718 0.231298
v 1.235913 1.588402 0.180160
v 1.056091 1.607347 0.021640
v 1.036457 1.731446 0.104101
v 0.993370 1.711524 0.191198
v 0.980647 1.647406 0.223712
v 0.998406 1.536283 0.162442
v 1.027449 1.542043 0.094611
v 0.857208 1.599041 -0.004308
v 0.804215 1.772291 0.060830
v 0.764075 1.756881 0.185317
v 0.771656 1.661674 0.222235
v 0.865370 1.506074 0.159937
v 0.874954 1.512788 0.060509
v 0.162645 1.687387 -0.247205
v 0.312073 1.664483 -0.225245
v 0.427228 1.647876 -0.173926
v 0.506808 1.666896 -0.073539
v 0.610530 1.690460 -0.056056
v 0.823518 1.707719 -0.006037
v 1.061521 1.682978 0.039846
v 1.249367 1.646208 0.136865
v 1.396947 1.667011 0.179887
v 1.386120 1.666293 0.281957
v 1.325500 1.657388 0.377675
v 1.188980 1.603383 0.255391
v 0.983431 1.583045 0.215591
v 0.832698 1.556884 0.199233
v 0.661281 1.564585 0.216716
v 0.487616 1.609539 0.237187
v 0.394415 1.625033 0.317558
v 0.280107 1.661517 0.380122
v 0.159609 1.702248 0.405831
v 0.123868 1.958670 0.185808
v 0.142173 1.959149 0.113874
v 0.125016 1.962708 0.023722
v -0.002270 1.961935 0.009720
v -0.002270 1.939392 -0.032591
v -0.002270 1.866817 -0.179411
v -0.002270 1.689882 -0.250984
v -0.002270 1.479122 -0.326794
v -0.002270 1.168724 -0.393643
v -0.002270 0.878299 -0.378159
v -0.002270 0.625086 -0.291685
v -0.002270 0.587504 -0.193312
v -0.002270 0.584678 -0.066141
v -0.002270 0.583300 0.079119
v -0.002270 0.619025 0.345357
v -0.002270 0.876427 0.490259
v -0.002270 1.169781 0.504483
v -0.002270 1.481787 0.464028
v -0.002270 1.704366 0.406893
v -0.002270 1.869538 0.316860
v -0.002270 1.940170 0.222176
v -0.002270 1.957996 0.194869
v 1.240460 2.726697 -0.169063
v 1.159076 2.697757 -0.044606
v 1.295778 3.008991 -0.172916
v 1.206491 2.996693 -0.045587
v -0.002270 1.018219 -0.397328
v 0.174111 1.018678 -0.393147
v 0.373692 1.017535 -0.363241
v 0.558301 1.025856 -0.283858
v 0.629794 1.005424 -0.102412
v 0.642187 0.997262 0.075317
v 0.604960 0.994386 0.239310
v 0.513279 1.002224 0.369708
v 0.345165 1.012640 0.463847
v 0.171473 1.019556 0.503404
v -0.002270 1.021312 0.508319
v 0.193701 0.323161 -0.170177
v 0.269145 0.216925 -0.182044
v 0.192448 0.147369 -0.187915
v 0.126990 0.228678 -0.146631
v 0.495075 0.296931 -0.121665
v 0.503014 0.212658 -0.083276
v 0.462141 0.142865 -0.141897
v 0.428033 0.210811 -0.155452
v 0.082724 0.329877 -0.120369
v 0.092714 0.153077 -0.135592
v 0.062280 0.235027 -0.081128
v 0.538226 0.296820 -0.005922
v 0.517416 0.217742 0.039139
v 0.502233 0.148378 -0.055171
v 0.045030 0.333659 -0.015369
v 0.056837 0.159871 -0.048471
v 0.043556 0.242025 0.039094
v 0.532791 0.304249 0.131502
v 0.496637 0.225368 0.150358
v 0.499038 0.153839 0.053076
v 0.040079 0.336090 0.112845
v 0.050927 0.168121 0.049211
v 0.050545 0.248638 0.142651
v 0.492374 0.313871 0.244094
v 0.436317 0.235667 0.236441
v 0.469350 0.159676 0.144947
v 0.180107 0.191129 0.217271
v 0.265009 0.249570 0.262282
v 0.174214 0.339900 0.316404
v 0.104093 0.256959 0.246282
v 0.060067 0.343212 0.241684
v 0.072916 0.176499 0.145730
v 0.403988 0.567678 0.325900
v 0.444675 0.858479 0.405559
v 0.409042 1.157845 0.430670
v 0.359243 1.476796 0.399891
v 0.337737 1.640002 0.352633
v 0.315289 1.789025 0.296682
v 0.382745 1.757771 0.252955
v 0.356330 1.828053 0.212492
v 0.418020 1.821405 0.161029
v 0.368647 1.854399 0.104905
v 0.423802 1.843875 0.041164
v 0.365821 1.854155 -0.034432
v 0.403149 1.790032 -0.094374
v 0.343125 1.798037 -0.149784
v 0.375006 1.652049 -0.205690
v 0.411734 1.479820 -0.268245
v 0.471600 1.180084 -0.327289
v 0.487216 0.885093 -0.323500
v 0.405999 0.581545 -0.262572
v 0.346881 0.141951 -0.189304
v 0.365240 0.305515 -0.176406
v 0.348321 0.035435 -0.172628
v 0.425782 0.033119 -0.139144
v 0.374850 0.022106 -0.108668
v 0.460451 0.036362 -0.062163
v 0.386656 0.024941 -0.012648
v 0.459880 0.039780 0.034671
v 0.376439 0.026201 0.072871
v 0.438458 0.042141 0.116133
v 0.353471 0.028385 0.161480
v 0.365797 0.327410 0.304285
v 0.353906 0.181793 0.211367
v 0.556141 0.414893 -0.100868
v 0.466667 0.424422 -0.192010
v 0.580368 0.413244 0.049602
v 0.554704 0.420687 0.187781
v 0.464391 0.430426 0.285767
v 0.283530 0.444317 0.328674
v 0.094623 0.457995 0.304588
v 0.045224 0.453218 0.135879
v 0.041691 0.453410 0.007194
v 0.055360 0.455931 -0.124700
v 0.128109 0.452894 -0.205684
v 0.285145 0.443538 -0.226355
v 0.337302 0.108839 0.252313
v 0.262162 0.075274 0.280424
v 0.337005 0.042714 0.262313
v 0.395352 0.072684 0.247473
v 0.448662 0.090419 0.164151
v 0.478308 0.089923 0.081167
v 0.496087 0.085763 -0.009637
v 0.477158 0.081089 -0.111110
v 0.410506 0.077510 -0.163578
v 0.267996 0.081134 -0.198433
v 0.137670 0.086407 -0.161734
v 0.078575 0.091066 -0.100942
v 0.061354 0.096861 -0.007468
v 0.064813 0.102240 0.074528
v 0.091588 0.105459 0.174280
v 0.189598 0.115834 0.259622
v 0.135285 0.083202 0.264462
v 0.188787 0.048233 0.274411
v 0.263912 0.145349 0.229738
v 0.407709 0.123312 0.212673
v 0.408932 0.042125 0.210082
v 0.258769 0.034301 0.227150
v 0.127295 0.136323 0.224824
v 0.124438 0.052698 0.226776
v 0.555088 1.541845 -0.026319
v 0.660181 1.518029 -0.014970
v 0.557118 1.439275 0.071462
v 0.540036 1.662533 -0.059971
v 0.631618 1.619781 -0.049280
v 0.484942 1.828441 0.123253
v 0.554861 1.795494 0.070735
v 0.490307 1.809380 -0.013835
v 0.685521 1.473472 0.119667
v 0.598027 1.488229 0.209411
v 0.497149 1.764333 0.216905
v 0.569314 1.772835 0.192364
v 0.559159 1.591446 0.229697
v 0.674078 1.536477 0.209606
v 1.246461 1.599728 0.154959
v 1.325749 1.609214 0.138590
v 1.276412 1.590067 0.201009
v 1.254399 1.622961 0.137541
v 1.317812 1.661118 0.145720
v 1.227223 1.692163 0.213186
v 1.241923 1.684198 0.255720
v 1.335969 1.684869 0.242668
v 1.295680 1.681058 0.187137
v 1.222624 1.583893 0.209101
v 1.226226 1.568485 0.279338
v 1.190509 1.665031 0.252160
v 1.206593 1.649000 0.294133
v 1.297894 1.677201 0.326677
v 1.193527 1.608374 0.318235
v 1.198221 1.586826 0.241476
v 1.061935 1.639846 0.022849
v 1.193349 1.653964 0.095651
v 1.204396 1.606273 0.088407
v 1.003992 1.725484 0.150502
v 1.143045 1.688919 0.223400
v 1.173593 1.703083 0.157506
v 0.985847 1.673124 0.208254
v 1.124173 1.645421 0.259943
v 1.132579 1.593916 0.248130
v 0.988548 1.557360 0.203886
v 1.149317 1.565910 0.206849
v 1.006433 1.534178 0.130693
v 1.180520 1.571779 0.148082
v 1.043712 1.562811 0.058262
v 0.849968 1.668633 -0.017879
v 0.970806 1.696455 -0.000982
v 0.973362 1.615898 -0.013537
v 0.786369 1.773123 0.127714
v 0.904872 1.728373 0.164715
v 0.941146 1.741788 0.078729
v 0.756956 1.714543 0.227320
v 0.897041 1.657032 0.208825
v 0.896668 1.580346 0.197766
v 0.858598 1.526125 0.193061
v 0.919881 1.516744 0.136812
v 0.875836 1.498779 0.113282
v 0.938958 1.525807 0.052055
v 0.870466 1.549360 0.021553
v 0.687817 1.703582 -0.045431
v 0.724984 1.589854 -0.048497
v 0.668195 1.773092 0.160069
v 0.673707 1.781686 0.018191
v 0.691057 1.696081 0.227105
v 0.752691 1.550142 0.206557
v 0.788769 1.498547 0.140928
v 0.765402 1.500880 0.026326
v -0.002270 1.786376 -0.221717
v 0.161511 1.783256 -0.218363
v 0.296278 1.752632 -0.198103
v 0.403709 1.716348 -0.153991
v 0.470549 1.738073 -0.055392
v 0.585045 1.739698 -0.030508
v 0.814655 1.754876 0.027839
v 1.054468 1.716971 0.070273
v 1.245323 1.667274 0.158617
v 1.376312 1.675640 0.183562
v 1.346691 1.680974 0.300381
v 1.312713 1.662753 0.371979
v 1.187768 1.625410 0.261446
v 0.982228 1.607123 0.218745
v 0.801764 1.607086 0.210251
v 0.630207 1.640227 0.230232
v 0.453841 1.693198 0.234339
v 0.370351 1.697238 0.296718
v 0.266611 1.750374 0.350095
v 0.158260 1.793209 0.365194
v -0.002270 1.796168 0.365231
v -0.002270 1.948322 0.201215
v 0.132453 1.948071 0.190852
v 0.070732 1.958292 0.195196
v 0.151362 1.947981 0.113210
v 0.141807 1.958657 0.156596
v 0.132410 1.947306 0.013314
v 0.142573 1.961040 0.063961
v -0.002270 1.947643 -0.001746
v 0.071504 1.962531 0.010018
v -0.002270 1.987009 0.195942
v 0.144876 1.991898 0.118316
v 0.124612 1.989753 0.188717
v 0.129208 2.007178 0.037057
v -0.002270 2.004308 0.023094
v 1.184726 2.684841 -0.207111
v 1.119808 2.638214 -0.002383
v 1.262953 3.058456 -0.215249
v 1.180255 3.049274 -0.004056
v -0.002270 2.413641 1.038469
v 0.228702 2.227989 0.918871
v 0.467010 2.451725 1.001737
v 0.253114 2.605834 1.095262
v 0.592329 2.341238 0.880348
v 0.736221 2.513149 0.868969
v 0.663723 2.674183 0.980538
v -0.002270 2.932428 1.235728
v 0.061234 2.850881 1.212476
v 0.109436 2.913369 1.196178
v 0.061219 2.993296 1.214150
v 0.801515 2.866923 0.880208
v 0.680627 3.084242 0.963925
v 0.551825 2.878758 1.041961
v -0.002270 3.314788 1.057238
v 0.257373 3.157227 1.064679
v 0.500530 3.311022 0.993561
v 0.245960 3.525367 0.993861
v 0.805109 3.284581 0.845202
v 0.638599 3.501259 0.891365
v -0.002270 3.762191 0.932661
v 0.409194 3.738490 0.872136
v 0.190781 3.959459 0.785925
v 0.704410 3.702625 0.733649
v 0.525641 3.889753 0.705723
v -0.002270 4.101804 0.611397
v 0.392737 4.052979 0.564741
v 0.227615 4.165601 0.384035
v 0.701987 3.897248 0.548099
v 0.624662 4.055531 0.360305
v -0.002270 4.225257 0.210222
v 0.477534 4.165949 0.184027
v 0.255925 4.229552 0.025830
v 0.826855 3.970918 0.210094
v 0.684556 4.106973 0.027199
v -0.002270 4.240810 -0.157486
v 0.470220 4.185616 -0.127435
v 0.220789 4.199445 -0.325922
v 0.828873 3.989196 -0.135145
v 0.620464 4.093811 -0.291148
v -0.002270 4.151007 -0.554094
v 0.391315 4.102862 -0.495061
v 0.191134 4.027334 -0.736214
v 0.726878 3.932539 -0.473913
v 0.548438 3.939802 -0.647707
v -0.002270 3.849005 -0.930716
v 0.412197 3.822303 -0.863099
v 0.241266 3.612165 -1.041654
v 0.740682 3.773588 -0.672023
v 0.658727 3.615834 -0.884875
v -0.002270 3.369237 -1.127186
v 0.506454 3.381041 -1.038274
v 0.275641 3.129998 -1.110756
v 0.878552 3.436884 -0.779251
v 0.742139 3.207436 -0.945790
v -0.002270 2.899512 -1.093501
v 0.536011 2.945794 -1.017317
v 0.275426 2.706728 -0.977828
v 0.902530 3.016643 -0.794668
v 0.723658 2.792285 -0.879694
v -0.002270 2.478706 -0.815371
v 0.499465 2.555933 -0.799783
v 0.252311 2.327620 -0.627570
v 0.823369 2.624711 -0.677932
v 0.663637 2.450269 -0.617087
v -0.002270 2.182891 -0.462072
v 0.493510 2.246946 -0.470750
v 0.258069 2.120298 -0.317965
v 0.793177 2.423751 -0.465293
v 0.682980 2.222714 -0.292871
v 0.835893 2.277239 -0.097819
v 0.706125 2.134988 0.104551
v 0.560707 2.090853 -0.089177
v 0.827477 2.257576 0.328454
v 0.643084 2.159164 0.546772
v 0.532151 2.044085 0.310421
v -0.002270 2.080100 0.751817
v 0.226645 2.021821 0.570439
v 0.439258 2.143909 0.751027
v 0.734211 2.343965 0.725910
v 0.961494 2.742673 -0.551944
v 0.923460 2.479719 -0.296502
v 1.060109 2.554171 -0.100195
v 0.971476 2.403562 0.105940
v 1.037817 2.590152 0.326603
v 0.896211 2.428167 0.544447
v 0.888081 2.644245 0.732884
v 1.031805 3.195442 -0.573692
v 1.111050 2.898663 -0.358307
v 1.204264 2.661308 -0.107246
v 1.310337 2.871368 -0.180643
v 1.273599 3.053645 -0.109429
v 1.167527 2.843587 -0.036034
v 1.126231 2.839208 0.136333
v 1.112757 3.108551 0.311724
v 1.027767 2.842946 0.535048
v 0.937324 3.084639 0.712670
v 0.947364 3.588665 -0.542177
v 1.095557 3.352757 -0.330998
v 1.173663 3.175699 -0.113553
v 1.078350 3.569923 -0.128151
v 1.132377 3.352775 0.083616
v 1.049706 3.584192 0.275102
v 1.034142 3.345314 0.505968
v 0.894027 3.530084 0.661575
v 0.929670 3.786060 -0.314946
v 0.980536 3.801390 0.048391
v 0.900604 3.774699 0.431683
v -0.002270 2.698966 1.147631
v -0.002270 3.083747 1.103249
v 0.355024 2.738312 1.091742
v 0.135662 2.741337 1.146254
v 0.354988 3.025617 1.075948
v 0.271292 2.884409 1.104118
v 0.135628 3.047759 1.125660
v -0.002270 2.793715 1.199420
v -0.002270 3.035065 1.181997
v 0.155341 2.815106 1.154135
v 0.155324 2.985383 1.159514
v -0.002270 2.080968 -0.166180
v 0.367813 2.089041 -0.132291
v 0.150127 2.079667 -0.044803
v 0.415653 2.034387 0.108843
v 0.299834 2.060640 0.034123
v -0.002270 1.999835 0.407361
v 0.339541 2.012075 0.369556
v 0.294356 2.025088 0.199612
v 0.144646 2.013239 0.286082
v -0.002270 2.067266 0.012190
v 0.192210 2.073248 0.027352
v 0.086046 2.052315 0.028811
v 0.216891 2.036566 0.119904
v 0.169601 2.040052 0.076762
v -0.002270 2.018209 0.227474
v 0.187623 2.025715 0.216126
v 0.165013 2.020169 0.166531
v 0.081457 2.016326 0.207784
v -0.002270 0.729427 0.436859
v 0.039029 0.620496 0.337501
v 0.132757 0.724357 0.429795
v 0.079150 0.875698 0.489535
v 0.196501 0.584820 0.351166
v 0.333449 0.715924 0.395257
v 0.256198 0.868377 0.468362
v -0.002270 1.330598 0.487025
v 0.083389 1.171122 0.502116
v 0.163314 1.331824 0.482790
v 0.083577 1.481870 0.463988
v 0.244180 1.173144 0.486049
v 0.309602 1.330210 0.449666
v 0.235469 1.474784 0.447833
v -0.002270 1.602973 0.438572
v 0.160827 1.601858 0.436497
v 0.083534 1.704360 0.406903
v 0.290105 1.580524 0.407968
v 0.223988 1.680648 0.395104
v -0.002270 1.915724 0.264950
v 0.083337 1.869525 0.316915
v 0.159545 1.909296 0.265223
v 0.081395 1.940167 0.222423
v 0.214447 1.846636 0.316196
v 0.277582 1.863576 0.265459
v 0.229260 1.914069 0.214224
v 0.297958 1.886799 0.162885
v 0.233559 1.927431 0.112099
v 0.179231 1.941228 0.163636
v 0.301148 1.894514 0.036624
v 0.233791 1.915938 -0.030573
v 0.179712 1.942170 0.052629
v -0.002270 1.915139 -0.104094
v 0.081336 1.939586 -0.032054
v 0.162073 1.909114 -0.105084
v 0.083168 1.866904 -0.179232
v 0.294098 1.869774 -0.107327
v 0.229937 1.847714 -0.173247
v -0.002270 1.593340 -0.287108
v 0.083102 1.689866 -0.250935
v 0.164092 1.591654 -0.282930
v 0.083379 1.479172 -0.326740
v 0.241049 1.676760 -0.239370
v 0.329215 1.579854 -0.258404
v 0.271133 1.477287 -0.316697
v -0.002270 1.329536 -0.366648
v 0.167451 1.329358 -0.362350
v 0.084461 1.168447 -0.393686
v 0.382769 1.343336 -0.339170
v 0.263347 1.167827 -0.378451
v -0.002270 0.733772 -0.339972
v 0.082255 0.874608 -0.379133
v 0.149793 0.736741 -0.340870
v 0.056124 0.627064 -0.293944
v 0.270775 0.876812 -0.366227
v 0.342716 0.731000 -0.323039
v 0.212235 0.592063 -0.289998
v -0.002270 0.587858 -0.245176
v 0.068434 0.556386 -0.231000
v 0.025069 0.588924 -0.193923
v 0.197802 0.040877 -0.171015
v 0.276300 0.024256 -0.150017
v 0.184719 0.029853 -0.103251
v 0.127290 0.045067 -0.133106
v -0.002270 0.586463 -0.131487
v 0.037358 0.556190 -0.113555
v 0.020689 0.585825 -0.066729
v 0.282775 0.027472 -0.060539
v 0.178331 0.031643 -0.013372
v 0.100087 0.048544 -0.056232
v -0.002270 0.583385 -0.004411
v 0.036706 0.552911 0.011761
v 0.021906 0.584518 0.076586
v 0.282741 0.028502 0.029259
v 0.176531 0.032255 0.070196
v 0.094696 0.050896 0.029917
v -0.002270 0.583685 0.210241
v 0.048415 0.552631 0.205050
v 0.268620 0.029310 0.115830
v 0.173171 0.034779 0.167302
v 0.102141 0.052811 0.116934
v 0.553929 0.564926 -0.187218
v 0.535665 0.729945 -0.256563
v 0.603238 0.866177 -0.194984
v 0.623735 0.710021 -0.118564
v 0.613680 0.554556 -0.047600
v 0.650631 0.852307 -0.013751
v 0.647160 0.701075 0.054059
v 0.616189 0.551542 0.113457
v 0.645193 0.848338 0.153069
v 0.616172 0.698483 0.204765
v 0.549499 0.557723 0.240718
v 0.586707 0.854468 0.299343
v 0.504551 0.704470 0.322999
v 0.581073 1.160957 -0.195290
v 0.501820 1.340523 -0.259124
v 0.501412 1.473689 -0.171582
v 0.584856 1.316197 -0.091189
v 0.623439 1.149643 -0.011574
v 0.559772 1.399428 -0.010074
v 0.582067 1.304781 0.095789
v 0.611528 1.143999 0.161075
v 0.581115 1.386659 0.180206
v 0.567137 1.303511 0.250420
v 0.542927 1.145458 0.314308
v 0.477552 1.474129 0.299342
v 0.457229 1.317569 0.371337
v 0.440103 1.574093 -0.199208
v 0.470992 1.658373 -0.124347
v 0.522521 1.583250 -0.089780
v 1.367689 1.619388 0.199846
v 1.408213 1.631403 0.182384
v 1.397451 1.668220 0.235204
v 1.394929 1.616269 0.277921
v 1.318815 1.595851 0.281884
v 1.364541 1.664959 0.324590
v 1.336710 1.603616 0.373760
v 0.522031 1.551198 0.244707
v 0.445717 1.617994 0.274494
v 0.411540 1.566326 0.338694
v 0.249037 2.424086 1.029525
v 0.622900 2.492875 0.954133
v 0.052048 2.926540 1.225367
v 0.680602 2.874730 0.981119
v 0.266229 3.315833 1.038021
v 0.670888 3.292456 0.936992
v 0.213113 3.755750 0.914432
v 0.570969 3.712533 0.818094
v 0.202054 4.088969 0.594530
v 0.560225 3.996404 0.542783
v 0.248137 4.210672 0.198229
v 0.668861 4.090182 0.189314
v 0.243321 4.227609 -0.144446
v 0.663516 4.112509 -0.128642
v 0.198835 4.139662 -0.531919
v 0.570147 4.037894 -0.473256
v 0.211332 3.841531 -0.912585
v 0.591181 3.794578 -0.787246
v 0.262733 3.369143 -1.104046
v 0.711443 3.417180 -0.933594
v 0.280004 2.912259 -1.072778
v 0.743631 2.995426 -0.933852
v 0.261553 2.504201 -0.813626
v 0.689948 2.609149 -0.765233
v 0.261634 2.199920 -0.467057
v 0.665835 2.319900 -0.461881
v 0.701510 2.163386 -0.103315
v 0.681520 2.130591 0.328492
v 0.230168 2.095192 0.753391
v 0.606205 2.229694 0.737639
v 0.890072 2.563480 -0.505838
v 0.956972 2.427682 -0.097464
v 0.947882 2.403516 0.328413
v 0.826489 2.478148 0.728517
v 1.012432 2.964915 -0.572034
v 1.256266 2.857403 -0.108716
v 1.092365 2.839218 0.321266
v 0.924025 2.854257 0.726438
v 1.008532 3.399490 -0.564501
v 1.133824 3.344443 -0.120389
v 1.100215 3.356008 0.297279
v 0.930982 3.311855 0.695066
v 0.853049 3.774572 -0.504435
v 0.971927 3.796587 -0.134026
v 0.956196 3.795708 0.242365
v 0.815478 3.733511 0.600142
v 0.202881 2.695579 1.125990
v 0.405724 2.880086 1.075526
v 0.202838 3.079628 1.091604
v 0.088776 2.791126 1.180594
v 0.177523 2.897415 1.150048
v 0.088750 3.026342 1.173711
v 0.210184 2.087950 -0.166176
v 0.420363 2.064364 -0.030627
v 0.401513 2.019580 0.256142
v 0.191329 2.004006 0.407363
v 0.110072 2.072236 0.013043
v 0.218483 2.056401 0.066865
v 0.215426 2.028619 0.174790
v 0.107013 2.021011 0.228516
v 0.060254 0.728438 0.434948
v 0.229762 0.723288 0.410120
v 0.083616 1.331024 0.486630
v 0.246553 1.325368 0.466572
v 0.083599 1.602963 0.438598
v 0.231664 1.584036 0.422003
v 0.083310 1.915718 0.265115
v 0.221433 1.893123 0.266839
v 0.232188 1.922512 0.164875
v 0.233930 1.924562 0.044260
v 0.083222 1.915300 -0.103685
v 0.231414 1.893363 -0.108092
v 0.083195 1.593332 -0.287097
v 0.252698 1.584661 -0.275321
v 0.083539 1.329745 -0.366462
v 0.287163 1.335877 -0.358158
v 0.071189 0.734124 -0.341425
v 0.243173 0.736566 -0.334204
v 0.038508 0.589872 -0.247517
v 0.192296 0.028124 -0.142253
v 0.020520 0.587382 -0.131674
v 0.180372 0.031096 -0.058824
v 0.020453 0.584761 -0.005622
v 0.177663 0.031787 0.028489
v 0.027194 0.584118 0.205944
v 0.173508 0.032969 0.115479
v 0.590131 0.719760 -0.195162
v 0.643273 0.705643 -0.032172
v 0.639763 0.698305 0.134390
v 0.571967 0.702008 0.269938
v 0.547198 1.324785 -0.183025
v 0.596594 1.302490 0.005270
v 0.591795 1.299020 0.177398
v 0.521113 1.310428 0.315887
v 0.483480 1.578728 -0.146215
v 1.400078 1.628378 0.229639
v 1.364103 1.605946 0.319997
v 0.469396 1.560772 0.287514
v 0.085534 1.018322 -0.397084
v 0.273302 1.018599 -0.382356
v 0.596428 1.008922 -0.199301
v 0.642489 1.000482 -0.011547
v 0.630935 0.994878 0.159820
v 0.566955 0.998009 0.309452
v 0.258656 1.017230 0.489133
v 0.086628 1.020784 0.508237
v 0.190965 0.224354 -0.170714
v 0.475720 0.211007 -0.125650
v 0.086182 0.231787 -0.119433
v 0.515900 0.214829 -0.024607
v 0.048905 0.238426 -0.023276
v 0.510550 0.221310 0.097178
v 0.043522 0.245237 0.091540
v 0.477067 0.229926 0.199117
v 0.175494 0.254398 0.262281
v 0.066590 0.253524 0.200391
v 0.425901 0.709123 0.367327
v 0.430037 1.005887 0.424700
v 0.378049 1.329847 0.412295
v 0.351179 1.573718 0.379784
v 0.335499 1.818234 0.257462
v 0.364643 1.840555 0.162322
v 0.369553 1.858806 0.036258
v 0.353075 1.836344 -0.098982
v 0.391532 1.576283 -0.234635
v 0.450699 1.344670 -0.309458
v 0.488742 1.030598 -0.334477
v 0.440449 0.726424 -0.298589
v 0.353931 0.213806 -0.176371
v 0.360757 0.020765 -0.146025
v 0.383691 0.023811 -0.062074
v 0.384071 0.025818 0.031042
v 0.365304 0.026936 0.114685
v 0.358814 0.242957 0.255569
v 0.522433 0.418399 -0.154737
v 0.574885 0.412805 -0.028461
v 0.574181 0.416333 0.122110
v 0.520099 0.425164 0.243343
v 0.381626 0.438043 0.312316
v 0.178291 0.454584 0.330059
v 0.056482 0.455883 0.227440
v 0.041336 0.452616 0.067432
v 0.044247 0.455187 -0.060408
v 0.080950 0.454198 -0.173899
v 0.198668 0.451984 -0.222564
v 0.381279 0.433471 -0.215887
v 0.334739 0.072418 0.270035
v 0.464526 0.091723 0.121953
v 0.489987 0.087837 0.037534
v 0.491716 0.083312 -0.063170
v 0.452455 0.078731 -0.141454
v 0.344394 0.079863 -0.186976
v 0.196319 0.083543 -0.186420
v 0.100377 0.088805 -0.134838
v 0.066507 0.093875 -0.055372
v 0.060263 0.099626 0.033414
v 0.076574 0.105147 0.123143
v 0.191254 0.078360 0.280221
v 0.345314 0.141063 0.221633
v 0.343583 0.030954 0.218369
v 0.429567 0.081410 0.209425
v 0.185509 0.148935 0.227998
v 0.106752 0.094411 0.226001
v 0.180541 0.036755 0.228462
v 0.538456 1.488684 0.008196
v 0.564834 1.614361 -0.064798
v 0.484634 1.833982 0.054581
v 0.580702 1.439188 0.156953
v 0.490395 1.814215 0.186810
v 0.600822 1.522190 0.221499
v 1.311152 1.600156 0.165125
v 1.328674 1.625165 0.135461
v 1.264905 1.691248 0.228127
v 1.247906 1.581458 0.238829
v 1.223041 1.673827 0.282979
v 1.197048 1.588043 0.296373
v 1.203181 1.629346 0.077590
v 1.160862 1.702920 0.201300
v 1.128955 1.669224 0.252463
v 1.142415 1.571473 0.235047
v 1.160089 1.565321 0.174589
v 1.197307 1.588209 0.112082
v 0.967388 1.668405 -0.016280
v 0.928991 1.744813 0.123764
v 0.899200 1.686682 0.200138
v 0.910111 1.534908 0.172213
v 0.922163 1.513023 0.098343
v 0.947365 1.556531 0.011145
v 0.707366 1.640517 -0.060922
v 0.668037 1.785435 0.089048
v 0.676357 1.740560 0.218294
v 0.770435 1.526552 0.184589
v 0.792536 1.484248 0.089210
v 0.750087 1.530156 -0.023677
v 0.083078 1.786405 -0.221646
v 0.233320 1.770161 -0.211104
v 0.353006 1.729844 -0.181937
v 0.442270 1.728227 -0.105544
v 0.510933 1.729778 -0.041416
v 0.679795 1.749785 -0.014612
v 0.951699 1.729287 0.038018
v 1.188038 1.672045 0.116167
v 1.306445 1.672680 0.161205
v 1.368449 1.680501 0.248004
v 1.335797 1.671447 0.330475
v 1.203413 1.634859 0.316965
v 1.127384 1.621681 0.262906
v 0.894672 1.615287 0.212842
v 0.727643 1.618483 0.226293
v 0.519201 1.671815 0.233450
v 0.417951 1.698240 0.265177
v 0.318702 1.720690 0.327455
v 0.216445 1.773502 0.360150
v 0.083406 1.796147 0.365255
v 0.075701 1.948324 0.201391
v 0.151325 1.947720 0.159347
v 0.151335 1.947628 0.058037
v 0.075685 1.947771 -0.001404
v 0.143412 1.989735 0.159692
v 0.146476 2.000000 0.072975
v 0.074073 2.006563 0.023947
v 0.071006 1.988189 0.197002
v 1.140707 2.596140 -0.103932
v 1.236136 2.876304 -0.245845
v 1.233158 3.119255 -0.110470
v 1.137733 2.839094 0.031440
v -0.438492 2.275227 0.908972
v -0.692925 2.399189 0.831180
v -0.508813 2.658493 1.055428
v -0.783766 2.677299 0.882807
v -0.514923 3.102095 1.033684
v -0.812922 3.072517 0.866049
v -0.471674 3.519009 0.945689
v -0.780304 3.496742 0.805218
v -0.374518 3.929726 0.752091
v -0.646922 3.835118 0.665428
v -0.445356 4.125852 0.359062
v -0.782785 3.942517 0.385325
v -0.495751 4.182722 0.026304
v -0.849288 3.985472 0.033052
v -0.435857 4.162908 -0.295216
v -0.791540 3.974185 -0.301724
v -0.380812 3.993365 -0.695008
v -0.676712 3.886298 -0.601072
v -0.471014 3.611064 -0.982974
v -0.823345 3.612890 -0.740292
v -0.534774 3.152524 -1.044543
v -0.914368 3.239994 -0.795257
v -0.529803 2.750411 -0.940946
v -0.873998 2.800366 -0.761038
v -0.485853 2.381675 -0.630747
v -0.768413 2.500267 -0.589812
v -0.516435 2.135256 -0.287058
v -0.813547 2.332157 -0.286830
v -0.560515 2.057936 0.104632
v -0.854536 2.254033 0.105891
v -0.463055 2.043509 0.532589
v -0.788286 2.287628 0.543818
v -1.050697 2.654026 -0.299541
v -1.084016 2.583413 0.093961
v -0.982826 2.605150 0.543308
v -1.148760 3.128603 -0.318002
v -1.162587 3.111980 0.087990
v -1.050490 3.102639 0.521868
v -1.041049 3.566547 -0.326232
v -1.084829 3.581549 0.067239
v -0.991899 3.569743 0.478766
v -0.241933 2.774313 1.114489
v -0.241907 2.999573 1.109667
v -0.114063 2.855816 1.188349
v -0.114051 2.968655 1.192250
v -0.267155 2.080615 -0.024859
v -0.302799 2.036533 0.114746
v -0.258938 2.019568 0.264725
v -0.154498 2.053312 0.042078
v -0.171751 2.024887 0.121900
v -0.147615 2.019461 0.199033
v -0.090404 0.587810 0.327795
v -0.490211 0.562363 0.287961
v -0.169558 1.172295 0.497550
v -0.484345 1.152659 0.377157
v -0.166578 1.481793 0.460938
v -0.426897 1.473822 0.354005
v -0.162487 1.865993 0.317646
v -0.361314 1.750042 0.281914
v -0.165785 1.938668 0.211345
v -0.424230 1.771147 0.216395
v -0.184156 1.943179 0.113738
v -0.424545 1.834834 0.103273
v -0.166368 1.937403 -0.016915
v -0.435468 1.829973 -0.027026
v -0.165677 1.863286 -0.177076
v -0.387799 1.769754 -0.134022
v -0.180159 1.477772 -0.325843
v -0.464926 1.477579 -0.228907
v -0.175418 1.168850 -0.389446
v -0.531582 1.165485 -0.276165
v -0.124427 0.593161 -0.286697
v -0.499733 0.574011 -0.230150
v -0.050075 0.557486 -0.177019
v -0.595909 0.559012 -0.126651
v -0.041457 0.554308 -0.048360
v -0.626164 0.551745 0.036249
v -0.043996 0.552540 0.088920
v -0.597448 0.553916 0.180041
v -0.614664 1.155496 -0.102787
v -0.628500 1.145712 0.076777
v -0.590415 1.144728 0.240424
v -0.550352 1.475654 -0.083846
v -0.579230 1.374971 0.099945
v -0.553860 1.465973 0.248352
v -0.174359 0.876112 -0.375914
v -0.569597 0.885494 -0.277067
v -0.639531 0.855829 -0.103751
v -0.657533 0.850375 0.071774
v -0.631717 0.851724 0.228242
v -0.535173 0.858044 0.354477
v -0.167679 0.872631 0.483577
v -0.155919 0.054301 -0.155356
v -0.402478 0.045384 -0.158432
v -0.451447 0.034561 -0.108391
v -0.114218 0.046938 -0.099187
v -0.469588 0.037961 -0.010562
v -0.100506 0.049826 -0.010905
v -0.454352 0.040950 0.076283
v -0.101033 0.052284 0.070769
v -0.430231 0.042684 0.159330
v -0.115779 0.053958 0.168789
v -0.310500 0.576026 0.345927
v -0.354786 0.862962 0.443057
v -0.325377 1.173194 0.462518
v -0.301214 1.476871 0.431446
v -0.268143 1.822830 0.311800
v -0.296806 1.877791 0.213399
v -0.305247 1.895776 0.107711
v -0.304813 1.889057 -0.037578
v -0.294095 1.827280 -0.163595
v -0.350019 1.477253 -0.295526
v -0.373643 1.164467 -0.362628
v -0.377755 0.874545 -0.349010
v -0.310420 0.588957 -0.281826
v -0.276004 0.037554 -0.181892
v -0.285113 0.025917 -0.107450
v -0.287908 0.028385 -0.013606
v -0.283057 0.028586 0.071532
v -0.264254 0.031343 0.166324
v -0.448723 0.299528 -0.156135
v -0.528818 0.296132 -0.071876
v -0.544571 0.299828 0.065329
v -0.521383 0.309029 0.191507
v -0.450916 0.319528 0.283641
v -0.274105 0.332840 0.313725
v -0.102347 0.345823 0.297010
v -0.050409 0.338464 0.172588
v -0.044939 0.334668 0.053350
v -0.062508 0.332597 -0.078418
v -0.130356 0.326173 -0.148382
v -0.279747 0.312836 -0.181532
v -0.269422 0.187749 0.218759
v -0.439480 0.159980 0.183536
v -0.490832 0.156523 0.100072
v -0.509699 0.151143 0.002029
v -0.493027 0.145710 -0.107108
v -0.421537 0.140792 -0.166884
v -0.271487 0.144010 -0.199403
v -0.136162 0.150560 -0.163184
v -0.074313 0.155966 -0.099398
v -0.055934 0.164246 0.004983
v -0.061972 0.171863 0.093311
v -0.111021 0.176178 0.193735
v -0.267237 0.111731 0.261373
v -0.388088 0.102785 0.239212
v -0.265678 0.046341 0.273469
v -0.388628 0.049543 0.242347
v -0.151771 0.113254 0.251740
v -0.150676 0.058626 0.258618
v -0.649878 1.574599 -0.050822
v -0.668578 1.486639 0.052217
v -0.562445 1.789325 0.004257
v -0.565560 1.790856 0.143672
v -0.678304 1.504335 0.172206
v -0.608621 1.718125 0.223335
v -1.372174 1.607792 0.167875
v -1.352319 1.599026 0.248982
v -1.359941 1.676010 0.195771
v -1.319840 1.678756 0.293100
v -1.291068 1.602716 0.316637
v -1.287156 1.650854 0.337814
v -1.255194 1.602848 0.145425
v -1.239612 1.683913 0.190254
v -1.207828 1.682596 0.232670
v -1.179413 1.648491 0.264560
v -1.211718 1.586323 0.232769
v -1.237863 1.586007 0.181630
v -1.059550 1.605735 0.022553
v -1.039916 1.729834 0.105014
v -0.996829 1.709912 0.192111
v -0.984106 1.645794 0.224625
v -1.001865 1.534671 0.163355
v -1.030907 1.540431 0.095524
v -0.861398 1.599150 -0.003797
v -0.808405 1.772400 0.061341
v -0.768265 1.756991 0.185828
v -0.775846 1.661783 0.222746
v -0.869560 1.506183 0.160448
v -0.879144 1.512897 0.061020
v -0.167185 1.687387 -0.247205
v -0.316614 1.664483 -0.225245
v -0.431768 1.647876 -0.173926
v -0.511349 1.666896 -0.073539
v -0.614723 1.690515 -0.056599
v -0.827708 1.707828 -0.005526
v -1.064980 1.681367 0.040759
v -1.251317 1.643813 0.138335
v -1.400996 1.663003 0.182064
v -1.392694 1.664273 0.284212
v -1.340631 1.650950 0.371095
v -1.190930 1.600988 0.256861
v -0.986890 1.581433 0.216504
v -0.836888 1.556993 0.199744
v -0.665475 1.564640 0.216172
v -0.492156 1.609539 0.237187
v -0.398955 1.625033 0.317558
v -0.284648 1.661517 0.380122
v -0.164150 1.702248 0.405831
v -0.128408 1.958670 0.185808
v -0.146714 1.959149 0.113874
v -0.129556 1.962708 0.023722
v -1.245000 2.726697 -0.169063
v -1.163617 2.697757 -0.044606
v -1.300319 3.008991 -0.172916
v -1.211032 2.996693 -0.045587
v -0.178652 1.018678 -0.393147
v -0.378232 1.017535 -0.363241
v -0.562842 1.025856 -0.283858
v -0.634335 1.005424 -0.102412
v -0.646727 0.997262 0.075317
v -0.609500 0.994386 0.239310
v -0.517820 1.002224 0.369708
v -0.349706 1.012640 0.463847
v -0.176013 1.019556 0.503404
v -0.198242 0.323161 -0.170177
v -0.273685 0.216925 -0.182044
v -0.196989 0.147369 -0.187915
v -0.131530 0.228678 -0.146631
v -0.499616 0.296931 -0.121665
v -0.507554 0.212658 -0.083276
v -0.466682 0.142865 -0.141897
v -0.432574 0.210811 -0.155452
v -0.087264 0.329877 -0.120369
v -0.097255 0.153077 -0.135592
v -0.066821 0.235027 -0.081128
v -0.542766 0.296820 -0.005922
v -0.521957 0.217742 0.039139
v -0.506774 0.148378 -0.055171
v -0.049571 0.333659 -0.015369
v -0.061377 0.159871 -0.048471
v -0.048096 0.242025 0.039094
v -0.537332 0.304249 0.131502
v -0.501177 0.225368 0.150358
v -0.503579 0.153839 0.053076
v -0.044620 0.336090 0.112845
v -0.055467 0.168121 0.049211
v -0.055086 0.248638 0.142651
v -0.496915 0.313871 0.244094
v -0.440857 0.235667 0.236441
v -0.473891 0.159676 0.144947
v -0.184648 0.191129 0.217271
v -0.269550 0.249570 0.262282
v -0.178754 0.339900 0.316404
v -0.108634 0.256959 0.246282
v -0.064607 0.343212 0.241684
v -0.077457 0.176499 0.145730
v -0.408528 0.567678 0.325900
v -0.449216 0.858479 0.405559
v -0.413582 1.157845 0.430670
v -0.363783 1.476796 0.399891
v -0.342278 1.640002 0.352633
v -0.319829 1.789025 0.296682
v -0.387286 1.757771 0.252955
v -0.360871 1.828053 0.212492
v -0.422561 1.821405 0.161029
v -0.373187 1.854399 0.104905
v -0.428342 1.843875 0.041164
v -0.370361 1.854155 -0.034432
v -0.407690 1.790032 -0.094374
v -0.347665 1.798037 -0.149784
v -0.379546 1.652049 -0.205690
v -0.416275 1.479820 -0.268245
v -0.476141 1.180084 -0.327289
v -0.491756 0.885093 -0.323500
v -0.410540 0.581545 -0.262572
v -0.351421 0.141951 -0.189304
v -0.369780 0.305515 -0.176406
v -0.352862 0.035435 -0.172628
v -0.430323 0.033119 -0.139144
v -0.379391 0.022106 -0.108668
v -0.464991 0.036362 -0.062163
v -0.391196 0.024941 -0.012648
v -0.464421 0.039780 0.034671
v -0.380979 0.026201 0.072871
v -0.442998 0.042141 0.116133
v -0.358011 0.028385 0.161480
v -0.370338 0.327410 0.304285
v -0.358447 0.181793 0.211367
v -0.560682 0.414893 -0.100868
v -0.471207 0.424422 -0.192010
v -0.584909 0.413244 0.049602
v -0.559244 0.420687 0.187781
v -0.468932 0.430426 0.285767
v -0.288071 0.444317 0.328674
v -0.099164 0.457995 0.304588
v -0.049765 0.453218 0.135879
v -0.046232 0.453410 0.007194
v -0.059901 0.455931 -0.124700
v -0.132649 0.452894 -0.205684
v -0.289685 0.443538 -0.226355
v -0.341843 0.108839 0.252313
v -0.266703 0.075274 0.280424
v -0.341545 0.042714 0.262313
v -0.399892 0.072684 0.247473
v -0.453203 0.090419 0.164151
v -0.482848 0.089923 0.081167
v -0.500627 0.085763 -0.009637
v -0.481699 0.081089 -0.111110
v -0.415046 0.077510 -0.163578
v -0.272537 0.081134 -0.198433
v -0.142211 0.086407 -0.161734
v -0.083116 0.091066 -0.100942
v -0.065894 0.096861 -0.007468
v -0.069353 0.102240 0.074528
v -0.096128 0.105459 0.174280
v -0.194138 0.115834 0.259622
v -0.139825 0.083202 0.264462
v -0.193327 0.048233 0.274411
v -0.268452 0.145349 0.229738
v -0.412249 0.123312 0.212673
v -0.413473 0.042125 0.210082
v -0.263309 0.034301 0.227150
v -0.131835 0.136323 0.224824
v -0.128979 0.052698 0.226776
v -0.559307 1.541784 -0.026609
v -0.664374 1.518084 -0.015513
v -0.561336 1.439214 0.071172
v -0.544254 1.662472 -0.060260
v -0.635811 1.619836 -0.049823
v -0.489160 1.828379 0.122964
v -0.559055 1.795550 0.070192
v -0.494525 1.809318 -0.014125
v -0.689715 1.473528 0.119124
v -0.602246 1.488167 0.209122
v -0.501368 1.764271 0.216616
v -0.573508 1.772891 0.191821
v -0.563377 1.591385 0.229408
v -0.678271 1.536532 0.209062
v -1.248410 1.597333 0.156429
v -1.329352 1.605500 0.141388
v -1.280015 1.586352 0.203807
v -1.256349 1.620566 0.139011
v -1.321415 1.657404 0.148518
v -1.229173 1.689768 0.214656
v -1.245526 1.680484 0.258518
v -1.340019 1.680861 0.244845
v -1.299283 1.677344 0.189936
v -1.224574 1.581498 0.210571
v -1.229829 1.564771 0.282137
v -1.192459 1.662637 0.253631
v -1.210196 1.645286 0.296932
v -1.301943 1.673192 0.328854
v -1.197130 1.604660 0.321034
v -1.200009 1.584630 0.242823
v -1.065394 1.638234 0.023762
v -1.197210 1.652754 0.096625
v -1.208257 1.605064 0.089381
v -1.007450 1.723872 0.151415
v -1.146905 1.687206 0.224374
v -1.177454 1.701370 0.158481
v -0.989305 1.671512 0.209167
v -1.128034 1.643708 0.260918
v -1.136439 1.592203 0.249105
v -0.992006 1.555748 0.204799
v -1.153178 1.564197 0.207823
v -1.009931 1.532566 0.131441
v -1.184381 1.570570 0.149056
v -1.047171 1.561199 0.059175
v -0.854158 1.668742 -0.017368
v -0.974292 1.694774 -0.000821
v -0.976849 1.614218 -0.013376
v -0.790559 1.773232 0.128224
v -0.908832 1.728487 0.165440
v -0.945106 1.741903 0.079454
v -0.761146 1.714652 0.227830
v -0.901002 1.657147 0.209550
v -0.900628 1.580461 0.198491
v -0.862788 1.526234 0.193572
v -0.923841 1.516859 0.137537
v -0.880026 1.498888 0.113793
v -0.942445 1.524126 0.052215
v -0.874656 1.549469 0.022064
v -0.692017 1.703696 -0.045901
v -0.729185 1.589967 -0.048967
v -0.672396 1.773205 0.159599
v -0.677908 1.781800 0.017721
v -0.695258 1.696194 0.226635
v -0.756892 1.550255 0.206087
v -0.792970 1.498660 0.140458
v -0.769603 1.500993 0.025856
v -0.166052 1.783256 -0.218363
v -0.300819 1.752632 -0.198103
v -0.408250 1.716348 -0.153991
v -0.475089 1.738073 -0.055392
v -0.589239 1.739753 -0.031052
v -0.818845 1.754984 0.028350
v -1.057926 1.715359 0.071186
v -1.247273 1.664879 0.160087
v -1.380362 1.671632 0.185739
v -1.352814 1.679093 0.302482
v -1.316762 1.665152 0.374156
v -1.189718 1.623015 0.262916
v -0.985687 1.605511 0.219658
v -0.805954 1.607195 0.210762
v -0.634400 1.640282 0.229688
v -0.458382 1.693198 0.234339
v -0.374891 1.697238 0.296718
v -0.271151 1.750374 0.350095
v -0.162800 1.793209 0.365194
v -0.136993 1.948071 0.190852
v -0.075272 1.958292 0.195196
v -0.155903 1.947981 0.113210
v -0.146348 1.958657 0.156596
v -0.136950 1.947306 0.013314
v -0.147114 1.961040 0.063961
v -0.076044 1.962531 0.010018
v -0.149417 1.991898 0.118316
v -0.129152 1.989753 0.188717
v -0.133748 2.007178 0.037057
v -1.189267 2.684841 -0.207111
v -1.124349 2.638214 -0.002383
v -1.267494 3.058456 -0.215249
v -1.184796 3.049274 -0.004056
v -0.233242 2.227989 0.918871
v -0.471550 2.451725 1.001737
v -0.257655 2.605834 1.095262
v -0.596870 2.341238 0.880348
v -0.740762 2.513149 0.868969
v -0.668264 2.674183 0.980538
v -0.065774 2.850881 1.212476
v -0.113977 2.913369 1.196178
v -0.065759 2.993296 1.214150
v -0.806056 2.866923 0.880208
v -0.685167 3.084242 0.963925
v -0.556366 2.878758 1.041961
v -0.261913 3.157227 1.064679
v -0.505070 3.311022 0.993561
v -0.250500 3.525367 0.993861
v -0.809650 3.284581 0.845202
v -0.643139 3.501259 0.891365
v -0.413734 3.738490 0.872136
v -0.195321 3.959459 0.785925
v -0.708951 3.702625 0.733649
v -0.530182 3.889753 0.705723
v -0.397277 4.052979 0.564741
v -0.232155 4.165601 0.384035
v -0.706527 3.897248 0.548099
v -0.629202 4.055531 0.360305
v -0.482074 4.165949 0.184027
v -0.260466 4.229552 0.025830
v -0.831395 3.970918 0.210094
v -0.689097 4.106973 0.027199
v -0.474761 4.185616 -0.127435
v -0.225329 4.199445 -0.325922
v -0.833414 3.989196 -0.135145
v -0.625005 4.093811 -0.291148
v -0.395855 4.102862 -0.495061
v -0.195675 4.027334 -0.736214
v -0.731419 3.932539 -0.473913
v -0.552979 3.939802 -0.647707
v -0.416737 3.822303 -0.863099
v -0.245807 3.612165 -1.041654
v -0.745222 3.773588 -0.672023
v -0.663267 3.615834 -0.884875
v -0.510994 3.381041 -1.038274
v -0.280182 3.129998 -1.110756
v -0.883092 3.436884 -0.779251
v -0.746679 3.207436 -0.945790
v -0.540552 2.945794 -1.017317
v -0.279966 2.706728 -0.977828
v -0.907071 3.016643 -0.794668
v -0.728199 2.792285 -0.879694
v -0.504006 2.555933 -0.799783
v -0.256851 2.327620 -0.627570
v -0.827910 2.624711 -0.677932
v -0.668178 2.450269 -0.617087
v -0.498050 2.246946 -0.470750
v -0.262609 2.120298 -0.317965
v -0.797717 2.423751 -0.465293
v -0.687521 2.222714 -0.292871
v -0.840433 2.277239 -0.097819
v -0.710665 2.134988 0.104551
v -0.565247 2.090853 -0.089177
v -0.832017 2.257576 0.328454
v -0.647625 2.159164 0.546772
v -0.536691 2.044085 0.310421
v -0.231186 2.021821 0.570439
v -0.443799 2.143909 0.751027
v -0.738751 2.343965 0.725910
v -0.966034 2.742673 -0.551944
v -0.928000 2.479719 -0.296502
v -1.064650 2.554171 -0.100195
v -0.976016 2.403562 0.105940
v -1.042358 2.590152 0.326603
v -0.900752 2.428167 0.544447
v -0.892622 2.644245 0.732884
v -1.036345 3.195442 -0.573692
v -1.115591 2.898663 -0.358307
v -1.208805 2.661308 -0.107246
v -1.314878 2.871368 -0.180643
v -1.278139 3.053645 -0.109429
v -1.172067 2.843587 -0.036034
v -1.130772 2.839208 0.136333
v -1.117298 3.108551 0.311724
v -1.032307 2.842946 0.535048
v -0.941864 3.084639 0.712670
v -0.951904 3.588665 -0.542177
v -1.100098 3.352757 -0.330998
v -1.178203 3.175699 -0.113553
v -1.082891 3.569923 -0.128151
v -1.136918 3.352775 0.083616
v -1.054247 3.584192 0.275102
v -1.038683 3.345314 0.505968
v -0.898567 3.530084 0.661575
v -0.934211 3.786060 -0.314946
v -0.985076 3.801390 0.048391
v -0.905144 3.774699 0.431683
v -0.359564 2.738312 1.091742
v -0.140203 2.741337 1.146254
v -0.359529 3.025617 1.075948
v -0.275832 2.884409 1.104118
v -0.140168 3.047759 1.125660
v -0.159882 2.815106 1.154135
v -0.159864 2.985383 1.159514
v -0.372353 2.089041 -0.132291
v -0.154668 2.079667 -0.044803
v -0.420193 2.034387 0.108843
v -0.304374 2.060640 0.034123
v -0.344082 2.012075 0.369556
v -0.298896 2.025088 0.199612
v -0.149187 2.013239 0.286082
v -0.196751 2.073248 0.027352
v -0.090587 2.052315 0.028811
v -0.221431 2.036566 0.119904
v -0.174142 2.040052 0.076762
v -0.192164 2.025715 0.216126
v -0.169554 2.020169 0.166531
v -0.085997 2.016326 0.207784
v -0.043570 0.620496 0.337501
v -0.137298 0.724357 0.429795
v -0.083691 0.875698 0.489535
v -0.201041 0.584820 0.351166
v -0.337990 0.715924 0.395257
v -0.260738 0.868377 0.468362
v -0.087929 1.171122 0.502116
v -0.167855 1.331824 0.482790
v -0.088118 1.481870 0.463988
v -0.248720 1.173144 0.486049
v -0.314143 1.330210 0.449666
v -0.240010 1.474784 0.447833
v -0.165368 1.601858 0.436497
v -0.088075 1.704360 0.406903
v -0.294645 1.580524 0.407968
v -0.228529 1.680648 0.395104
v -0.087877 1.869525 0.316915
v -0.164085 1.909296 0.265223
v -0.085935 1.940167 0.222423
v -0.218988 1.846636 0.316196
v -0.282122 1.863576 0.265459
v -0.233800 1.914069 0.214224
v -0.302499 1.886799 0.162885
v -0.238100 1.927431 0.112099
v -0.183772 1.941228 0.163636
v -0.305688 1.894514 0.036624
v -0.238332 1.915938 -0.030573
v -0.184252 1.942170 0.052629
v -0.085877 1.939586 -0.032054
v -0.166614 1.909114 -0.105084
v -0.087709 1.866904 -0.179232
v -0.298638 1.869774 -0.107327
v -0.234478 1.847714 -0.173247
v -0.087642 1.689866 -0.250935
v -0.168633 1.591654 -0.282930
v -0.087920 1.479172 -0.326740
v -0.245590 1.676760 -0.239370
v -0.333755 1.579854 -0.258404
v -0.275674 1.477287 -0.316697
v -0.171991 1.329358 -0.362350
v -0.089002 1.168447 -0.393686
v -0.387309 1.343336 -0.339170
v -0.267887 1.167827 -0.378451
v -0.086796 0.874608 -0.379133
v -0.154333 0.736741 -0.340870
v -0.060664 0.627064 -0.293944
v -0.275315 0.876812 -0.366227
v -0.347256 0.731000 -0.323039
v -0.216776 0.592063 -0.289998
v -0.072975 0.556386 -0.231000
v -0.029610 0.588924 -0.193923
v -0.202343 0.040877 -0.171015
v -0.280840 0.024256 -0.150017
v -0.189260 0.029853 -0.103251
v -0.131831 0.045067 -0.133106
v -0.041898 0.556190 -0.113555
v -0.025229 0.585825 -0.066729
v -0.287315 0.027472 -0.060539
v -0.182871 0.031643 -0.013372
v -0.104628 0.048544 -0.056232
v -0.041246 0.552911 0.011761
v -0.026447 0.584518 0.076586
v -0.287281 0.028502 0.029259
v -0.181071 0.032255 0.070196
v -0.099237 0.050896 0.029917
v -0.052955 0.552631 0.205050
v -0.273160 0.029310 0.115830
v -0.177712 0.034779 0.167302
v -0.106681 0.052811 0.116934
v -0.558470 0.564926 -0.187218
v -0.540205 0.729945 -0.256563
v -0.607778 0.866177 -0.194984
v -0.628275 0.710021 -0.118564
v -0.618221 0.554556 -0.047600
v -0.655171 0.852307 -0.013751
v -0.651700 0.701075 0.054059
v -0.620730 0.551542 0.113457
v -0.649733 0.848338 0.153069
v -0.620713 0.698483 0.204765
v -0.554039 0.557723 0.240718
v -0.591248 0.854468 0.299343
v -0.509091 0.704470 0.322999
v -0.585613 1.160957 -0.195290
v -0.506361 1.340523 -0.259124
v -0.505952 1.473689 -0.171582
v -0.589397 1.316197 -0.091189
v -0.627979 1.149643 -0.011574
v -0.564313 1.399428 -0.010074
v -0.586607 1.304781 0.095789
v -0.616069 1.143999 0.161075
v -0.585656 1.386659 0.180206
v -0.571677 1.303511 0.250420
v -0.547468 1.145458 0.314308
v -0.482092 1.474129 0.299342
v -0.461769 1.317569 0.371337
v -0.444644 1.574093 -0.199208
v -0.475533 1.658373 -0.124347
v -0.527062 1.583250 -0.089780
v -1.371738 1.615380 0.202023
v -1.412262 1.624216 0.184561
v -1.403574 1.666339 0.237305
v -1.401051 1.618664 0.280022
v -1.322864 1.591843 0.284061
v -1.370450 1.669727 0.325408
v -1.360878 1.604557 0.362588
v -0.526572 1.551198 0.244707
v -0.450257 1.617994 0.274494
v -0.416080 1.566326 0.338694
v -0.253578 2.424086 1.029525
v -0.627441 2.492875 0.954133
v -0.056588 2.926540 1.225367
v -0.685143 2.874730 0.981119
v -0.270769 3.315833 1.038021
v -0.675428 3.292456 0.936992
v -0.217653 3.755750 0.914432
v -0.575510 3.712533 0.818094
v -0.206595 4.088969 0.594530
v -0.564766 3.996404 0.542783
v -0.252677 4.210672 0.198229
v -0.673402 4.090182 0.189314
v -0.247862 4.227609 -0.144446
v -0.668056 4.112509 -0.128642
v -0.203375 4.139662 -0.531919
v -0.574688 4.037894 -0.473256
v -0.215872 3.841531 -0.912585
v -0.595721 3.794578 -0.787246
v -0.267273 3.369143 -1.104046
v -0.715983 3.417180 -0.933594
v -0.284544 2.912259 -1.072778
v -0.748172 2.995426 -0.933852
v -0.266094 2.504201 -0.813626
v -0.694488 2.609149 -0.765233
v -0.266174 2.199920 -0.467057
v -0.670375 2.319900 -0.461881
v -0.706051 2.163386 -0.103315
v -0.686061 2.130591 0.328492
v -0.234709 2.095192 0.753391
v -0.610745 2.229694 0.737639
v -0.894612 2.563480 -0.505838
v -0.961512 2.427682 -0.097464
v -0.952422 2.403516 0.328413
v -0.831030 2.478148 0.728517
v -1.016972 2.964915 -0.572034
v -1.260806 2.857403 -0.108716
v -1.096905 2.839218 0.321266
v -0.928565 2.854257 0.726438
v -1.013073 3.399490 -0.564501
v -1.138364 3.344443 -0.120389
v -1.104755 3.356008 0.297279
v -0.935523 3.311855 0.695066
v -0.857589 3.774572 -0.504435
v -0.976467 3.796587 -0.134026
v -0.960736 3.795708 0.242365
v -0.820018 3.733511 0.600142
v -0.207422 2.695579 1.125990
v -0.410264 2.880086 1.075526
v -0.207378 3.079628 1.091604
v -0.093316 2.791126 1.180594
v -0.182064 2.897415 1.150048
v -0.093291 3.026342 1.173711
v -0.214724 2.087950 -0.166176
v -0.424903 2.064364 -0.030627
v -0.406053 2.019580 0.256142
v -0.195870 2.004006 0.407363
v -0.114613 2.072236 0.013043
v -0.223023 2.056401 0.066865
v -0.219966 2.028619 0.174790
v -0.111553 2.021011 0.228516
v -0.064794 0.728438 0.434948
v -0.234302 0.723288 0.410120
v -0.088157 1.331024 0.486630
v -0.251094 1.325368 0.466572
v -0.088140 1.602963 0.438598
v -0.236205 1.584036 0.422003
v -0.087851 1.915718 0.265115
v -0.225973 1.893123 0.266839
v -0.236729 1.922512 0.164875
v -0.238471 1.924562 0.044260
v -0.087763 1.915300 -0.103685
v -0.235955 1.893363 -0.108092
v -0.087736 1.593332 -0.287097
v -0.257239 1.584661 -0.275321
v -0.088080 1.329745 -0.366462
v -0.291703 1.335877 -0.358158
v -0.075729 0.734124 -0.341425
v -0.247713 0.736566 -0.334204
v -0.043048 0.589872 -0.247517
v -0.196837 0.028124 -0.142253
v -0.025060 0.587382 -0.131674
v -0.184913 0.031096 -0.058824
v -0.024994 0.584761 -0.005622
v -0.182203 0.031787 0.028489
v -0.031734 0.584118 0.205944
v -0.178049 0.032969 0.115479
v -0.594672 0.719760 -0.195162
v -0.647813 0.705643 -0.032172
v -0.644304 0.698305 0.134390
v -0.576508 0.702008 0.269938
v -0.551738 1.324785 -0.183025
v -0.601134 1.302490 0.005270
v -0.596335 1.299020 0.177398
v -0.525653 1.310428 0.315887
v -0.488020 1.578728 -0.146215
v -1.406201 1.625180 0.231740
v -1.384449 1.615626 0.324448
v -0.473936 1.560772 0.287514
v -0.090074 1.018322 -0.397084
v -0.277842 1.018599 -0.382356
v -0.600968 1.008922 -0.199301
v -0.647030 1.000482 -0.011547
v -0.635476 0.994878 0.159820
v -0.571496 0.998009 0.309452
v -0.263196 1.017230 0.489133
v -0.091169 1.020784 0.508237
v -0.195505 0.224354 -0.170714
v -0.480261 0.211007 -0.125650
v -0.090722 0.231787 -0.119433
v -0.520440 0.214829 -0.024607
v -0.053445 0.238426 -0.023276
v -0.515091 0.221310 0.097178
v -0.048062 0.245237 0.091540
v -0.481608 0.229926 0.199117
v -0.180035 0.254398 0.262281
v -0.071130 0.253524 0.200391
v -0.430441 0.709123 0.367327
v -0.434577 1.005887 0.424700
v -0.382590 1.329847 0.412295
v -0.355720 1.573718 0.379784
v -0.340039 1.818234 0.257462
v -0.369184 1.840555 0.162322
v -0.374093 1.858806 0.036258
v -0.357615 1.836344 -0.098982
v -0.396072 1.576283 -0.234635
v -0.455239 1.344670 -0.309458
v -0.493283 1.030598 -0.334477
v -0.444990 0.726424 -0.298589
v -0.358471 0.213806 -0.176371
v -0.365297 0.020765 -0.146025
v -0.388231 0.023811 -0.062074
v -0.388612 0.025818 0.031042
v -0.369844 0.026936 0.114685
v -0.363355 0.242957 0.255569
v -0.526974 0.418399 -0.154737
v -0.579426 0.412805 -0.028461
v -0.578722 0.416333 0.122110
v -0.524639 0.425164 0.243343
v -0.386166 0.438043 0.312316
v -0.182831 0.454584 0.330059
v -0.061023 0.455883 0.227440
v -0.045876 0.452616 0.067432
v -0.048787 0.455187 -0.060408
v -0.085490 0.454198 -0.173899
v -0.203209 0.451984 -0.222564
v -0.385820 0.433471 -0.215887
v -0.339279 0.072418 0.270035
v -0.469066 0.091723 0.121953
v -0.494527 0.087837 0.037534
v -0.496256 0.083312 -0.063170
v -0.456996 0.078731 -0.141454
v -0.348934 0.079863 -0.186976
v -0.200859 0.083543 -0.186420
v -0.104918 0.088805 -0.134838
v -0.071048 0.093875 -0.055372
v -0.064804 0.099626 0.033414
v -0.081114 0.105147 0.123143
v -0.195795 0.078360 0.280221
v -0.349855 0.141063 0.221633
v -0.348124 0.030954 0.218369
v -0.434107 0.081410 0.209425
v -0.190049 0.148935 0.227998
v -0.111292 0.094411 0.226001
v -0.185081 0.036755 0.228462
v -0.542674 1.488623 0.007907
v -0.569052 1.614300 -0.065087
v -0.488853 1.833920 0.054292
v -0.584920 1.439126 0.156664
v -0.494613 1.814153 0.186521
v -0.605041 1.522128 0.221210
v -1.314755 1.596442 0.167923
v -1.332278 1.621451 0.138260
v -1.268508 1.687534 0.230926
v -1.251509 1.577744 0.241628
v -1.226645 1.670112 0.285777
v -1.200651 1.584329 0.299171
v -1.207042 1.628137 0.078564
v -1.164723 1.701207 0.202274
v -1.132816 1.667511 0.253438
v -1.146275 1.569759 0.236021
v -1.163950 1.563607 0.175563
v -1.201168 1.587000 0.113056
v -0.970875 1.666724 -0.016119
v -0.932952 1.744927 0.124490
v -0.903160 1.686797 0.200864
v -0.914072 1.535022 0.172939
v -0.926123 1.513138 0.099069
v -0.950852 1.554850 0.011306
v -0.711567 1.640631 -0.061392
v -0.672238 1.785548 0.088578
v -0.680557 1.740673 0.217824
v -0.774636 1.526665 0.184119
v -0.796736 1.484362 0.088740
v -0.754288 1.530269 -0.024147
v -0.087619 1.786405 -0.221646
v -0.237860 1.770161 -0.211104
v -0.357547 1.729844 -0.181937
v -0.446811 1.728227 -0.105544
v -0.515152 1.729717 -0.041706
v -0.683996 1.749898 -0.015083
v -0.955660 1.729401 0.038743
v -1.191898 1.670835 0.117142
v -1.310048 1.668966 0.164004
v -1.374572 1.678619 0.250105
v -1.365881 1.673403 0.338308
v -1.207016 1.631145 0.319764
v -1.131245 1.619967 0.263880
v -0.898632 1.615402 0.213567
v -0.731844 1.618596 0.225823
v -0.523420 1.671753 0.233160
v -0.422492 1.698240 0.265177
v -0.323242 1.720690 0.327455
v -0.220985 1.773502 0.360150
v -0.087946 1.796147 0.365255
v -0.080241 1.948324 0.201391
v -0.155866 1.947720 0.159347
v -0.155875 1.947628 0.058037
v -0.080225 1.947771 -0.001404
v -0.147953 1.989735 0.159692
v -0.151016 2.000000 0.072975
v -0.078613 2.006563 0.023947
v -0.075547 1.988189 0.197002
v -1.145247 2.596140 -0.103932
v -1.240677 2.876304 -0.245845
v -1.237699 3.119255 -0.110470
v -1.142273 2.839094 0.031440
v 1.375858 1.624032 0.158923
v -1.379684 1.620171 0.161411
v 1.267735 1.603750 0.358606
v 1.256400 1.624484 0.363895
v 1.250751 1.639082 0.336831
v 1.236463 1.655606 0.317899
v 1.256623 1.668654 0.310339
v 1.276974 1.683324 0.278628
v 1.300437 1.684537 0.237437
v 1.325786 1.682925 0.198634
v 1.349344 1.662641 0.163934
v 1.366765 1.658033 0.158951
v -1.271551 1.599895 0.361108
v -1.260226 1.620623 0.366383
v -1.254578 1.635221 0.339318
v -1.240289 1.651744 0.320387
v -1.260450 1.664792 0.312827
v -1.280800 1.679462 0.281116
v -1.304263 1.680675 0.239925
v -1.329612 1.679063 0.201122
v -1.353170 1.658779 0.166422
v -1.370592 1.654171 0.161439
v 1.249701 1.576405 0.385742
v 1.236743 1.601698 0.392152
v 1.201082 1.596124 0.369908
v 1.209821 1.571039 0.364729
v -1.253750 1.572622 0.388394
v -1.240803 1.597908 0.394789
v -1.213657 1.567396 0.367677
v -1.204919 1.592481 0.372856
v 1.232385 1.563775 0.457569
v 1.226204 1.577867 0.451296
v 1.211205 1.577282 0.446723
v 1.216581 1.560099 0.443175
v -1.235308 1.561230 0.459482
v -1.229134 1.575317 0.453198
v -1.219359 1.557650 0.445290
v -1.213982 1.574833 0.448837
v 1.375936 1.607515 0.330039
v 1.348100 1.603107 0.377016
v 1.370016 1.657001 0.331702
v 1.334940 1.651829 0.375947
v -1.340760 1.597684 0.379193
v -1.323087 1.640676 0.362803
v -1.376139 1.657126 0.333803
v -1.369509 1.600089 0.323124
v 1.521488 1.631005 0.419755
v 1.506189 1.623839 0.432266
v 1.510619 1.644792 0.418333
v 1.499711 1.637789 0.430980
v -1.507003 1.621665 0.436779
v -1.500526 1.635142 0.434229
v -1.523294 1.646801 0.430364
v -1.545234 1.625820 0.404219
v 1.586557 1.648124 0.343285
v 1.575113 1.644287 0.366411
v 1.569972 1.666573 0.343632
v 1.560190 1.660815 0.366973
v 1.573246 1.640581 0.264031
v 1.570084 1.638328 0.288904
v 1.558452 1.656645 0.265366
v 1.551495 1.654676 0.289690
v -1.573961 1.635724 0.289834
v -1.566399 1.658340 0.296447
v -1.562330 1.655058 0.266297
v -1.577124 1.638994 0.264962
v 1.531090 1.651809 0.204817
v 1.527279 1.649195 0.224171
v 1.518820 1.663456 0.205729
v 1.514728 1.663391 0.226676
v -1.517693 1.662705 0.225657
v -1.530244 1.648509 0.223152
v -1.520813 1.661774 0.204745
v -1.533084 1.650127 0.203833
v 1.414208 1.611364 0.353589
v 1.389632 1.610818 0.392105
v 1.384490 1.648222 0.395475
v 1.408911 1.650498 0.357289
v -1.419071 1.609595 0.356022
v -1.392711 1.607219 0.394604
v -1.387569 1.644622 0.397973
v -1.413775 1.657831 0.359722
v 1.458023 1.622790 0.382261
v 1.438085 1.618279 0.413508
v 1.433914 1.645258 0.416241
v 1.453726 1.647104 0.385262
v -1.461418 1.621152 0.385081
v -1.440032 1.615156 0.416381
v -1.435861 1.642134 0.419115
v -1.457121 1.651606 0.388083
v 1.445871 1.619765 0.296039
v 1.429644 1.616452 0.341401
v 1.424181 1.657063 0.345218
v 1.438051 1.658474 0.299622
v -1.441817 1.614585 0.283447
v -1.434427 1.667375 0.287152
v 1.505304 1.631811 0.317178
v 1.491469 1.628987 0.355854
v 1.486811 1.661993 0.359108
v 1.498636 1.662813 0.320232
v -1.526402 1.624368 0.287442
v -1.483116 1.665081 0.290581
v 1.440921 1.622870 0.239006
v 1.436368 1.617109 0.281697
v 1.428579 1.659118 0.285265
v 1.438598 1.661954 0.243926
v -1.446370 1.621077 0.240755
v -1.444047 1.664237 0.245676
v 1.439266 1.631059 0.188947
v 1.432428 1.625221 0.228668
v 1.430220 1.656866 0.233346
v 1.429796 1.657998 0.188477
v -1.442698 1.627749 0.190176
v -1.437604 1.623699 0.229833
v -1.435396 1.655343 0.234511
v -1.433229 1.654687 0.189706
v 1.475495 1.640579 0.196605
v 1.470170 1.636033 0.227536
v 1.468451 1.660675 0.231178
v 1.468121 1.661557 0.196239
v -1.478208 1.638083 0.196727
v -1.474241 1.634929 0.227609
v -1.472521 1.659571 0.231251
v -1.470834 1.659060 0.196361
v 1.498101 1.632553 0.252118
v 1.531408 1.627847 0.286983
v 1.488022 1.660800 0.289897
v 1.496204 1.663116 0.256137
v -1.502607 1.630883 0.253377
v -1.500710 1.666556 0.257395
v 1.238881 1.568165 0.327489
v 1.229761 1.566326 0.375236
v 1.224497 1.557690 0.450372
v -1.242591 1.564381 0.330140
v -1.233704 1.562613 0.378036
v -1.227347 1.555192 0.452386
v 1.229531 1.626120 0.348652
v 1.218913 1.606274 0.381030
v 1.217066 1.583854 0.454341
v -1.233246 1.622332 0.351295
v -1.222861 1.602558 0.383822
v -1.219920 1.581354 0.456350
v 1.243222 1.589051 0.388947
v 1.233718 1.572438 0.459765
v -1.247276 1.585265 0.391592
v -1.236645 1.569890 0.461672
v 1.205452 1.583582 0.367319
v 1.207845 1.568691 0.444949
v -1.209288 1.579939 0.370266
v -1.210622 1.566241 0.447064
v 1.316404 1.625960 0.370072
v 1.336160 1.625020 0.377397
v 1.387061 1.627013 0.400128
v 1.436000 1.629355 0.418089
v 1.500802 1.631631 0.435959
v -1.390140 1.623413 0.402626
v -1.437947 1.626232 0.420963
v -1.501617 1.628984 0.439207
v 1.362130 1.662365 0.359358
v 1.396701 1.653937 0.376382
v 1.443820 1.651081 0.400752
v 1.503017 1.644737 0.425122
v -1.400672 1.655803 0.378847
v -1.446491 1.651771 0.403599
v -1.509762 1.644712 0.430606
v 1.372609 1.634946 0.328813
v 1.411560 1.630931 0.352824
v 1.455875 1.632533 0.379221
v 1.516054 1.637587 0.414340
v -1.378732 1.634069 0.327402
v -1.416423 1.633713 0.357361
v -1.459269 1.633966 0.383318
v 1.401920 1.611629 0.372847
v 1.448054 1.617623 0.397884
v 1.513838 1.623303 0.424186
v -1.405891 1.608945 0.375313
v -1.450725 1.615242 0.400731
v 1.378309 1.675540 0.307634
v 1.431116 1.665593 0.322420
v 1.492723 1.669162 0.339670
v 1.565081 1.667694 0.356920
v 1.373575 1.634472 0.327650
v 1.426913 1.636758 0.345414
v 1.489140 1.645490 0.358758
v 1.567652 1.651169 0.371652
v -1.458195 1.642786 0.385062
v 1.390525 1.637866 0.279939
v 1.441961 1.639120 0.296449
v 1.501970 1.647312 0.316862
v 1.578264 1.655216 0.337550
v -1.396873 1.635915 0.282117
v -1.438122 1.633164 0.288217
v -1.504759 1.640069 0.290246
v 1.352784 1.610840 0.345892
v -1.357870 1.602113 0.348031
v 1.385790 1.617815 0.303467
v 1.437758 1.617377 0.318720
v 1.498386 1.629123 0.336516
v 1.580835 1.641674 0.354311
v 1.391786 1.672309 0.258580
v 1.433589 1.664612 0.264596
v 1.492113 1.667067 0.273017
v 1.554974 1.659244 0.278631
v -1.398134 1.670358 0.260759
v -1.564364 1.660283 0.282475
v 1.392727 1.623652 0.278930
v 1.432474 1.633844 0.287780
v 1.509715 1.644324 0.291517
v -1.398962 1.617460 0.281069
v 1.398765 1.642087 0.232422
v 1.439760 1.642412 0.240074
v 1.497152 1.647834 0.252263
v 1.565849 1.647826 0.259876
v -1.404888 1.640206 0.234522
v -1.445209 1.640619 0.241823
v -1.501658 1.646165 0.253521
v -1.569727 1.646239 0.260807
v 1.397504 1.623803 0.253780
v 1.438644 1.619990 0.260351
v 1.514754 1.630200 0.269551
v 1.571665 1.634820 0.275684
v -1.403626 1.621922 0.255881
v -1.575543 1.632725 0.276614
v 1.560790 1.644841 0.293353
v -1.570180 1.645372 0.297197
v 1.397199 1.674336 0.205232
v 1.430008 1.663407 0.210912
v 1.468286 1.666551 0.213708
v 1.516774 1.667658 0.216505
v -1.402285 1.671391 0.207371
v -1.434312 1.660990 0.212109
v -1.471677 1.664750 0.213806
v -1.519253 1.666474 0.215504
v 1.402580 1.644955 0.177444
v 1.434531 1.644529 0.186735
v 1.471808 1.651068 0.194567
v 1.524955 1.657607 0.201928
v -1.406629 1.638411 0.179621
v -1.437964 1.641218 0.187964
v -1.474521 1.648571 0.194689
v -1.526949 1.655925 0.200944
v 1.404145 1.629568 0.206012
v 1.435847 1.626690 0.208808
v 1.472832 1.636298 0.212070
v 1.529184 1.645613 0.215332
v -1.409232 1.620908 0.208151
v -1.440151 1.624273 0.210005
v -1.476224 1.634498 0.212168
v -1.531664 1.644428 0.214331
v 1.399422 1.629021 0.231030
v 1.431324 1.641044 0.233070
v 1.469310 1.648354 0.231875
v 1.521003 1.655700 0.229506
v -1.405545 1.622742 0.233131
v -1.436500 1.639521 0.234235
v -1.473381 1.647250 0.231947
v -1.523969 1.655014 0.228487
v 1.349140 1.665997 0.342028
vt 0.257070 0.510395
vt 0.285468 0.514743
vt 0.286543 0.544417
vt 0.256540 0.541687
vt 0.311375 0.523435
vt 0.313331 0.549627
vt 0.317057 0.577104
vt 0.286476 0.568831
vt 0.256098 0.567755
vt 0.332432 0.533078
vt 0.333762 0.555352
vt 0.347200 0.539681
vt 0.351666 0.556519
vt 0.357193 0.578633
vt 0.338534 0.579181
vt 0.255568 0.599132
vt 0.262977 0.598884
vt 0.261346 0.607248
vt 0.255425 0.607616
vt 0.268753 0.599701
vt 0.268232 0.606437
vt 0.268115 0.613225
vt 0.262157 0.615270
vt 0.255288 0.615751
vt 0.341468 0.605061
vt 0.323847 0.605444
vt 0.361098 0.603941
vt 0.362871 0.631263
vt 0.342418 0.631986
vt 0.319357 0.633904
vt 0.254859 0.641163
vt 0.287316 0.641167
vt 0.288344 0.661023
vt 0.254535 0.660456
vt 0.318473 0.660787
vt 0.314284 0.687971
vt 0.285638 0.687620
vt 0.254091 0.686807
vt 0.341242 0.658950
vt 0.362005 0.659420
vt 0.357826 0.688538
vt 0.337136 0.686837
vt 0.281235 0.717772
vt 0.253577 0.717426
vt 0.307081 0.717574
vt 0.303544 0.747667
vt 0.278873 0.749096
vt 0.253042 0.749260
vt 0.329298 0.716529
vt 0.349663 0.718740
vt 0.343198 0.739569
vt 0.325874 0.744901
vt 0.282291 0.779209
vt 0.252539 0.779253
vt 0.310351 0.776319
vt 0.322006 0.801980
vt 0.288418 0.806968
vt 0.252069 0.807278
vt 0.335009 0.768829
vt 0.355223 0.753805
vt 0.372791 0.769413
vt 0.350038 0.789476
vt 0.294185 0.831232
vt 0.251634 0.833204
vt 0.333012 0.823096
vt 0.348413 0.844273
vt 0.299772 0.853749
vt 0.251131 0.863226
vt 0.364298 0.808003
vt 0.389933 0.785606
vt 0.407935 0.806667
vt 0.378174 0.825470
vt 0.746673 0.862984
vt 0.695376 0.851367
vt 0.702642 0.830526
vt 0.746590 0.833302
vt 0.644080 0.839750
vt 0.662404 0.821120
vt 0.675224 0.802550
vt 0.709650 0.807965
vt 0.746522 0.808538
vt 0.612818 0.817555
vt 0.629601 0.804235
vt 0.581557 0.795359
vt 0.601589 0.779140
vt 0.620022 0.766345
vt 0.645696 0.788787
vt 0.716140 0.781968
vt 0.746450 0.781862
vt 0.687053 0.778813
vt 0.694516 0.751085
vt 0.720221 0.752825
vt 0.746373 0.752753
vt 0.660414 0.769084
vt 0.637780 0.751775
vt 0.651127 0.739533
vt 0.669704 0.745712
vt 0.720004 0.720829
vt 0.746290 0.720689
vt 0.694239 0.720542
vt 0.690318 0.689140
vt 0.717787 0.688022
vt 0.746206 0.687776
vt 0.669515 0.719255
vt 0.645213 0.720019
vt 0.638450 0.694397
vt 0.664747 0.691650
vt 0.715871 0.656448
vt 0.746126 0.656120
vt 0.686850 0.658835
vt 0.684285 0.630264
vt 0.714384 0.626575
vt 0.746051 0.625760
vt 0.660298 0.664831
vt 0.632980 0.669429
vt 0.630150 0.643176
vt 0.657318 0.638226
vt 0.713457 0.598871
vt 0.745980 0.596737
vt 0.683073 0.604064
vt 0.682543 0.577186
vt 0.712899 0.570119
vt 0.745908 0.566438
vt 0.656956 0.611262
vt 0.631305 0.613697
vt 0.634065 0.584085
vt 0.657479 0.583828
vt 0.712518 0.537099
vt 0.745827 0.532254
vt 0.682027 0.546582
vt 0.679706 0.516624
vt 0.711169 0.505252
vt 0.745751 0.499748
vt 0.657148 0.555816
vt 0.636050 0.557431
vt 0.639672 0.536267
vt 0.654458 0.528892
vt 0.707702 0.480018
vt 0.745694 0.474484
vt 0.673762 0.491684
vt 0.665797 0.465228
vt 0.706401 0.457716
vt 0.745645 0.452706
vt 0.647903 0.504727
vt 0.629243 0.521427
vt 0.616595 0.500379
vt 0.637652 0.482663
vt 0.623878 0.462042
vt 0.647727 0.444781
vt 0.599956 0.482125
vt 0.579873 0.462908
vt 0.608342 0.442142
vt 0.636810 0.421377
vt 0.372274 0.431274
vt 0.399679 0.454709
vt 0.375626 0.472948
vt 0.351976 0.452073
vt 0.427084 0.478144
vt 0.399319 0.496460
vt 0.376194 0.512459
vt 0.354649 0.491797
vt 0.326350 0.469742
vt 0.257969 0.457612
vt 0.290493 0.462297
vt 0.288089 0.487411
vt 0.257544 0.482515
vt 0.316258 0.498162
vt 0.339822 0.511867
vt 0.358215 0.528504
vt 0.616902 0.544061
vt 0.598082 0.524654
vt 0.608665 0.571998
vt 0.581923 0.553413
vt 0.577966 0.508158
vt 0.557203 0.493117
vt 0.562197 0.529914
vt 0.534532 0.523327
vt 0.418475 0.522857
vt 0.392697 0.535116
vt 0.446228 0.510939
vt 0.465372 0.543734
vt 0.432738 0.555389
vt 0.404744 0.563019
vt 0.370869 0.548055
vt 0.379412 0.572006
vt 0.602315 0.604602
vt 0.579321 0.593457
vt 0.599450 0.637826
vt 0.566704 0.629555
vt 0.538815 0.551895
vt 0.554292 0.548522
vt 0.546345 0.582590
vt 0.527362 0.577226
vt 0.565649 0.562814
vt 0.565328 0.587954
vt 0.555165 0.610313
vt 0.538398 0.616658
vt 0.525752 0.605338
vt 0.441754 0.597304
vt 0.412919 0.599420
vt 0.471284 0.595344
vt 0.477197 0.646953
vt 0.444504 0.641982
vt 0.415927 0.638684
vt 0.385474 0.601846
vt 0.388045 0.634303
vt 0.601665 0.667620
vt 0.570427 0.665036
vt 0.608805 0.696225
vt 0.579751 0.699455
vt 0.507536 0.627549
vt 0.537647 0.637839
vt 0.543339 0.667312
vt 0.518328 0.672016
vt 0.555230 0.706409
vt 0.529120 0.716484
vt 0.439967 0.682801
vt 0.412471 0.675176
vt 0.468033 0.689705
vt 0.458868 0.732456
vt 0.428836 0.720436
vt 0.403645 0.709371
vt 0.386116 0.666105
vt 0.379985 0.697394
vt 0.620710 0.725883
vt 0.597162 0.734896
vt 0.575723 0.745109
vt 0.555338 0.755921
vt 0.411802 0.755561
vt 0.390539 0.741747
vt 0.433402 0.769562
vt 0.369951 0.728310
vt 0.280425 0.580383
vt 0.255892 0.579963
vt 0.298960 0.586831
vt 0.284939 0.590758
vt 0.272465 0.585814
vt 0.255797 0.585581
vt 0.305497 0.605323
vt 0.299522 0.624057
vt 0.284712 0.620099
vt 0.289024 0.605226
vt 0.280519 0.631233
vt 0.255018 0.631717
vt 0.255098 0.627015
vt 0.271997 0.626257
vt 0.266666 0.591860
vt 0.255690 0.591879
vt 0.274746 0.595203
vt 0.277030 0.605680
vt 0.273912 0.616600
vt 0.265791 0.621271
vt 0.255183 0.621955
vt 0.711551 0.434665
vt 0.745597 0.430657
vt 0.684019 0.436771
vt 0.697979 0.417886
vt 0.719105 0.415803
vt 0.745559 0.412927
vt 0.669500 0.427214
vt 0.661487 0.411825
vt 0.686164 0.402272
vt 0.687499 0.412746
vt 0.332952 0.433589
vt 0.346780 0.420359
vt 0.314992 0.441626
vt 0.305667 0.423909
vt 0.317589 0.419461
vt 0.321285 0.409444
vt 0.288768 0.439279
vt 0.258351 0.435253
vt 0.258641 0.418317
vt 0.284491 0.421473
vt 0.725018 0.406069
vt 0.745541 0.404104
vt 0.708510 0.407691
vt 0.715657 0.400943
vt 0.729185 0.399882
vt 0.745531 0.398723
vt 0.700026 0.404784
vt 0.695554 0.399613
vt 0.704944 0.396954
vt 0.707762 0.399557
vt 0.304924 0.411655
vt 0.310190 0.407039
vt 0.295871 0.414048
vt 0.288016 0.407995
vt 0.296062 0.407006
vt 0.299095 0.404634
vt 0.279241 0.411995
vt 0.258789 0.409686
vt 0.258870 0.404961
vt 0.274756 0.406477
vt 0.261323 0.222524
vt 0.261630 0.196595
vt 0.270254 0.196896
vt 0.271605 0.222959
vt 0.261948 0.169569
vt 0.268448 0.169685
vt 0.279158 0.168704
vt 0.280699 0.198567
vt 0.282697 0.224162
vt 0.296792 0.179957
vt 0.294790 0.202594
vt 0.313143 0.186399
vt 0.310104 0.207129
vt 0.308654 0.228651
vt 0.295417 0.226296
vt 0.260214 0.312543
vt 0.260488 0.290966
vt 0.271887 0.291142
vt 0.272077 0.312676
vt 0.260776 0.267821
vt 0.271718 0.268059
vt 0.282533 0.268503
vt 0.282882 0.291448
vt 0.283305 0.312866
vt 0.293096 0.269173
vt 0.293067 0.291965
vt 0.303838 0.270068
vt 0.303259 0.292785
vt 0.303018 0.313910
vt 0.293262 0.313228
vt 0.259779 0.345091
vt 0.259985 0.330027
vt 0.271995 0.330081
vt 0.271838 0.345046
vt 0.283169 0.330013
vt 0.282846 0.344638
vt 0.292664 0.329926
vt 0.301766 0.330041
vt 0.300057 0.343234
vt 0.291749 0.343933
vt 0.259127 0.389420
vt 0.259237 0.382320
vt 0.272766 0.382108
vt 0.273269 0.389280
vt 0.259392 0.372108
vt 0.272051 0.371890
vt 0.283206 0.370789
vt 0.284781 0.380764
vt 0.287501 0.389565
vt 0.291339 0.368727
vt 0.293750 0.377984
vt 0.298459 0.366191
vt 0.301642 0.374393
vt 0.305939 0.381144
vt 0.297178 0.385387
vt 0.300578 0.391433
vt 0.294237 0.394559
vt 0.309296 0.387440
vt 0.311415 0.393795
vt 0.303965 0.396800
vt 0.296515 0.399805
vt 0.704002 0.390530
vt 0.696959 0.386745
vt 0.702598 0.378910
vt 0.708850 0.382970
vt 0.689916 0.382961
vt 0.694022 0.374074
vt 0.698619 0.365239
vt 0.707605 0.370243
vt 0.717532 0.375863
vt 0.745454 0.351401
vt 0.745475 0.365573
vt 0.732701 0.365041
vt 0.733710 0.351131
vt 0.745492 0.376642
vt 0.731835 0.375917
vt 0.720976 0.363215
vt 0.722740 0.350149
vt 0.711350 0.359912
vt 0.702608 0.356026
vt 0.704770 0.345969
vt 0.713318 0.348322
vt 0.745372 0.293932
vt 0.745394 0.309900
vt 0.733508 0.309916
vt 0.733467 0.293996
vt 0.745413 0.323531
vt 0.733672 0.323488
vt 0.722296 0.323323
vt 0.721826 0.310002
vt 0.721604 0.294269
vt 0.711651 0.323034
vt 0.710554 0.310232
vt 0.701663 0.322571
vt 0.699807 0.310511
vt 0.698373 0.295674
vt 0.709824 0.294866
vt 0.745312 0.250174
vt 0.745343 0.273075
vt 0.733627 0.273189
vt 0.733860 0.250346
vt 0.721756 0.273578
vt 0.722024 0.250860
vt 0.709578 0.274325
vt 0.697422 0.275308
vt 0.696586 0.252844
vt 0.709416 0.251749
vt 0.745197 0.163412
vt 0.745222 0.182788
vt 0.734958 0.182995
vt 0.736266 0.163511
vt 0.745253 0.205903
vt 0.734352 0.206179
vt 0.722563 0.207127
vt 0.723702 0.184092
vt 0.724241 0.159949
vt 0.708999 0.208894
vt 0.710462 0.186578
vt 0.695086 0.210962
vt 0.696265 0.189644
vt 0.695637 0.169192
vt 0.709495 0.165112
vt 0.745172 0.144970
vt 0.745182 0.152461
vt 0.738681 0.152470
vt 0.741117 0.144922
vt 0.730463 0.148240
vt 0.734622 0.140824
vt 0.676280 0.097408
vt 0.670693 0.099596
vt 0.668868 0.094500
vt 0.677322 0.093042
vt 0.663020 0.103598
vt 0.659771 0.098402
vt 0.656776 0.093440
vt 0.667986 0.089395
vt 0.678563 0.088308
vt 0.745148 0.126290
vt 0.745161 0.135977
vt 0.742493 0.135914
vt 0.743337 0.126178
vt 0.737284 0.131793
vt 0.741527 0.126065
vt 0.666869 0.083523
vt 0.679412 0.082586
vt 0.653599 0.087798
vt 0.649305 0.079573
vt 0.665636 0.077269
vt 0.681967 0.074965
vt 0.262513 0.121479
vt 0.262663 0.108615
vt 0.265269 0.108601
vt 0.265675 0.121482
vt 0.262761 0.100217
vt 0.265236 0.100135
vt 0.267711 0.100054
vt 0.271417 0.108900
vt 0.272293 0.121261
vt 0.339011 0.082979
vt 0.356087 0.086438
vt 0.354180 0.091345
vt 0.339938 0.089882
vt 0.373164 0.089898
vt 0.368620 0.096869
vt 0.365348 0.101142
vt 0.352151 0.096195
vt 0.339073 0.095171
vt 0.262258 0.143164
vt 0.266828 0.143195
vt 0.274427 0.141434
vt 0.349879 0.100929
vt 0.338448 0.100916
vt 0.361580 0.104950
vt 0.357740 0.109259
vt 0.347847 0.106093
vt 0.338445 0.106694
vt 0.643970 0.178755
vt 0.654903 0.177720
vt 0.655293 0.196502
vt 0.642513 0.197680
vt 0.666473 0.175955
vt 0.668380 0.194849
vt 0.669351 0.214455
vt 0.655240 0.215924
vt 0.641102 0.217137
vt 0.619191 0.180063
vt 0.631681 0.179563
vt 0.629678 0.198620
vt 0.616815 0.199441
vt 0.628121 0.218016
vt 0.614439 0.218818
vt 0.364846 0.196373
vt 0.376156 0.196614
vt 0.371912 0.215166
vt 0.360416 0.214728
vt 0.388110 0.196538
vt 0.383470 0.215403
vt 0.378829 0.234268
vt 0.367854 0.234020
vt 0.356376 0.233560
vt 0.341870 0.193774
vt 0.353742 0.195518
vt 0.349043 0.213887
vt 0.337181 0.212474
vt 0.344988 0.232898
vt 0.333394 0.231921
vt 0.644923 0.257743
vt 0.658184 0.256741
vt 0.660951 0.280040
vt 0.647980 0.280986
vt 0.671434 0.255244
vt 0.673633 0.277896
vt 0.676483 0.298209
vt 0.664607 0.301167
vt 0.650742 0.304481
vt 0.619932 0.256861
vt 0.632241 0.257527
vt 0.635134 0.278881
vt 0.622349 0.275251
vt 0.635978 0.295520
vt 0.624766 0.293641
vt 0.350545 0.274060
vt 0.362188 0.273611
vt 0.360286 0.294889
vt 0.349436 0.297236
vt 0.373939 0.272900
vt 0.370729 0.291238
vt 0.367518 0.309575
vt 0.360836 0.311137
vt 0.349815 0.320442
vt 0.326900 0.272379
vt 0.338734 0.273493
vt 0.337774 0.296975
vt 0.325865 0.295448
vt 0.336480 0.318587
vt 0.324883 0.316633
vt 0.669220 0.315708
vt 0.659624 0.319325
vt 0.679682 0.312092
vt 0.683215 0.322743
vt 0.674286 0.326904
vt 0.666281 0.331208
vt 0.533881 0.305229
vt 0.538405 0.309225
vt 0.536388 0.313825
vt 0.530625 0.312465
vt 0.541850 0.311413
vt 0.542029 0.314694
vt 0.542428 0.319072
vt 0.535826 0.319286
vt 0.527370 0.319702
vt 0.455478 0.306488
vt 0.458334 0.303967
vt 0.461450 0.308721
vt 0.456472 0.310132
vt 0.461736 0.299912
vt 0.466207 0.306592
vt 0.470679 0.313271
vt 0.463144 0.314394
vt 0.457264 0.314973
vt 0.332865 0.334020
vt 0.322253 0.331811
vt 0.342796 0.335772
vt 0.336670 0.347823
vt 0.328230 0.345826
vt 0.318859 0.343468
vt 0.745283 0.228075
vt 0.734044 0.228319
vt 0.722148 0.229046
vt 0.708937 0.230278
vt 0.695500 0.231712
vt 0.656242 0.235686
vt 0.642268 0.236809
vt 0.670188 0.234342
vt 0.629440 0.237446
vt 0.617185 0.237840
vt 0.364662 0.253412
vt 0.352972 0.253085
vt 0.376384 0.253584
vt 0.341345 0.252450
vt 0.329688 0.251546
vt 0.294366 0.247886
vt 0.282890 0.246775
vt 0.306100 0.249160
vt 0.261046 0.245637
vt 0.271858 0.246005
vt 0.701486 0.125591
vt 0.692959 0.131009
vt 0.685767 0.120214
vt 0.693151 0.114694
vt 0.682202 0.136137
vt 0.676299 0.125443
vt 0.671435 0.117271
vt 0.679917 0.112242
vt 0.686443 0.106838
vt 0.658607 0.143119
vt 0.649511 0.144610
vt 0.646920 0.133566
vt 0.654971 0.132203
vt 0.640927 0.145160
vt 0.639408 0.133918
vt 0.638411 0.124847
vt 0.644888 0.124731
vt 0.651947 0.123541
vt 0.710847 0.114538
vt 0.706874 0.120621
vt 0.697795 0.109796
vt 0.701284 0.104115
vt 0.690557 0.101940
vt 0.693518 0.096569
vt 0.630944 0.145223
vt 0.630599 0.133619
vt 0.620123 0.142856
vt 0.621141 0.132994
vt 0.622160 0.123132
vt 0.630648 0.124120
vt 0.719274 0.092966
vt 0.715132 0.105779
vt 0.705205 0.096248
vt 0.709342 0.087287
vt 0.696588 0.089746
vt 0.699410 0.081608
vt 0.393056 0.158876
vt 0.383275 0.161802
vt 0.386381 0.149728
vt 0.394670 0.148640
vt 0.373934 0.162403
vt 0.378192 0.150699
vt 0.381548 0.140926
vt 0.388642 0.139621
vt 0.396283 0.138405
vt 0.300812 0.117985
vt 0.299591 0.109110
vt 0.310885 0.103930
vt 0.311831 0.111523
vt 0.300326 0.103016
vt 0.310243 0.096910
vt 0.320161 0.090805
vt 0.320211 0.097331
vt 0.320683 0.104006
vt 0.365045 0.162649
vt 0.370204 0.151433
vt 0.355054 0.161689
vt 0.360837 0.151053
vt 0.366004 0.141985
vt 0.374463 0.142059
vt 0.325125 0.120739
vt 0.331109 0.130972
vt 0.324980 0.137440
vt 0.317217 0.129210
vt 0.340678 0.137770
vt 0.335728 0.144184
vt 0.329008 0.153825
vt 0.316741 0.147391
vt 0.307394 0.139087
vt 0.302749 0.128631
vt 0.313388 0.120260
vt 0.321750 0.112075
vt 0.324218 0.210322
vt 0.321298 0.230515
vt 0.328253 0.190870
vt 0.317907 0.250415
vt 0.315187 0.271187
vt 0.314276 0.293999
vt 0.313644 0.315059
vt 0.309281 0.342841
vt 0.311758 0.330577
vt 0.310425 0.370619
vt 0.315566 0.376534
vt 0.306577 0.363669
vt 0.313453 0.361155
vt 0.318401 0.365171
vt 0.326073 0.370423
vt 0.319144 0.382960
vt 0.321941 0.389640
vt 0.328213 0.379281
vt 0.332468 0.385485
vt 0.684157 0.369512
vt 0.688730 0.360900
vt 0.679699 0.378207
vt 0.669482 0.373453
vt 0.675117 0.365770
vt 0.678031 0.355455
vt 0.693535 0.352453
vt 0.696424 0.343406
vt 0.685358 0.347131
vt 0.689701 0.341348
vt 0.689696 0.310745
vt 0.687499 0.296583
vt 0.692263 0.321886
vt 0.685615 0.276409
vt 0.684080 0.253977
vt 0.682929 0.233042
vt 0.682251 0.212808
vt 0.682138 0.192482
vt 0.680674 0.172960
vt 0.661454 0.121046
vt 0.665398 0.129467
vt 0.670128 0.140234
vt 0.651021 0.102841
vt 0.646933 0.099623
vt 0.654639 0.106801
vt 0.649301 0.109998
vt 0.644853 0.108508
vt 0.640109 0.107305
vt 0.642173 0.095469
vt 0.637076 0.090847
vt 0.634144 0.104914
vt 0.624848 0.102121
vt 0.379901 0.106668
vt 0.375607 0.109917
vt 0.384163 0.103214
vt 0.395163 0.116530
vt 0.387146 0.118268
vt 0.381940 0.120494
vt 0.371249 0.112757
vt 0.366714 0.115818
vt 0.377136 0.122504
vt 0.372298 0.124239
vt 0.342410 0.158669
vt 0.348513 0.148679
vt 0.352571 0.141766
vt 0.652574 0.159875
vt 0.662829 0.158208
vt 0.642944 0.160677
vt 0.631704 0.161151
vt 0.619657 0.161459
vt 0.379905 0.178128
vt 0.390583 0.177707
vt 0.369419 0.178280
vt 0.359317 0.177891
vt 0.348279 0.176387
vt 0.334987 0.173192
vt 0.320462 0.168264
vt 0.305727 0.161560
vt 0.293896 0.151407
vt 0.288081 0.136134
vt 0.285819 0.120663
vt 0.284646 0.109918
vt 0.284018 0.101535
vt 0.726994 0.119688
vt 0.730400 0.109516
vt 0.723246 0.128735
vt 0.718812 0.135530
vt 0.712287 0.141053
vt 0.702264 0.146283
vt 0.689799 0.151038
vt 0.675945 0.155137
vt 0.359796 0.133214
vt 0.354180 0.132121
vt 0.355337 0.128031
vt 0.361837 0.130225
vt 0.346277 0.129121
vt 0.348613 0.125313
vt 0.351183 0.120860
vt 0.357762 0.123977
vt 0.362447 0.126614
vt 0.377490 0.132344
vt 0.383359 0.130844
vt 0.372022 0.132990
vt 0.389478 0.129193
vt 0.395723 0.127468
vt 0.631066 0.114508
vt 0.637957 0.115845
vt 0.623504 0.112627
vt 0.643504 0.116091
vt 0.649564 0.115214
vt 0.666958 0.109938
vt 0.657992 0.113180
vt 0.674634 0.105439
vt 0.680526 0.100500
vt 0.684142 0.095939
vt 0.686509 0.090999
vt 0.688654 0.084926
vt 0.690688 0.078287
vt 0.329256 0.092263
vt 0.329174 0.098165
vt 0.329586 0.086892
vt 0.329587 0.105128
vt 0.330944 0.111434
vt 0.342674 0.121883
vt 0.345094 0.117956
vt 0.339500 0.124740
vt 0.335904 0.121246
vt 0.337654 0.118360
vt 0.340654 0.116014
vt 0.353859 0.136473
vt 0.362599 0.136532
vt 0.343914 0.133012
vt 0.361886 0.119732
vt 0.354250 0.115035
vt 0.366988 0.125641
vt 0.367101 0.132081
vt 0.335797 0.127254
vt 0.331669 0.120828
vt 0.333688 0.115360
vt 0.339447 0.112084
vt 0.346535 0.112230
vt 0.632634 0.301459
vt 0.621602 0.294085
vt 0.643043 0.309948
vt 0.634257 0.310124
vt 0.625189 0.301632
vt 0.618438 0.294529
vt 0.652208 0.320671
vt 0.660005 0.332492
vt 0.651401 0.331225
vt 0.643330 0.320211
vt 0.669018 0.363393
vt 0.669771 0.354940
vt 0.666160 0.370742
vt 0.662839 0.368031
vt 0.660814 0.360451
vt 0.660830 0.352685
vt 0.365721 0.316247
vt 0.359215 0.324885
vt 0.371496 0.308667
vt 0.375474 0.307759
vt 0.374124 0.314769
vt 0.369145 0.323353
vt 0.334593 0.377693
vt 0.336779 0.384980
vt 0.334221 0.369358
vt 0.342885 0.366498
vt 0.342903 0.375002
vt 0.341091 0.384476
vt 0.352351 0.344133
vt 0.343456 0.347363
vt 0.351248 0.335637
vt 0.360946 0.333244
vt 0.542864 0.297388
vt 0.548953 0.303236
vt 0.542012 0.305871
vt 0.538372 0.301308
vt 0.552522 0.308985
vt 0.545186 0.310330
vt 0.555695 0.314347
vt 0.547429 0.314583
vt 0.558515 0.320157
vt 0.548923 0.319326
vt 0.562578 0.334547
vt 0.562515 0.340953
vt 0.548928 0.336563
vt 0.549943 0.331349
vt 0.559463 0.348245
vt 0.547359 0.341340
vt 0.535255 0.334435
vt 0.540382 0.331146
vt 0.544010 0.328908
vt 0.443845 0.304961
vt 0.446300 0.299384
vt 0.453774 0.300868
vt 0.451588 0.305423
vt 0.451836 0.292843
vt 0.456786 0.296378
vt 0.442843 0.345845
vt 0.440349 0.338931
vt 0.453079 0.332559
vt 0.454478 0.337767
vt 0.440285 0.331981
vt 0.451988 0.327090
vt 0.457160 0.324337
vt 0.460649 0.326300
vt 0.466114 0.329689
vt 0.451313 0.315228
vt 0.451053 0.310106
vt 0.441906 0.316691
vt 0.442623 0.310503
vt 0.580314 0.307846
vt 0.586063 0.315519
vt 0.569935 0.314843
vt 0.565381 0.308157
vt 0.591787 0.323063
vt 0.574408 0.321673
vt 0.600431 0.339188
vt 0.600568 0.345648
vt 0.581438 0.343791
vt 0.581290 0.337190
vt 0.601139 0.351421
vt 0.580301 0.349833
vt 0.403113 0.359009
vt 0.403148 0.351016
vt 0.422074 0.345322
vt 0.422978 0.352427
vt 0.402615 0.343255
vt 0.421922 0.337780
vt 0.425654 0.320895
vt 0.428610 0.313182
vt 0.408254 0.325511
vt 0.413315 0.316659
vt 0.418111 0.308349
vt 0.431689 0.306088
vt 0.421067 0.300921
vt 0.434442 0.299471
vt 0.422231 0.293340
vt 0.437033 0.293092
vt 0.570419 0.288797
vt 0.574987 0.299216
vt 0.560974 0.300794
vt 0.556641 0.293092
vt 0.607213 0.308655
vt 0.613744 0.316531
vt 0.599990 0.315824
vt 0.593872 0.308055
vt 0.619676 0.324596
vt 0.605839 0.323514
vt 0.627661 0.342705
vt 0.628316 0.349689
vt 0.614774 0.347090
vt 0.614351 0.340448
vt 0.626326 0.354394
vt 0.613733 0.352907
vt 0.377611 0.366593
vt 0.374503 0.360267
vt 0.388462 0.355299
vt 0.390362 0.362801
vt 0.374445 0.351813
vt 0.388080 0.347173
vt 0.395401 0.328214
vt 0.401041 0.319448
vt 0.383040 0.331488
vt 0.389053 0.322864
vt 0.394324 0.314989
vt 0.406105 0.311289
vt 0.397412 0.307047
vt 0.409040 0.303525
vt 0.399591 0.298579
vt 0.410911 0.295960
vt 0.593597 0.290687
vt 0.600543 0.299991
vt 0.587903 0.299176
vt 0.582008 0.289742
vt 0.629349 0.318412
vt 0.621494 0.309519
vt 0.636411 0.327880
vt 0.645455 0.355012
vt 0.644974 0.347696
vt 0.644582 0.361213
vt 0.357762 0.368014
vt 0.359351 0.375534
vt 0.357837 0.359452
vt 0.367118 0.337818
vt 0.374618 0.328224
vt 0.381426 0.319532
vt 0.385230 0.311249
vt 0.387533 0.303169
vt 0.613732 0.300976
vt 0.606017 0.292608
vt 0.745433 0.337376
vt 0.733887 0.337253
vt 0.722891 0.336779
vt 0.712995 0.335880
vt 0.703887 0.334603
vt 0.695253 0.332995
vt 0.687067 0.333358
vt 0.679303 0.337996
vt 0.672279 0.342954
vt 0.666313 0.344277
vt 0.657464 0.342497
vt 0.641789 0.338147
vt 0.624548 0.333831
vt 0.610999 0.332156
vt 0.597040 0.331306
vt 0.578570 0.329470
vt 0.561027 0.327252
vt 0.549851 0.325259
vt 0.542539 0.324310
vt 0.536586 0.325223
vt 0.531313 0.327068
vt 0.463440 0.320249
vt 0.457980 0.319847
vt 0.468396 0.321480
vt 0.440965 0.324209
vt 0.451512 0.321101
vt 0.404502 0.334565
vt 0.423270 0.329366
vt 0.377731 0.341679
vt 0.390737 0.337800
vt 0.346183 0.355713
vt 0.361240 0.348806
vt 0.331312 0.359017
vt 0.337478 0.358926
vt 0.323873 0.356559
vt 0.315584 0.354087
vt 0.298443 0.355544
vt 0.306874 0.354141
vt 0.290989 0.357122
vt 0.282710 0.358488
vt 0.259577 0.359408
vt 0.271799 0.359259
vt 0.259032 0.395277
vt 0.259073 0.392787
vt 0.272880 0.392774
vt 0.272438 0.395547
vt 0.284445 0.393571
vt 0.283833 0.396460
vt 0.291516 0.396435
vt 0.296340 0.400333
vt 0.296165 0.400861
vt 0.291209 0.398539
vt 0.711746 0.385201
vt 0.704821 0.391059
vt 0.720293 0.381146
vt 0.720744 0.384867
vt 0.712266 0.387884
vt 0.705641 0.391589
vt 0.732086 0.380694
vt 0.745500 0.381358
vt 0.745506 0.384617
vt 0.732345 0.384300
vt 0.292107 0.402348
vt 0.284513 0.401700
vt 0.297630 0.402748
vt 0.711390 0.393297
vt 0.705292 0.394271
vt 0.719467 0.392400
vt 0.731502 0.391661
vt 0.745517 0.391317
vt 0.258957 0.399747
vt 0.272776 0.400555
vt 0.556941 0.537166
vt 0.536760 0.539814
vt 0.571824 0.557229
vt 0.571656 0.589742
vt 0.558833 0.618679
vt 0.535749 0.628015
vt 0.517964 0.614638
vt 0.521034 0.575438
vt 0.521034 0.575438
vt 0.257070 0.510395
vt 0.256540 0.541687
vt 0.286543 0.544417
vt 0.285468 0.514743
vt 0.313331 0.549627
vt 0.311375 0.523435
vt 0.286476 0.568831
vt 0.317057 0.577104
vt 0.256098 0.567755
vt 0.333762 0.555352
vt 0.332432 0.533078
vt 0.351666 0.556519
vt 0.347200 0.539681
vt 0.338534 0.579181
vt 0.357193 0.578633
vt 0.255568 0.599132
vt 0.255425 0.607616
vt 0.261346 0.607248
vt 0.262977 0.598884
vt 0.268232 0.606437
vt 0.268753 0.599701
vt 0.262157 0.615270
vt 0.268115 0.613225
vt 0.255288 0.615751
vt 0.323847 0.605444
vt 0.341468 0.605061
vt 0.361098 0.603941
vt 0.342418 0.631986
vt 0.362871 0.631263
vt 0.319357 0.633904
vt 0.254859 0.641163
vt 0.254535 0.660456
vt 0.288344 0.661023
vt 0.287316 0.641167
vt 0.318473 0.660787
vt 0.285638 0.687620
vt 0.314284 0.687971
vt 0.254091 0.686807
vt 0.341242 0.658950
vt 0.362005 0.659420
vt 0.337136 0.686837
vt 0.357826 0.688538
vt 0.253577 0.717426
vt 0.281235 0.717772
vt 0.307081 0.717574
vt 0.278873 0.749096
vt 0.303544 0.747667
vt 0.253042 0.749260
vt 0.329298 0.716529
vt 0.349663 0.718740
vt 0.325874 0.744901
vt 0.343198 0.739569
vt 0.252539 0.779253
vt 0.282291 0.779209
vt 0.310351 0.776319
vt 0.288418 0.806968
vt 0.322006 0.801980
vt 0.252069 0.807278
vt 0.335009 0.768829
vt 0.355223 0.753805
vt 0.350038 0.789476
vt 0.372791 0.769413
vt 0.251634 0.833204
vt 0.294185 0.831232
vt 0.333012 0.823096
vt 0.299772 0.853749
vt 0.348413 0.844273
vt 0.251131 0.863226
vt 0.364298 0.808003
vt 0.389933 0.785606
vt 0.378174 0.825470
vt 0.407935 0.806667
vt 0.746673 0.862984
vt 0.746590 0.833302
vt 0.702642 0.830526
vt 0.695376 0.851367
vt 0.662404 0.821120
vt 0.644080 0.839750
vt 0.709650 0.807965
vt 0.675224 0.802550
vt 0.746522 0.808538
vt 0.629601 0.804235
vt 0.612818 0.817555
vt 0.601589 0.779140
vt 0.581557 0.795359
vt 0.645696 0.788787
vt 0.620022 0.766345
vt 0.746450 0.781862
vt 0.716140 0.781968
vt 0.687053 0.778813
vt 0.720221 0.752825
vt 0.694516 0.751085
vt 0.746373 0.752753
vt 0.660414 0.769084
vt 0.637780 0.751775
vt 0.669704 0.745712
vt 0.651127 0.739533
vt 0.746290 0.720689
vt 0.720004 0.720829
vt 0.694239 0.720542
vt 0.717787 0.688022
vt 0.690318 0.689140
vt 0.746206 0.687776
vt 0.669515 0.719255
vt 0.645213 0.720019
vt 0.664747 0.691650
vt 0.638450 0.694397
vt 0.746126 0.656120
vt 0.715871 0.656448
vt 0.686850 0.658835
vt 0.714384 0.626575
vt 0.684285 0.630264
vt 0.746051 0.625760
vt 0.660298 0.664831
vt 0.632980 0.669429
vt 0.657318 0.638226
vt 0.630150 0.643176
vt 0.745980 0.596737
vt 0.713457 0.598871
vt 0.683073 0.604064
vt 0.712899 0.570119
vt 0.682543 0.577186
vt 0.745908 0.566438
vt 0.656956 0.611262
vt 0.631305 0.613697
vt 0.657479 0.583828
vt 0.634065 0.584085
vt 0.745827 0.532254
vt 0.712518 0.537099
vt 0.682027 0.546582
vt 0.711169 0.505252
vt 0.679706 0.516624
vt 0.745751 0.499748
vt 0.657148 0.555816
vt 0.636050 0.557431
vt 0.654458 0.528892
vt 0.639672 0.536267
vt 0.745694 0.474484
vt 0.707702 0.480018
vt 0.673762 0.491684
vt 0.706401 0.457716
vt 0.665797 0.465228
vt 0.745645 0.452706
vt 0.647903 0.504727
vt 0.629243 0.521427
vt 0.637652 0.482663
vt 0.616595 0.500379
vt 0.647727 0.444781
vt 0.623878 0.462042
vt 0.599956 0.482125
vt 0.608342 0.442142
vt 0.579873 0.462908
vt 0.636810 0.421377
vt 0.372274 0.431274
vt 0.351976 0.452073
vt 0.375626 0.472948
vt 0.399679 0.454709
vt 0.399319 0.496460
vt 0.427084 0.478144
vt 0.354649 0.491797
vt 0.376194 0.512459
vt 0.326350 0.469742
vt 0.257969 0.457612
vt 0.257544 0.482515
vt 0.288089 0.487411
vt 0.290493 0.462297
vt 0.316258 0.498162
vt 0.339822 0.511867
vt 0.358215 0.528504
vt 0.598082 0.524654
vt 0.616902 0.544061
vt 0.608665 0.571998
vt 0.581923 0.553413
vt 0.557203 0.493117
vt 0.577966 0.508158
vt 0.562197 0.529914
vt 0.534532 0.523327
vt 0.392697 0.535116
vt 0.418475 0.522857
vt 0.446228 0.510939
vt 0.432738 0.555389
vt 0.465372 0.543734
vt 0.404744 0.563019
vt 0.370869 0.548055
vt 0.379412 0.572006
vt 0.579321 0.593457
vt 0.602315 0.604602
vt 0.599450 0.637826
vt 0.566704 0.629555
vt 0.538815 0.551895
vt 0.527362 0.577226
vt 0.546345 0.582590
vt 0.554292 0.548522
vt 0.565328 0.587954
vt 0.565649 0.562814
vt 0.538398 0.616658
vt 0.555165 0.610313
vt 0.525752 0.605338
vt 0.412919 0.599420
vt 0.441754 0.597304
vt 0.471284 0.595344
vt 0.444504 0.641982
vt 0.477197 0.646953
vt 0.415927 0.638684
vt 0.385474 0.601846
vt 0.388045 0.634303
vt 0.570427 0.665036
vt 0.601665 0.667620
vt 0.608805 0.696225
vt 0.579751 0.699455
vt 0.507536 0.627549
vt 0.518328 0.672016
vt 0.543339 0.667312
vt 0.537647 0.637839
vt 0.555230 0.706409
vt 0.529120 0.716484
vt 0.412471 0.675176
vt 0.439967 0.682801
vt 0.468033 0.689705
vt 0.428836 0.720436
vt 0.458868 0.732456
vt 0.403645 0.709371
vt 0.386116 0.666105
vt 0.379985 0.697394
vt 0.597162 0.734896
vt 0.620710 0.725883
vt 0.555338 0.755921
vt 0.575723 0.745109
vt 0.390539 0.741747
vt 0.411802 0.755561
vt 0.433402 0.769562
vt 0.369951 0.728310
vt 0.255892 0.579963
vt 0.280425 0.580383
vt 0.298960 0.586831
vt 0.272465 0.585814
vt 0.284939 0.590758
vt 0.255797 0.585581
vt 0.305497 0.605323
vt 0.299522 0.624057
vt 0.289024 0.605226
vt 0.284712 0.620099
vt 0.280519 0.631233
vt 0.255018 0.631717
vt 0.271997 0.626257
vt 0.255098 0.627015
vt 0.255690 0.591879
vt 0.266666 0.591860
vt 0.274746 0.595203
vt 0.277030 0.605680
vt 0.273912 0.616600
vt 0.265791 0.621271
vt 0.255183 0.621955
vt 0.745597 0.430657
vt 0.711551 0.434665
vt 0.684019 0.436771
vt 0.719105 0.415803
vt 0.697979 0.417886
vt 0.745559 0.412927
vt 0.669500 0.427214
vt 0.661487 0.411825
vt 0.687499 0.412746
vt 0.686164 0.402272
vt 0.346780 0.420359
vt 0.332952 0.433589
vt 0.314992 0.441626
vt 0.317589 0.419461
vt 0.305667 0.423909
vt 0.321285 0.409444
vt 0.288768 0.439279
vt 0.258351 0.435253
vt 0.284491 0.421473
vt 0.258641 0.418317
vt 0.745541 0.404104
vt 0.725018 0.406069
vt 0.708510 0.407691
vt 0.729185 0.399882
vt 0.715657 0.400943
vt 0.745531 0.398723
vt 0.700026 0.404784
vt 0.695554 0.399613
vt 0.707762 0.399557
vt 0.704944 0.396954
vt 0.310190 0.407039
vt 0.304924 0.411655
vt 0.295871 0.414048
vt 0.296062 0.407006
vt 0.288016 0.407995
vt 0.299095 0.404634
vt 0.279241 0.411995
vt 0.258789 0.409686
vt 0.274756 0.406477
vt 0.258870 0.404961
vt 0.261323 0.222524
vt 0.271605 0.222959
vt 0.270254 0.196896
vt 0.261630 0.196595
vt 0.268448 0.169685
vt 0.261948 0.169569
vt 0.280699 0.198567
vt 0.279158 0.168704
vt 0.282697 0.224162
vt 0.294790 0.202594
vt 0.296792 0.179957
vt 0.310104 0.207129
vt 0.313143 0.186399
vt 0.295417 0.226296
vt 0.308654 0.228651
vt 0.260214 0.312543
vt 0.272077 0.312676
vt 0.271887 0.291142
vt 0.260488 0.290966
vt 0.271718 0.268059
vt 0.260776 0.267821
vt 0.282882 0.291448
vt 0.282533 0.268503
vt 0.283305 0.312866
vt 0.293067 0.291965
vt 0.293096 0.269173
vt 0.303259 0.292785
vt 0.303838 0.270068
vt 0.293262 0.313228
vt 0.303018 0.313910
vt 0.259779 0.345091
vt 0.271838 0.345046
vt 0.271995 0.330081
vt 0.259985 0.330027
vt 0.283169 0.330013
vt 0.282846 0.344638
vt 0.292664 0.329926
vt 0.301766 0.330041
vt 0.291749 0.343933
vt 0.300057 0.343234
vt 0.259127 0.389420
vt 0.273269 0.389280
vt 0.272766 0.382108
vt 0.259237 0.382320
vt 0.272051 0.371890
vt 0.259392 0.372108
vt 0.284781 0.380764
vt 0.283206 0.370789
vt 0.287501 0.389565
vt 0.293750 0.377984
vt 0.291339 0.368727
vt 0.301642 0.374393
vt 0.298459 0.366191
vt 0.297178 0.385387
vt 0.305939 0.381144
vt 0.294237 0.394559
vt 0.300578 0.391433
vt 0.309296 0.387440
vt 0.303965 0.396800
vt 0.311415 0.393795
vt 0.296515 0.399805
vt 0.704002 0.390530
vt 0.708850 0.382970
vt 0.702598 0.378910
vt 0.696959 0.386745
vt 0.694022 0.374074
vt 0.689916 0.382961
vt 0.707605 0.370243
vt 0.698619 0.365239
vt 0.717532 0.375863
vt 0.745454 0.351401
vt 0.733710 0.351131
vt 0.732701 0.365041
vt 0.745475 0.365573
vt 0.731835 0.375917
vt 0.745492 0.376642
vt 0.720976 0.363215
vt 0.722740 0.350149
vt 0.711350 0.359912
vt 0.702608 0.356026
vt 0.713318 0.348322
vt 0.704770 0.345969
vt 0.745372 0.293932
vt 0.733467 0.293996
vt 0.733508 0.309916
vt 0.745394 0.309900
vt 0.733672 0.323488
vt 0.745413 0.323531
vt 0.721826 0.310002
vt 0.722296 0.323323
vt 0.721604 0.294269
vt 0.710554 0.310232
vt 0.711651 0.323034
vt 0.699807 0.310511
vt 0.701663 0.322571
vt 0.709824 0.294866
vt 0.698373 0.295674
vt 0.745312 0.250174
vt 0.733860 0.250346
vt 0.733627 0.273189
vt 0.745343 0.273075
vt 0.721756 0.273578
vt 0.722024 0.250860
vt 0.709578 0.274325
vt 0.697422 0.275308
vt 0.709416 0.251749
vt 0.696586 0.252844
vt 0.745197 0.163412
vt 0.736266 0.163511
vt 0.734958 0.182995
vt 0.745222 0.182788
vt 0.734352 0.206179
vt 0.745253 0.205903
vt 0.723702 0.184092
vt 0.722563 0.207127
vt 0.724241 0.159949
vt 0.710462 0.186578
vt 0.708999 0.208894
vt 0.696265 0.189644
vt 0.695086 0.210962
vt 0.709495 0.165112
vt 0.695637 0.169192
vt 0.745172 0.144970
vt 0.741117 0.144922
vt 0.738681 0.152470
vt 0.745182 0.152461
vt 0.730463 0.148240
vt 0.734622 0.140824
vt 0.676280 0.097408
vt 0.677322 0.093042
vt 0.668868 0.094500
vt 0.670693 0.099596
vt 0.659771 0.098402
vt 0.663020 0.103598
vt 0.667986 0.089395
vt 0.656776 0.093440
vt 0.678563 0.088308
vt 0.745148 0.126290
vt 0.743337 0.126178
vt 0.742493 0.135914
vt 0.745161 0.135977
vt 0.737284 0.131793
vt 0.741527 0.126065
vt 0.679412 0.082586
vt 0.666869 0.083523
vt 0.653599 0.087798
vt 0.665636 0.077269
vt 0.649305 0.079573
vt 0.681967 0.074965
vt 0.262513 0.121479
vt 0.265675 0.121482
vt 0.265269 0.108601
vt 0.262663 0.108615
vt 0.265236 0.100135
vt 0.262761 0.100217
vt 0.271417 0.108900
vt 0.267711 0.100054
vt 0.272293 0.121261
vt 0.339011 0.082979
vt 0.339938 0.089882
vt 0.354180 0.091345
vt 0.356087 0.086438
vt 0.368620 0.096869
vt 0.373164 0.089898
vt 0.352151 0.096195
vt 0.365348 0.101142
vt 0.339073 0.095171
vt 0.266828 0.143195
vt 0.262258 0.143164
vt 0.274427 0.141434
vt 0.338448 0.100916
vt 0.349879 0.100929
vt 0.361580 0.104950
vt 0.347847 0.106093
vt 0.357740 0.109259
vt 0.338445 0.106694
vt 0.643970 0.178755
vt 0.642513 0.197680
vt 0.655293 0.196502
vt 0.654903 0.177720
vt 0.668380 0.194849
vt 0.666473 0.175955
vt 0.655240 0.215924
vt 0.669351 0.214455
vt 0.641102 0.217137
vt 0.619191 0.180063
vt 0.616815 0.199441
vt 0.629678 0.198620
vt 0.631681 0.179563
vt 0.628121 0.218016
vt 0.614439 0.218818
vt 0.364846 0.196373
vt 0.360416 0.214728
vt 0.371912 0.215166
vt 0.376156 0.196614
vt 0.383470 0.215403
vt 0.388110 0.196538
vt 0.367854 0.234020
vt 0.378829 0.234268
vt 0.356376 0.233560
vt 0.341870 0.193774
vt 0.337181 0.212474
vt 0.349043 0.213887
vt 0.353742 0.195518
vt 0.344988 0.232898
vt 0.333394 0.231921
vt 0.644923 0.257743
vt 0.647980 0.280986
vt 0.660951 0.280040
vt 0.658184 0.256741
vt 0.673633 0.277896
vt 0.671434 0.255244
vt 0.664607 0.301167
vt 0.676483 0.298209
vt 0.650742 0.304481
vt 0.619932 0.256861
vt 0.622349 0.275251
vt 0.635134 0.278881
vt 0.632241 0.257527
vt 0.635978 0.295520
vt 0.624766 0.293641
vt 0.350545 0.274060
vt 0.349436 0.297236
vt 0.360286 0.294889
vt 0.362188 0.273611
vt 0.370729 0.291238
vt 0.373939 0.272900
vt 0.360836 0.311137
vt 0.367518 0.309575
vt 0.349815 0.320442
vt 0.326900 0.272379
vt 0.325865 0.295448
vt 0.337774 0.296975
vt 0.338734 0.273493
vt 0.336480 0.318587
vt 0.324883 0.316633
vt 0.659624 0.319325
vt 0.669220 0.315708
vt 0.679682 0.312092
vt 0.674286 0.326904
vt 0.683215 0.322743
vt 0.666281 0.331208
vt 0.533881 0.305229
vt 0.530625 0.312465
vt 0.536388 0.313825
vt 0.538405 0.309225
vt 0.542029 0.314694
vt 0.541850 0.311413
vt 0.535826 0.319286
vt 0.542428 0.319072
vt 0.527370 0.319702
vt 0.455478 0.306488
vt 0.456472 0.310132
vt 0.461450 0.308721
vt 0.458334 0.303967
vt 0.466207 0.306592
vt 0.461736 0.299912
vt 0.463144 0.314394
vt 0.470679 0.313271
vt 0.457264 0.314973
vt 0.322253 0.331811
vt 0.332865 0.334020
vt 0.342796 0.335772
vt 0.328230 0.345826
vt 0.336670 0.347823
vt 0.318859 0.343468
vt 0.734044 0.228319
vt 0.745283 0.228075
vt 0.722148 0.229046
vt 0.708937 0.230278
vt 0.695500 0.231712
vt 0.642268 0.236809
vt 0.656242 0.235686
vt 0.670188 0.234342
vt 0.617185 0.237840
vt 0.629440 0.237446
vt 0.352972 0.253085
vt 0.364662 0.253412
vt 0.376384 0.253584
vt 0.329688 0.251546
vt 0.341345 0.252450
vt 0.282890 0.246775
vt 0.294366 0.247886
vt 0.306100 0.249160
vt 0.271858 0.246005
vt 0.261046 0.245637
vt 0.701486 0.125591
vt 0.693151 0.114694
vt 0.685767 0.120214
vt 0.692959 0.131009
vt 0.676299 0.125443
vt 0.682202 0.136137
vt 0.679917 0.112242
vt 0.671435 0.117271
vt 0.686443 0.106838
vt 0.658607 0.143119
vt 0.654971 0.132203
vt 0.646920 0.133566
vt 0.649511 0.144610
vt 0.639408 0.133918
vt 0.640927 0.145160
vt 0.644888 0.124731
vt 0.638411 0.124847
vt 0.651947 0.123541
vt 0.710847 0.114538
vt 0.701284 0.104115
vt 0.697795 0.109796
vt 0.706874 0.120621
vt 0.690557 0.101940
vt 0.693518 0.096569
vt 0.630599 0.133619
vt 0.630944 0.145223
vt 0.621141 0.132994
vt 0.620123 0.142856
vt 0.630648 0.124120
vt 0.622160 0.123132
vt 0.719274 0.092966
vt 0.709342 0.087287
vt 0.705205 0.096248
vt 0.715132 0.105779
vt 0.696588 0.089746
vt 0.699410 0.081608
vt 0.393056 0.158876
vt 0.394670 0.148640
vt 0.386381 0.149728
vt 0.383275 0.161802
vt 0.378192 0.150699
vt 0.373934 0.162403
vt 0.388642 0.139621
vt 0.381548 0.140926
vt 0.396283 0.138405
vt 0.300812 0.117985
vt 0.311831 0.111523
vt 0.310885 0.103930
vt 0.299591 0.109110
vt 0.310243 0.096910
vt 0.300326 0.103016
vt 0.320211 0.097331
vt 0.320161 0.090805
vt 0.320683 0.104006
vt 0.370204 0.151433
vt 0.365045 0.162649
vt 0.360837 0.151053
vt 0.355054 0.161689
vt 0.374463 0.142059
vt 0.366004 0.141985
vt 0.325125 0.120739
vt 0.317217 0.129210
vt 0.324980 0.137440
vt 0.331109 0.130972
vt 0.335728 0.144184
vt 0.340678 0.137770
vt 0.316741 0.147391
vt 0.329008 0.153825
vt 0.307394 0.139087
vt 0.313388 0.120260
vt 0.302749 0.128631
vt 0.321750 0.112075
vt 0.321298 0.230515
vt 0.324218 0.210322
vt 0.328253 0.190870
vt 0.315187 0.271187
vt 0.317907 0.250415
vt 0.313644 0.315059
vt 0.314276 0.293999
vt 0.311758 0.330577
vt 0.309281 0.342841
vt 0.315566 0.376534
vt 0.310425 0.370619
vt 0.306577 0.363669
vt 0.318401 0.365171
vt 0.313453 0.361155
vt 0.326073 0.370423
vt 0.321941 0.389640
vt 0.319144 0.382960
vt 0.328213 0.379281
vt 0.332468 0.385485
vt 0.688730 0.360900
vt 0.684157 0.369512
vt 0.679699 0.378207
vt 0.675117 0.365770
vt 0.669482 0.373453
vt 0.678031 0.355455
vt 0.696424 0.343406
vt 0.693535 0.352453
vt 0.685358 0.347131
vt 0.689701 0.341348
vt 0.687499 0.296583
vt 0.689696 0.310745
vt 0.692263 0.321886
vt 0.684080 0.253977
vt 0.685615 0.276409
vt 0.682251 0.212808
vt 0.682929 0.233042
vt 0.680674 0.172960
vt 0.682138 0.192482
vt 0.665398 0.129467
vt 0.661454 0.121046
vt 0.670128 0.140234
vt 0.646933 0.099623
vt 0.651021 0.102841
vt 0.654639 0.106801
vt 0.644853 0.108508
vt 0.649301 0.109998
vt 0.640109 0.107305
vt 0.637076 0.090847
vt 0.642173 0.095469
vt 0.634144 0.104914
vt 0.624848 0.102121
vt 0.375607 0.109917
vt 0.379901 0.106668
vt 0.384163 0.103214
vt 0.387146 0.118268
vt 0.395163 0.116530
vt 0.381940 0.120494
vt 0.366714 0.115818
vt 0.371249 0.112757
vt 0.377136 0.122504
vt 0.372298 0.124239
vt 0.348513 0.148679
vt 0.342410 0.158669
vt 0.352571 0.141766
vt 0.662829 0.158208
vt 0.652574 0.159875
vt 0.642944 0.160677
vt 0.631704 0.161151
vt 0.619657 0.161459
vt 0.390583 0.177707
vt 0.379905 0.178128
vt 0.369419 0.178280
vt 0.359317 0.177891
vt 0.348279 0.176387
vt 0.334987 0.173192
vt 0.320462 0.168264
vt 0.293896 0.151407
vt 0.305727 0.161560
vt 0.288081 0.136134
vt 0.285819 0.120663
vt 0.284646 0.109918
vt 0.284018 0.101535
vt 0.730400 0.109516
vt 0.726994 0.119688
vt 0.723246 0.128735
vt 0.718812 0.135530
vt 0.712287 0.141053
vt 0.702264 0.146283
vt 0.689799 0.151038
vt 0.675945 0.155137
vt 0.359796 0.133214
vt 0.361837 0.130225
vt 0.355337 0.128031
vt 0.354180 0.132121
vt 0.348613 0.125313
vt 0.346277 0.129121
vt 0.357762 0.123977
vt 0.351183 0.120860
vt 0.362447 0.126614
vt 0.383359 0.130844
vt 0.377490 0.132344
vt 0.372022 0.132990
vt 0.395723 0.127468
vt 0.389478 0.129193
vt 0.637957 0.115845
vt 0.631066 0.114508
vt 0.623504 0.112627
vt 0.649564 0.115214
vt 0.643504 0.116091
vt 0.657992 0.113180
vt 0.666958 0.109938
vt 0.680526 0.100500
vt 0.674634 0.105439
vt 0.686509 0.090999
vt 0.684142 0.095939
vt 0.690688 0.078287
vt 0.688654 0.084926
vt 0.329174 0.098165
vt 0.329256 0.092263
vt 0.329586 0.086892
vt 0.330944 0.111434
vt 0.329587 0.105128
vt 0.345094 0.117956
vt 0.342674 0.121883
vt 0.339500 0.124740
vt 0.337654 0.118360
vt 0.335904 0.121246
vt 0.340654 0.116014
vt 0.362599 0.136532
vt 0.353859 0.136473
vt 0.343914 0.133012
vt 0.354250 0.115035
vt 0.361886 0.119732
vt 0.366988 0.125641
vt 0.367101 0.132081
vt 0.335797 0.127254
vt 0.331669 0.120828
vt 0.333688 0.115360
vt 0.339447 0.112084
vt 0.346535 0.112230
vt 0.621602 0.294085
vt 0.632634 0.301459
vt 0.643043 0.309948
vt 0.625189 0.301632
vt 0.634257 0.310124
vt 0.618438 0.294529
vt 0.652208 0.320671
vt 0.660005 0.332492
vt 0.643330 0.320211
vt 0.651401 0.331225
vt 0.669771 0.354940
vt 0.669018 0.363393
vt 0.666160 0.370742
vt 0.660814 0.360451
vt 0.662839 0.368031
vt 0.660830 0.352685
vt 0.359215 0.324885
vt 0.365721 0.316247
vt 0.371496 0.308667
vt 0.374124 0.314769
vt 0.375474 0.307759
vt 0.369145 0.323353
vt 0.336779 0.384980
vt 0.334593 0.377693
vt 0.334221 0.369358
vt 0.342903 0.375002
vt 0.342885 0.366498
vt 0.341091 0.384476
vt 0.352351 0.344133
vt 0.360946 0.333244
vt 0.351248 0.335637
vt 0.343456 0.347363
vt 0.542864 0.297388
vt 0.538372 0.301308
vt 0.542012 0.305871
vt 0.548953 0.303236
vt 0.545186 0.310330
vt 0.552522 0.308985
vt 0.547429 0.314583
vt 0.555695 0.314347
vt 0.548923 0.319326
vt 0.558515 0.320157
vt 0.562578 0.334547
vt 0.549943 0.331349
vt 0.548928 0.336563
vt 0.562515 0.340953
vt 0.547359 0.341340
vt 0.559463 0.348245
vt 0.540382 0.331146
vt 0.535255 0.334435
vt 0.544010 0.328908
vt 0.443845 0.304961
vt 0.451588 0.305423
vt 0.453774 0.300868
vt 0.446300 0.299384
vt 0.456786 0.296378
vt 0.451836 0.292843
vt 0.442843 0.345845
vt 0.454478 0.337767
vt 0.453079 0.332559
vt 0.440349 0.338931
vt 0.451988 0.327090
vt 0.440285 0.331981
vt 0.460649 0.326300
vt 0.457160 0.324337
vt 0.466114 0.329689
vt 0.451053 0.310106
vt 0.451313 0.315228
vt 0.442623 0.310503
vt 0.441906 0.316691
vt 0.580314 0.307846
vt 0.565381 0.308157
vt 0.569935 0.314843
vt 0.586063 0.315519
vt 0.574408 0.321673
vt 0.591787 0.323063
vt 0.600431 0.339188
vt 0.581290 0.337190
vt 0.581438 0.343791
vt 0.600568 0.345648
vt 0.580301 0.349833
vt 0.601139 0.351421
vt 0.403113 0.359009
vt 0.422978 0.352427
vt 0.422074 0.345322
vt 0.403148 0.351016
vt 0.421922 0.337780
vt 0.402615 0.343255
vt 0.428610 0.313182
vt 0.425654 0.320895
vt 0.413315 0.316659
vt 0.408254 0.325511
vt 0.431689 0.306088
vt 0.418111 0.308349
vt 0.434442 0.299471
vt 0.421067 0.300921
vt 0.437033 0.293092
vt 0.422231 0.293340
vt 0.570419 0.288797
vt 0.556641 0.293092
vt 0.560974 0.300794
vt 0.574987 0.299216
vt 0.607213 0.308655
vt 0.593872 0.308055
vt 0.599990 0.315824
vt 0.613744 0.316531
vt 0.605839 0.323514
vt 0.619676 0.324596
vt 0.627661 0.342705
vt 0.614351 0.340448
vt 0.614774 0.347090
vt 0.628316 0.349689
vt 0.613733 0.352907
vt 0.626326 0.354394
vt 0.377611 0.366593
vt 0.390362 0.362801
vt 0.388462 0.355299
vt 0.374503 0.360267
vt 0.388080 0.347173
vt 0.374445 0.351813
vt 0.401041 0.319448
vt 0.395401 0.328214
vt 0.389053 0.322864
vt 0.383040 0.331488
vt 0.406105 0.311289
vt 0.394324 0.314989
vt 0.409040 0.303525
vt 0.397412 0.307047
vt 0.410911 0.295960
vt 0.399591 0.298579
vt 0.593597 0.290687
vt 0.582008 0.289742
vt 0.587903 0.299176
vt 0.600543 0.299991
vt 0.621494 0.309519
vt 0.629349 0.318412
vt 0.636411 0.327880
vt 0.644974 0.347696
vt 0.645455 0.355012
vt 0.644582 0.361213
vt 0.359351 0.375534
vt 0.357762 0.368014
vt 0.357837 0.359452
vt 0.374618 0.328224
vt 0.367118 0.337818
vt 0.381426 0.319532
vt 0.385230 0.311249
vt 0.387533 0.303169
vt 0.606017 0.292608
vt 0.613732 0.300976
vt 0.733887 0.337253
vt 0.745433 0.337376
vt 0.722891 0.336779
vt 0.712995 0.335880
vt 0.703887 0.334603
vt 0.687067 0.333358
vt 0.695253 0.332995
vt 0.672279 0.342954
vt 0.679303 0.337996
vt 0.657464 0.342497
vt 0.666313 0.344277
vt 0.624548 0.333831
vt 0.641789 0.338147
vt 0.597040 0.331306
vt 0.610999 0.332156
vt 0.561027 0.327252
vt 0.578570 0.329470
vt 0.542539 0.324310
vt 0.549851 0.325259
vt 0.531313 0.327068
vt 0.536586 0.325223
vt 0.457980 0.319847
vt 0.463440 0.320249
vt 0.468396 0.321480
vt 0.451512 0.321101
vt 0.440965 0.324209
vt 0.423270 0.329366
vt 0.404502 0.334565
vt 0.390737 0.337800
vt 0.377731 0.341679
vt 0.361240 0.348806
vt 0.346183 0.355713
vt 0.337478 0.358926
vt 0.331312 0.359017
vt 0.315584 0.354087
vt 0.323873 0.356559
vt 0.306874 0.354141
vt 0.298443 0.355544
vt 0.282710 0.358488
vt 0.290989 0.357122
vt 0.271799 0.359259
vt 0.259577 0.359408
vt 0.259032 0.395277
vt 0.272438 0.395547
vt 0.272880 0.392774
vt 0.259073 0.392787
vt 0.284445 0.393571
vt 0.283833 0.396460
vt 0.291516 0.396435
vt 0.296340 0.400333
vt 0.291209 0.398539
vt 0.296165 0.400861
vt 0.704821 0.391059
vt 0.711746 0.385201
vt 0.720293 0.381146
vt 0.712266 0.387884
vt 0.720744 0.384867
vt 0.705641 0.391589
vt 0.732086 0.380694
vt 0.745500 0.381358
vt 0.732345 0.384300
vt 0.745506 0.384617
vt 0.284513 0.401700
vt 0.292107 0.402348
vt 0.297630 0.402748
vt 0.705292 0.394271
vt 0.711390 0.393297
vt 0.719467 0.392400
vt 0.731502 0.391661
vt 0.745517 0.391317
vt 0.272776 0.400555
vt 0.258957 0.399747
vt 0.536760 0.539814
vt 0.556941 0.537166
vt 0.571824 0.557229
vt 0.571656 0.589742
vt 0.558833 0.618679
vt 0.535749 0.628015
vt 0.517964 0.614638
vt 0.521034 0.575438
vt 0.521034 0.575438
vt 0.544729 0.314638
vt 0.544729 0.314638
vt 0.453633 0.310118
vt 0.454289 0.315101
vt 0.454746 0.320474
vt 0.454574 0.325714
vt 0.456864 0.329429
vt 0.541307 0.337887
vt 0.460296 0.333728
vt 0.544655 0.333855
vt 0.546977 0.330129
vt 0.546195 0.324784
vt 0.545676 0.319199
vt 0.453633 0.310118
vt 0.454289 0.315101
vt 0.454746 0.320474
vt 0.454574 0.325714
vt 0.456864 0.329429
vt 0.460296 0.333728
vt 0.541307 0.337887
vt 0.544655 0.333855
vt 0.546977 0.330129
vt 0.546195 0.324784
vt 0.545676 0.319199
vt 0.453633 0.310118
vt 0.454289 0.315101
vt 0.451313 0.315228
vt 0.451053 0.310106
vt 0.454289 0.315101
vt 0.453633 0.310118
vt 0.451053 0.310106
vt 0.451313 0.315228
vt 0.453633 0.310118
vt 0.454289 0.315101
vt 0.451313 0.315228
vt 0.451053 0.310106
vt 0.454289 0.315101
vt 0.453633 0.310118
vt 0.451053 0.310106
vt 0.451313 0.315228
vt 0.456472 0.310132
vt 0.461450 0.308721
vt 0.463144 0.314394
vt 0.457264 0.314973
vt 0.456472 0.310132
vt 0.457264 0.314973
vt 0.463144 0.314394
vt 0.461450 0.308721
vt 0.456472 0.310132
vt 0.461450 0.308721
vt 0.463144 0.314394
vt 0.457264 0.314973
vt 0.456472 0.310132
vt 0.457264 0.314973
vt 0.463144 0.314394
vt 0.461450 0.308721
vt 0.461450 0.308721
vt 0.466207 0.306592
vt 0.470679 0.313271
vt 0.463144 0.314394
vt 0.530625 0.312465
vt 0.536388 0.313825
vt 0.535826 0.319286
vt 0.527370 0.319702
vt 0.530625 0.312465
vt 0.527370 0.319702
vt 0.535826 0.319286
vt 0.536388 0.313825
vt 0.536388 0.313825
vt 0.542029 0.314694
vt 0.542428 0.319072
vt 0.535826 0.319286
vt 0.536388 0.313825
vt 0.535826 0.319286
vt 0.542428 0.319072
vt 0.542029 0.314694
vt 0.461450 0.308721
vt 0.456472 0.310132
vt 0.457264 0.314973
vt 0.463144 0.314394
vt 0.461450 0.308721
vt 0.456472 0.310132
vt 0.457264 0.314973
vt 0.463144 0.314394
vt 0.461450 0.308721
vt 0.456472 0.310132
vt 0.457264 0.314973
vt 0.463144 0.314394
vt 0.461450 0.308721
vt 0.456472 0.310132
vt 0.457264 0.314973
vt 0.463144 0.314394
vt 0.466207 0.306592
vt 0.461450 0.308721
vt 0.463144 0.314394
vt 0.470679 0.313271
vt 0.530625 0.312465
vt 0.527370 0.319702
vt 0.466207 0.306592
vt 0.461450 0.308721
vt 0.463144 0.314394
vt 0.470679 0.313271
vt 0.530625 0.312465
vt 0.527370 0.319702
vt 0.536388 0.313825
vt 0.530625 0.312465
vt 0.527370 0.319702
vt 0.535826 0.319286
vt 0.536388 0.313825
vt 0.535826 0.319286
vt 0.542029 0.314694
vt 0.536388 0.313825
vt 0.535826 0.319286
vt 0.542428 0.319072
vt 0.542029 0.314694
vt 0.536388 0.313825
vt 0.535826 0.319286
vt 0.542428 0.319072
vt 0.542029 0.314694
vt 0.536388 0.313825
vt 0.535826 0.319286
vt 0.542428 0.319072
vt 0.542029 0.314694
vt 0.536388 0.313825
vt 0.535826 0.319286
vt 0.542428 0.319072
vt 0.536388 0.313825
vt 0.530625 0.312465
vt 0.527370 0.319702
vt 0.535826 0.319286
vt 0.536388 0.313825
vt 0.535826 0.319286
vt 0.452343 0.310112
vt 0.452343 0.310112
vt 0.452343 0.310112
vt 0.452343 0.310112
vt 0.452343 0.310112
vt 0.452343 0.310112
vt 0.452801 0.315164
vt 0.452801 0.315164
vt 0.452801 0.315164
vt 0.452801 0.315164
vt 0.452801 0.315164
vt 0.452801 0.315164
vt 0.453961 0.312609
vt 0.453961 0.312609
vt 0.453961 0.312609
vt 0.453961 0.312609
vt 0.451183 0.312667
vt 0.451183 0.312667
vt 0.451183 0.312667
vt 0.451183 0.312667
vt 0.456868 0.312552
vt 0.456873 0.312584
vt 0.456868 0.312552
vt 0.456868 0.312552
vt 0.456868 0.312552
vt 0.456868 0.312552
vt 0.456868 0.312552
vt 0.456868 0.312552
vt 0.460204 0.314684
vt 0.460204 0.314684
vt 0.460204 0.314684
vt 0.460204 0.314684
vt 0.460204 0.314684
vt 0.460204 0.314684
vt 0.460204 0.314684
vt 0.462297 0.311558
vt 0.462297 0.311558
vt 0.462297 0.311558
vt 0.462297 0.311558
vt 0.462297 0.311558
vt 0.462297 0.311558
vt 0.462297 0.311558
vt 0.458961 0.309426
vt 0.458961 0.309426
vt 0.458961 0.309426
vt 0.458961 0.309426
vt 0.458961 0.309426
vt 0.466912 0.313833
vt 0.466912 0.313833
vt 0.466912 0.313833
vt 0.466912 0.313833
vt 0.462297 0.311558
vt 0.462297 0.311558
vt 0.462297 0.311558
vt 0.462297 0.311558
vt 0.462721 0.312976
vt 0.468443 0.309931
vt 0.528998 0.316084
vt 0.468443 0.309931
vt 0.468443 0.309931
vt 0.468443 0.309931
vt 0.528998 0.316084
vt 0.468443 0.309931
vt 0.528998 0.316084
vt 0.528998 0.316084
vt 0.458961 0.309426
vt 0.458961 0.309426
vt 0.463829 0.307656
vt 0.463829 0.307656
vt 0.463829 0.307656
vt 0.463829 0.307656
vt 0.531598 0.319494
vt 0.531598 0.319494
vt 0.531598 0.319494
vt 0.531598 0.319494
vt 0.531598 0.319494
vt 0.531598 0.319494
vt 0.467325 0.308262
vt 0.529812 0.314275
vt 0.528998 0.316084
vt 0.528998 0.316084
vt 0.529812 0.314275
vt 0.467325 0.308262
vt 0.536107 0.316556
vt 0.536107 0.316556
vt 0.536107 0.316556
vt 0.536107 0.316556
vt 0.536107 0.316556
vt 0.536107 0.316556
vt 0.536107 0.316556
vt 0.536107 0.316556
vt 0.533507 0.313145
vt 0.533507 0.313145
vt 0.533507 0.313145
vt 0.533507 0.313145
vt 0.533507 0.313145
vt 0.533507 0.313145
vt 0.528998 0.316084
vt 0.528998 0.316084
vt 0.539127 0.319179
vt 0.539127 0.319179
vt 0.539127 0.319179
vt 0.539127 0.319179
vt 0.539127 0.319179
vt 0.539127 0.319179
vt 0.539127 0.319179
vt 0.539127 0.319179
vt 0.542229 0.316883
vt 0.542229 0.316883
vt 0.542229 0.316883
vt 0.542229 0.316883
vt 0.542229 0.316883
vt 0.542229 0.316883
vt 0.542229 0.316883
vt 0.542229 0.316883
vt 0.539208 0.314259
vt 0.539208 0.314259
vt 0.539208 0.314259
vt 0.539208 0.314259
vt 0.539208 0.314259
vt 0.539208 0.314259
vt 0.539208 0.314259
vt 0.539208 0.314259
vt 0.536247 0.315190
vt 0.536107 0.316556
vt 0.536107 0.316556
vt 0.536107 0.316556
vt 0.536247 0.315190
vt 0.536107 0.316556
vt 0.536107 0.316556
vt 0.536107 0.316556
vt 0.460204 0.314684
vn 0.000000 -0.651026 0.759055
vn 0.109324 -0.643038 0.757991
vn 0.110755 -0.416890 0.902184
vn 0.000000 -0.431893 0.901925
vn 0.260884 -0.622710 0.737680
vn 0.256024 -0.386647 0.885977
vn 0.303484 -0.172473 0.937097
vn 0.135693 -0.292806 0.946494
vn -0.000000 -0.341043 0.940048
vn 0.457403 -0.575762 0.677702
vn 0.472727 -0.345007 0.810863
vn 0.629374 -0.509807 0.586502
vn 0.683928 -0.331951 0.649655
vn 0.719183 -0.157075 0.676833
vn 0.519760 -0.142688 0.842312
vn 0.000000 -0.268430 0.963299
vn 0.291107 -0.251449 0.923055
vn 0.298297 0.002692 0.954469
vn 0.000000 0.026363 0.999652
vn 0.483623 -0.155846 0.861290
vn 0.509176 -0.022494 0.860369
vn 0.515178 0.184112 0.837075
vn 0.290154 0.415619 0.862016
vn 0.000000 0.490891 0.871221
vn 0.526126 0.013933 0.850293
vn 0.341966 0.036604 0.938999
vn 0.720741 -0.026926 0.692682
vn 0.702168 0.055255 0.709864
vn 0.494356 0.105908 0.862784
vn 0.282544 0.141211 0.948804
vn -0.000000 0.197145 0.980374
vn 0.124716 0.184833 0.974824
vn 0.131040 0.193606 0.972289
vn -0.000000 0.178463 0.983947
vn 0.257175 0.210078 0.943254
vn 0.262385 0.309643 0.913934
vn 0.143294 0.281889 0.948686
vn -0.000000 0.269435 0.963019
vn 0.453343 0.194401 0.869879
vn 0.671649 0.155993 0.724261
vn 0.619538 0.326867 0.713674
vn 0.424538 0.330821 0.842808
vn 0.152080 0.437766 0.886133
vn -0.000000 0.431855 0.901943
vn 0.275864 0.455707 0.846304
vn 0.283472 0.673124 0.683043
vn 0.159147 0.684015 0.711896
vn -0.000000 0.688177 0.725543
vn 0.406535 0.472596 0.781910
vn 0.558591 0.484320 0.673358
vn 0.510138 0.601810 0.614479
vn 0.396092 0.650505 0.648039
vn 0.155268 0.875413 0.457761
vn -0.000000 0.887816 0.460198
vn 0.276796 0.843123 0.461007
vn 0.270741 0.907902 0.320021
vn 0.141350 0.942307 0.303444
vn 0.000000 0.954766 0.297358
vn 0.402915 0.783820 0.472532
vn 0.558844 0.660236 0.501779
vn 0.623706 0.688924 0.369290
vn 0.431901 0.833311 0.345043
vn 0.129862 0.974587 0.182526
vn 0.000000 0.983930 0.178556
vn 0.273636 0.941912 0.194746
vn 0.276187 0.959621 0.053367
vn 0.124078 0.991083 0.048567
vn 0.000000 0.998963 0.045536
vn 0.468859 0.858448 0.207938
vn 0.686410 0.696534 0.209003
vn 0.720193 0.692797 0.036810
vn 0.492120 0.869160 0.048774
vn 0.121965 0.988067 -0.094068
vn 0.000000 0.995633 -0.093358
vn 0.267786 0.957949 -0.103077
vn 0.270359 0.927569 -0.257920
vn 0.135590 0.962865 -0.233465
vn 0.000000 0.974336 -0.225099
vn 0.476298 0.870007 -0.127388
vn 0.708068 0.691053 -0.145211
vn 0.659780 0.688804 -0.300399
vn 0.444208 0.847745 -0.289841
vn 0.162044 0.906534 -0.389791
vn 0.000000 0.920651 -0.390388
vn 0.290704 0.869107 -0.400180
vn 0.305812 0.761745 -0.571160
vn 0.174355 0.776156 -0.605956
vn 0.000000 0.780542 -0.625104
vn 0.420424 0.808004 -0.412762
vn 0.605843 0.683820 -0.406627
vn 0.546354 0.675408 -0.495300
vn 0.416459 0.731847 -0.539409
vn 0.163477 0.592004 -0.789181
vn 0.000000 0.584642 -0.811292
vn 0.305395 0.606249 -0.734300
vn 0.314284 0.398266 -0.861748
vn 0.158227 0.378871 -0.911823
vn -0.000000 0.373140 -0.927775
vn 0.449044 0.605275 -0.657269
vn 0.625944 0.573378 -0.528613
vn 0.697199 0.438279 -0.567296
vn 0.494543 0.430877 -0.754833
vn 0.164379 0.147906 -0.975245
vn -0.000000 0.144966 -0.989437
vn 0.327874 0.168839 -0.929512
vn 0.329341 -0.023096 -0.943929
vn 0.164909 -0.059913 -0.984487
vn 0.000000 -0.070281 -0.997527
vn 0.528027 0.222385 -0.819593
vn 0.757283 0.255702 -0.600949
vn 0.790761 0.060013 -0.609176
vn 0.544735 0.036574 -0.837810
vn 0.154528 -0.289899 -0.944500
vn 0.000000 -0.307782 -0.951457
vn 0.311263 -0.236066 -0.920537
vn 0.275454 -0.480119 -0.832833
vn 0.140482 -0.528229 -0.837400
vn 0.000000 -0.546205 -0.837651
vn 0.532494 -0.156796 -0.831784
vn 0.788279 -0.123405 -0.602817
vn 0.739777 -0.321703 -0.590963
vn 0.475019 -0.396687 -0.785491
vn 0.124238 -0.675006 -0.727277
vn 0.000000 -0.689458 -0.724325
vn 0.243160 -0.643298 -0.725976
vn 0.229848 -0.718209 -0.656769
vn 0.107254 -0.747499 -0.655547
vn 0.000000 -0.760574 -0.649251
vn 0.399289 -0.592625 -0.699546
vn 0.648446 -0.514934 -0.560679
vn 0.544481 -0.638164 -0.544323
vn 0.377205 -0.683238 -0.625222
vn 0.096961 -0.824988 -0.556770
vn 0.000000 -0.838800 -0.544440
vn 0.237772 -0.788454 -0.567279
vn 0.241970 -0.887825 -0.391430
vn 0.076948 -0.927612 -0.365533
vn 0.000000 -0.940348 -0.340214
vn 0.436090 -0.727153 -0.530164
vn 0.633145 -0.637712 -0.438691
vn 0.676034 -0.653777 -0.339931
vn 0.496638 -0.775306 -0.390193
vn 0.540430 -0.812937 -0.216957
vn 0.302728 -0.926552 -0.223289
vn 0.704072 -0.680378 -0.203392
vn 0.714887 -0.698966 -0.019564
vn 0.566103 -0.823496 -0.037163
vn 0.347446 -0.934256 -0.080298
vn 0.574055 -0.808681 0.128434
vn 0.380505 -0.921938 0.072429
vn 0.708629 -0.688616 0.153797
vn 0.694964 -0.651835 0.303539
vn 0.556175 -0.777020 0.294804
vn 0.317440 -0.908746 0.270949
vn 0.000000 -0.969658 0.244464
vn 0.097116 -0.958060 0.269608
vn 0.119109 -0.856518 0.502186
vn 0.000000 -0.868707 0.495326
vn 0.301858 -0.811684 0.500050
vn 0.512347 -0.720510 0.467297
vn 0.671277 -0.591677 0.446437
vn 0.747779 -0.518172 -0.415120
vn 0.755247 -0.562682 -0.336141
vn 0.832143 -0.341255 -0.437131
vn 0.753805 -0.461257 -0.467996
vn 0.779001 -0.595620 -0.195945
vn 0.820397 -0.571522 0.017612
vn 0.743306 -0.636752 -0.205044
vn 0.914535 -0.387547 0.115898
vn 0.827619 -0.531474 0.180505
vn 0.808836 -0.486104 0.330890
vn 0.925037 -0.313228 0.214931
vn 0.893220 -0.272101 0.357938
vn 0.771952 -0.409337 0.486346
vn 0.826293 -0.212314 0.521693
vn 0.881309 -0.152035 -0.447414
vn 0.813523 -0.181120 -0.552608
vn 0.903319 0.042905 -0.426819
vn 0.903845 0.110508 -0.413342
vn 0.780683 -0.194223 0.593980
vn 0.827814 -0.442465 0.344889
vn 0.781035 -0.141828 0.608169
vn 0.773697 -0.122597 0.621580
vn 0.879000 -0.430316 -0.205395
vn 0.970509 -0.170558 -0.170362
vn 0.985878 0.118477 -0.118352
vn 0.851847 0.167272 0.496363
vn 0.757739 -0.051777 0.650500
vn 0.962588 -0.131512 0.236917
vn 0.919456 -0.107956 0.378083
vn 0.972067 -0.139257 0.188924
vn 0.984720 0.041735 0.169073
vn 0.970260 0.002466 0.242053
vn 0.919827 0.010138 0.392194
vn 0.836551 -0.069618 0.543448
vn 0.828366 0.026449 0.559563
vn 0.888674 0.230562 -0.396358
vn 0.939510 0.217470 -0.264629
vn 0.831926 0.396887 -0.387790
vn 0.899275 0.351394 -0.260438
vn 0.956309 0.288834 -0.045266
vn 0.973830 0.212990 -0.079309
vn 0.980028 0.173420 0.097315
vn 0.937338 0.329359 -0.113666
vn 0.944192 0.324748 0.055139
vn 0.960930 0.151448 0.231685
vn 0.905637 0.148229 0.397303
vn 0.919505 0.327417 0.217506
vn 0.856400 0.332545 0.394960
vn 0.810163 0.144890 0.568016
vn 0.756079 0.329055 0.565746
vn 0.747632 0.535485 -0.392813
vn 0.810832 0.512561 -0.282546
vn 0.853362 0.502843 -0.137560
vn 0.862567 0.504508 0.038083
vn 0.833575 0.511286 0.209138
vn 0.764494 0.516906 0.385171
vn 0.672734 0.503857 0.541809
vn 0.153192 -0.195236 0.968718
vn -0.000000 -0.320690 0.947184
vn 0.219664 -0.039474 0.974777
vn 0.277585 -0.000016 0.960701
vn 0.213856 -0.258215 0.942121
vn -0.000000 -0.418219 0.908346
vn 0.227155 0.046170 0.972764
vn 0.206487 0.130065 0.969766
vn 0.312603 0.171704 0.934236
vn 0.287779 0.032133 0.957158
vn 0.132215 0.297925 0.945389
vn 0.000000 0.433198 0.901299
vn 0.000000 0.800378 0.599496
vn 0.208576 0.624685 0.752506
vn 0.256976 -0.383864 0.886912
vn -0.000000 -0.463387 0.886156
vn 0.427760 -0.130592 0.894409
vn 0.479725 -0.002846 0.877414
vn 0.486681 0.265292 0.832323
vn 0.259407 0.732425 0.629493
vn -0.000000 0.838748 0.544520
vn 0.042802 -0.987159 -0.153900
vn -0.000000 -0.989993 -0.141117
vn 0.044590 -0.978033 -0.203625
vn -0.032476 -0.990216 -0.135714
vn 0.030317 -0.997268 -0.067366
vn -0.000000 -0.997674 -0.068172
vn 0.047723 -0.975433 -0.215063
vn 0.092987 -0.986003 -0.138390
vn -0.033278 -0.981029 -0.190986
vn -0.081124 -0.966338 -0.244153
vn 0.130861 -0.990996 -0.028340
vn 0.110210 -0.992979 0.042960
vn 0.014800 -0.995686 -0.091599
vn -0.007912 -0.994862 -0.100927
vn 0.050671 -0.997882 0.040804
vn 0.000000 -0.999581 0.028955
vn -0.000000 -0.995002 -0.099851
vn 0.026718 -0.994381 -0.102436
vn 0.054312 -0.967965 -0.245143
vn -0.000000 -0.958053 -0.286593
vn 0.021043 -0.969473 -0.244295
vn 0.340511 -0.588999 -0.732893
vn 0.101265 -0.280271 -0.954565
vn -0.000000 -0.200913 -0.979609
vn -0.001046 -0.944103 -0.329648
vn 0.050690 -0.973072 -0.224858
vn 0.525047 -0.836473 -0.156967
vn 0.492240 -0.775577 -0.395197
vn 0.032640 -0.994295 -0.101545
vn 0.031348 -0.994534 -0.099598
vn 0.246963 -0.907875 0.338780
vn 0.406452 -0.912657 0.043048
vn 0.033068 -0.995220 -0.091885
vn 0.000000 -0.997308 -0.073324
vn 0.000000 -0.736241 0.676720
vn 0.064165 -0.784852 0.616352
vn -0.000000 -0.230941 0.972968
vn -0.000000 -0.475375 0.879783
vn 0.007935 -0.474367 0.880292
vn 0.032698 -0.236796 0.971009
vn 0.000000 -0.799466 0.600711
vn -0.121506 -0.749169 0.651139
vn -0.387302 -0.432840 0.814031
vn 0.030364 -0.454742 0.890105
vn 0.112186 -0.257270 0.959805
vn -0.038226 -0.321509 0.946135
vn 0.089171 -0.402856 0.910909
vn 0.111995 -0.260072 0.959072
vn 0.182830 -0.342081 0.921713
vn 0.279573 -0.227800 0.932709
vn 0.185879 -0.259140 0.947784
vn -0.000000 0.174521 0.984654
vn -0.000000 0.125119 0.992142
vn 0.026992 0.122372 0.992117
vn 0.019020 0.172981 0.984742
vn -0.000000 0.068467 0.997653
vn 0.033344 0.068535 0.997091
vn 0.107701 0.070686 0.991667
vn 0.114525 0.121813 0.985924
vn 0.119930 0.172372 0.977704
vn 0.218099 0.074352 0.973090
vn 0.219749 0.122013 0.967896
vn 0.343792 0.086490 0.935054
vn 0.357144 0.132553 0.924596
vn 0.354078 0.175918 0.918521
vn 0.222125 0.171764 0.959770
vn 0.000000 0.354891 0.934908
vn 0.000000 0.248577 0.968612
vn 0.014264 0.247109 0.968883
vn 0.010869 0.353760 0.935273
vn 0.127581 0.247958 0.960333
vn 0.126432 0.345881 0.929721
vn 0.246836 0.251428 0.935872
vn 0.358331 0.278388 0.891122
vn 0.407545 0.345254 0.845403
vn 0.282371 0.324914 0.902606
vn 0.000000 0.889623 0.456696
vn 0.000000 0.800940 0.598745
vn 0.029769 0.808215 0.588134
vn 0.038708 0.890477 0.453378
vn -0.000000 0.642361 0.766402
vn 0.014727 0.646022 0.763177
vn 0.113177 0.642431 0.757941
vn 0.143107 0.812972 0.564444
vn 0.199541 0.909729 0.364110
vn 0.281488 0.592385 0.754880
vn 0.322670 0.778223 0.538751
vn 0.432075 0.517064 0.738888
vn 0.487617 0.694429 0.529148
vn 0.531283 0.791874 0.301122
vn 0.383977 0.872097 0.303328
vn 0.403287 0.903433 0.145492
vn 0.288470 0.950578 0.114832
vn 0.515996 0.834552 0.193056
vn 0.476384 0.876061 0.074667
vn 0.378021 0.925199 0.033268
vn 0.263111 0.964688 0.012274
vn 0.346683 0.935381 -0.069808
vn 0.256461 0.963493 -0.076870
vn 0.439841 0.897060 -0.042697
vn 0.418180 0.889102 -0.186073
vn 0.298366 0.932788 -0.202201
vn 0.172826 0.955404 -0.239447
vn 0.000000 0.674606 -0.738178
vn 0.000000 0.896080 -0.443893
vn 0.033136 0.900030 -0.434566
vn 0.026377 0.674459 -0.737841
vn -0.000000 0.952881 -0.303344
vn 0.039704 0.953226 -0.299641
vn 0.130597 0.897480 -0.421277
vn 0.111706 0.666352 -0.737222
vn 0.261438 0.869230 -0.419630
vn 0.405315 0.807996 -0.427623
vn 0.375446 0.580257 -0.722733
vn 0.237172 0.624996 -0.743727
vn -0.000000 0.288444 -0.957497
vn -0.000000 0.338497 -0.940968
vn 0.021451 0.342001 -0.939455
vn 0.016276 0.288834 -0.957241
vn 0.000000 0.320956 -0.947094
vn 0.026277 0.320624 -0.946842
vn 0.092903 0.323951 -0.941501
vn 0.076119 0.354626 -0.931905
vn 0.053526 0.296586 -0.953505
vn 0.182914 0.340138 -0.922414
vn 0.164638 0.372139 -0.913459
vn 0.292146 0.364618 -0.884141
vn 0.285872 0.382250 -0.878727
vn 0.275458 0.356259 -0.892862
vn 0.136310 0.321550 -0.937030
vn 0.000000 0.097705 -0.995216
vn -0.000000 0.210354 -0.977625
vn 0.020127 0.208529 -0.977809
vn 0.024204 0.097434 -0.994948
vn 0.050745 0.200242 -0.978431
vn 0.069267 0.093630 -0.993195
vn 0.123106 0.195707 -0.972905
vn 0.269601 0.211703 -0.939413
vn 0.233669 0.071917 -0.969653
vn 0.125579 0.079561 -0.988888
vn 0.000000 -0.524477 -0.851425
vn 0.000000 -0.317229 -0.948349
vn -0.009685 -0.312246 -0.949952
vn -0.064945 -0.468411 -0.881120
vn 0.000000 -0.190131 -0.981759
vn 0.011525 -0.190551 -0.981610
vn 0.066438 -0.183946 -0.980689
vn 0.027967 -0.294714 -0.955176
vn -0.117439 -0.429266 -0.895511
vn 0.123271 -0.172238 -0.977312
vn 0.078246 -0.273685 -0.958631
vn 0.198052 -0.160696 -0.966929
vn 0.160233 -0.260099 -0.952195
vn 0.095897 -0.333705 -0.937787
vn -0.002102 -0.369694 -0.929151
vn -0.000000 -0.999926 -0.012174
vn 0.000000 -0.917035 -0.398806
vn -0.263836 -0.789185 -0.554597
vn -0.455776 -0.881499 -0.123403
vn -0.582593 -0.510187 -0.632689
vn -0.891551 -0.364550 -0.268775
vn -0.421580 -0.514372 -0.746788
vn -0.219748 -0.626641 -0.747684
vn -0.144712 -0.974449 -0.171777
vn -0.479027 -0.798495 -0.364608
vn -0.024989 -0.614519 -0.788506
vn -0.041196 -0.986043 -0.161315
vn -0.039075 -0.998493 0.038529
vn -0.120438 -0.992656 0.011377
vn -0.508718 -0.848416 -0.146275
vn -0.000000 -0.999748 -0.022434
vn -0.000000 -0.999750 -0.022361
vn -0.560699 -0.826027 -0.057412
vn -0.606808 -0.794592 -0.020203
vn -0.968585 -0.230999 -0.092101
vn -0.985468 -0.168955 -0.017536
vn -0.115575 -0.993217 0.012706
vn -0.500319 -0.864360 -0.050630
vn -0.035598 -0.999014 0.026522
vn -0.032316 -0.999393 0.013029
vn -0.114767 -0.993359 0.008176
vn -0.496102 -0.868226 -0.008094
vn 0.000000 -0.999999 -0.001262
vn -0.000000 -0.999958 -0.009153
vn -0.590170 -0.807272 -0.003465
vn -0.555266 -0.831362 0.022730
vn -0.986132 -0.165413 0.013506
vn -0.980749 -0.185383 0.061352
vn -0.118195 -0.992948 0.009144
vn -0.506791 -0.861521 0.030741
vn -0.030006 -0.999538 0.004840
vn -0.030005 -0.999525 0.007059
vn -0.127482 -0.991741 0.014062
vn -0.544747 -0.835033 0.077275
vn -0.000000 -0.986781 0.162057
vn -0.436609 -0.875609 0.206596
vn -0.941305 -0.239302 0.238076
vn -0.142033 -0.989448 0.028616
vn -0.589277 -0.799473 0.116602
vn -0.032133 -0.999248 0.021694
vn -0.033589 -0.998711 0.038055
vn -0.148234 -0.987921 0.045166
vn -0.619696 -0.773332 0.133921
vn 0.895555 -0.232547 -0.379345
vn 0.715686 -0.256062 -0.649789
vn 0.827439 -0.159882 -0.538314
vn 0.939694 -0.117129 -0.321335
vn 0.434058 -0.282583 -0.855418
vn 0.569542 -0.230129 -0.789090
vn 0.711145 -0.102857 -0.695481
vn 0.907269 -0.039180 -0.418723
vn 0.965583 -0.003711 -0.260070
vn 0.974082 -0.225989 -0.009616
vn 0.958501 -0.225576 -0.174332
vn 0.984064 -0.107257 -0.141825
vn 0.994017 -0.108623 0.011502
vn 0.995090 0.007655 -0.098675
vn 0.999070 0.014080 0.040753
vn 0.873460 -0.220434 0.434139
vn 0.956375 -0.227131 0.183735
vn 0.973872 -0.126481 0.188618
vn 0.887155 -0.170620 0.428772
vn 0.981873 0.009352 0.189312
vn 0.917552 -0.017466 0.397233
vn 0.490628 -0.203618 0.847245
vn 0.704750 -0.204711 0.679280
vn 0.718466 -0.221196 0.659454
vn 0.526129 -0.262986 0.808720
vn 0.779879 -0.074701 0.621457
vn 0.596373 -0.131137 0.791924
vn 0.962378 0.153047 -0.224513
vn 0.901384 0.165634 -0.400090
vn 0.873830 0.234720 -0.425826
vn 0.947914 0.228190 -0.222237
vn 0.776204 0.168452 -0.607562
vn 0.766325 0.252465 -0.590768
vn 0.714855 0.340505 -0.610769
vn 0.836275 0.278495 -0.472319
vn 0.934770 0.201404 -0.292646
vn 0.984791 0.162137 0.062441
vn 0.986278 0.158773 -0.045250
vn 0.975552 0.219710 -0.005017
vn 0.979835 0.198664 0.021382
vn 0.969975 0.243205 -0.000644
vn 0.981753 0.175824 -0.072443
vn 0.906201 0.103316 0.410031
vn 0.972594 0.134230 0.189851
vn 0.977959 0.130672 0.162853
vn 0.866877 0.115101 0.485053
vn 0.984003 0.060191 0.167673
vn 0.737680 0.104019 0.667090
vn 0.628608 0.104635 0.770652
vn 0.783777 0.104240 0.612231
vn 0.725160 0.147311 0.672639
vn 0.607861 0.166478 0.776396
vn 0.669551 0.201157 0.715008
vn 0.606750 0.201641 0.768893
vn 0.781798 0.265399 -0.564230
vn 0.812986 0.158693 -0.560241
vn 0.656465 0.338371 -0.674209
vn 0.609755 0.371894 -0.699924
vn 0.714676 0.361311 -0.598909
vn 0.617606 0.368063 -0.695049
vn 0.296150 -0.952404 -0.072263
vn 0.316173 -0.947070 -0.055611
vn 0.292130 -0.937822 -0.187484
vn 0.277628 -0.943639 -0.180191
vn 0.273671 -0.951679 -0.139324
vn 0.319132 -0.935384 -0.152357
vn 0.417164 -0.782515 -0.462216
vn 0.204747 -0.978424 0.027652
vn 0.725432 -0.402300 0.558483
vn 0.637940 -0.768831 -0.043951
vn 0.801701 -0.382906 -0.458976
vn 0.628656 0.344668 -0.697134
vn 0.403807 0.816819 -0.412003
vn 0.315928 0.947102 0.056453
vn 0.296659 0.728188 0.617847
vn 0.503870 0.108765 0.856904
vn 0.848873 -0.170283 0.500418
vn 0.781059 -0.618018 -0.089442
vn 0.835953 -0.248805 -0.489161
vn 0.542742 0.376490 -0.750791
vn 0.441171 0.803855 -0.398980
vn 0.397530 0.908693 0.127464
vn 0.301193 0.699038 0.648559
vn 0.493669 0.252947 0.832051
vn 0.210291 -0.972673 0.098416
vn 0.199133 -0.978405 0.055405
vn 0.118112 -0.986928 0.109651
vn -0.001918 -0.997818 0.065992
vn -0.072984 -0.915415 0.395840
vn 0.215189 -0.975404 -0.047766
vn 0.526321 -0.559082 0.640636
vn 0.565937 -0.816770 0.112255
vn 0.830080 -0.485787 -0.273822
vn 0.605800 0.332010 -0.723032
vn 0.420426 0.828188 -0.370604
vn 0.293727 0.935907 0.194429
vn 0.156868 0.641467 0.750941
vn 0.267923 0.071811 0.960760
vn 0.209809 -0.760433 0.614591
vn 0.426929 -0.903862 0.027671
vn 0.784193 -0.590686 -0.190084
vn 0.765300 0.263243 -0.587384
vn 0.526808 0.824369 -0.207099
vn 0.209627 0.918361 0.335663
vn 0.091549 0.587617 0.803944
vn 0.015723 -0.030885 0.999399
vn 0.643036 0.280427 0.712647
vn 0.613998 0.280663 0.737723
vn 0.487378 0.193198 0.851550
vn 0.387400 0.221973 0.894790
vn 0.625212 0.367970 0.688265
vn 0.580126 0.387656 0.716364
vn 0.000000 -0.050871 -0.998705
vn 0.021142 -0.049518 -0.998550
vn 0.078065 -0.045849 -0.995893
vn 0.140582 -0.041775 -0.989187
vn 0.216884 -0.032236 -0.975665
vn 0.923844 0.081735 -0.373940
vn 0.969233 0.081269 -0.232341
vn 0.770933 0.076062 -0.632359
vn 0.993086 0.090460 -0.074818
vn 0.993203 0.098437 0.062108
vn 0.972064 0.107284 0.208765
vn 0.914586 0.108335 0.389611
vn 0.804074 0.088447 0.587914
vn 0.636810 0.039825 0.769992
vn 0.218031 -0.047062 0.974807
vn 0.109258 -0.049088 0.992801
vn 0.332577 -0.035719 0.942399
vn -0.000000 -0.044172 0.999024
vn 0.033992 -0.044906 0.998413
vn -0.412671 -0.224786 -0.882708
vn -0.207982 -0.221484 -0.952727
vn -0.234412 0.091231 -0.967847
vn -0.435286 0.062804 -0.898099
vn -0.035322 -0.198896 -0.979384
vn -0.027616 0.096000 -0.994998
vn -0.012574 0.105001 -0.994393
vn -0.248307 0.100155 -0.963490
vn -0.451392 0.067870 -0.889741
vn 0.366964 -0.226503 -0.902238
vn 0.690576 -0.260148 -0.674854
vn 0.689810 -0.057901 -0.721671
vn 0.379705 0.008696 -0.925067
vn 0.898548 -0.277454 -0.340045
vn 0.920586 -0.141379 -0.364052
vn 0.902110 -0.085616 -0.422927
vn 0.639491 -0.016625 -0.768619
vn 0.377096 0.026637 -0.925791
vn -0.945726 -0.088755 -0.312611
vn -0.733997 -0.178530 -0.655267
vn -0.719266 0.020520 -0.694432
vn -0.935836 -0.019630 -0.351888
vn -0.706949 0.014528 -0.707115
vn -0.921600 -0.046161 -0.385387
vn 0.949911 -0.292821 -0.109205
vn 0.972855 -0.203289 -0.110578
vn 0.948928 -0.311616 0.049307
vn 0.965050 -0.256380 0.054304
vn 0.983513 -0.178048 0.031649
vn 0.978837 -0.137339 -0.151708
vn -0.999410 -0.015227 -0.030795
vn -0.992248 -0.037121 -0.118603
vn -0.988470 -0.039476 -0.146184
vn -0.997702 -0.053680 -0.041342
vn -0.982276 -0.080369 -0.169334
vn -0.993284 -0.101782 -0.055022
vn 0.924461 -0.323596 0.201634
vn 0.929068 -0.313968 0.195595
vn 0.875212 -0.311984 0.369689
vn 0.874292 -0.363705 0.321454
vn 0.912312 -0.275838 0.302655
vn 0.954802 -0.230133 0.188129
vn -0.987224 -0.037657 0.154828
vn -0.998471 -0.012009 0.053968
vn -0.992963 -0.095221 0.070413
vn -0.963458 -0.171380 0.205857
vn -0.988778 -0.135283 0.063378
vn -0.959849 -0.185507 0.210421
vn 0.715082 -0.289892 0.636098
vn 0.710148 -0.445637 0.545066
vn 0.380141 -0.278538 0.881992
vn 0.319336 -0.527998 0.786920
vn 0.543423 -0.312883 0.778971
vn 0.823576 -0.313732 0.472541
vn -0.631939 -0.265258 0.728211
vn -0.126971 -0.330046 0.935387
vn -0.111896 -0.542586 0.832514
vn -0.453940 -0.485399 0.747212
vn 0.014574 -0.326319 0.945147
vn 0.003138 -0.546445 0.837489
vn 0.039679 -0.309850 0.949957
vn -0.120406 -0.296348 0.947460
vn -0.545965 -0.225935 0.806769
vn -0.915130 -0.109153 0.388101
vn -0.853328 -0.299889 0.426496
vn -0.891933 -0.231997 0.388114
vn 0.352331 -0.298635 0.886950
vn 0.429430 -0.178969 0.885189
vn 0.289463 -0.230398 0.929047
vn 0.473399 -0.009652 0.880795
vn 0.478050 0.096704 0.872993
vn 0.484719 0.150893 0.861556
vn 0.499695 0.179658 0.847366
vn 0.526662 0.380627 0.760099
vn 0.508653 0.288463 0.811210
vn 0.586418 0.587005 0.558157
vn 0.562323 0.705452 0.431428
vn 0.553412 0.439532 0.707494
vn 0.590994 0.394522 0.703618
vn 0.587994 0.474213 0.655275
vn 0.296046 0.554837 0.777504
vn 0.496635 0.816331 0.294886
vn 0.440740 0.887963 0.131417
vn 0.201083 0.873949 0.442469
vn 0.186541 0.968615 0.164280
vn 0.411753 0.910961 -0.024686
vn 0.456818 0.853229 -0.251630
vn 0.262727 0.963600 -0.049500
vn 0.456359 0.776404 -0.434665
vn 0.509582 0.725585 -0.462443
vn 0.498268 0.530488 -0.685792
vn 0.616892 0.573595 -0.538918
vn 0.593892 0.497361 -0.632396
vn 0.445631 0.379110 -0.810980
vn 0.476002 0.372106 -0.796843
vn 0.433250 0.383932 -0.815409
vn 0.507494 0.240005 -0.827555
vn 0.475196 0.117204 -0.872039
vn 0.410096 0.012977 -0.911950
vn 0.365160 -0.149007 -0.918942
vn 0.301645 -0.255937 -0.918426
vn 0.228934 -0.306979 -0.923771
vn 0.202458 0.071359 -0.976688
vn 0.168883 0.057992 -0.983929
vn 0.142016 -0.203004 -0.968824
vn 0.065496 -0.976721 -0.204271
vn 0.052287 -0.998555 0.012441
vn 0.153098 -0.589093 -0.793429
vn 0.339736 -0.438198 -0.832203
vn 0.422652 -0.782369 -0.457453
vn 0.494917 -0.846860 -0.194643
vn 0.055984 -0.998252 0.018970
vn 0.059729 -0.997968 0.022208
vn 0.506781 -0.859743 -0.063367
vn 0.513809 -0.857306 0.032043
vn 0.066268 -0.997436 0.027026
vn 0.071033 -0.996908 0.033595
vn 0.514066 -0.849756 0.116837
vn 0.515487 -0.841350 0.162492
vn 0.069607 -0.996611 0.043838
vn 0.061618 -0.996845 0.050025
vn 0.522462 -0.833375 0.180330
vn 0.518474 -0.837160 0.174208
vn 0.150887 -0.290560 0.944885
vn 0.089439 -0.539921 0.836950
vn 0.135722 -0.341440 0.930053
vn 0.667475 -0.313242 -0.675542
vn 0.364760 -0.311940 -0.877293
vn 0.875901 -0.303382 -0.375175
vn 0.941481 -0.299556 -0.154529
vn 0.952984 -0.302838 0.010474
vn 0.937000 -0.292499 0.190987
vn 0.876944 -0.244752 0.413601
vn 0.721451 -0.165567 0.672381
vn 0.450729 -0.111832 0.885628
vn 0.227453 -0.118988 0.966492
vn 0.077953 -0.135698 0.987679
vn -0.118632 -0.134706 0.983759
vn -0.632881 -0.098456 0.767963
vn -0.958079 -0.030340 0.284892
vn -0.995297 -0.006563 0.096643
vn -0.999567 -0.008190 0.028257
vn -0.999206 -0.030274 -0.025889
vn -0.991565 -0.077487 -0.103902
vn -0.937282 -0.183266 -0.296507
vn -0.693919 -0.350347 -0.629073
vn -0.318549 -0.427030 -0.846269
vn -0.112490 -0.400871 -0.909202
vn 0.015987 -0.351341 -0.936111
vn 0.160732 -0.320798 -0.933410
vn 0.395762 0.475607 0.785602
vn 0.188099 0.555377 0.810047
vn 0.219834 0.132420 0.966508
vn 0.565125 0.024546 0.824640
vn 0.069245 0.580712 0.811159
vn 0.073573 0.177865 0.981301
vn 0.017555 -0.785803 0.618228
vn 0.137774 -0.787461 0.600770
vn 0.417656 -0.678440 0.604386
vn 0.882331 -0.295313 0.366447
vn 0.900402 -0.332155 0.280980
vn 0.869151 -0.199512 0.452517
vn 0.923895 -0.335148 0.184642
vn 0.943886 -0.329266 0.025766
vn 0.932575 -0.326461 -0.154037
vn 0.864971 -0.303114 -0.399935
vn 0.636003 -0.226789 -0.737609
vn 0.383481 -0.149195 -0.911418
vn -0.012768 -0.157929 -0.987368
vn 0.211326 -0.146267 -0.966410
vn -0.258090 -0.156762 -0.953318
vn -0.472394 -0.161924 -0.866386
vn -0.720986 -0.242212 -0.649240
vn -0.886985 -0.309941 -0.342337
vn -0.930695 -0.334479 -0.148088
vn -0.937741 -0.344317 -0.045699
vn -0.937085 -0.344957 0.053632
vn -0.929983 -0.323603 0.174391
vn -0.922242 -0.262777 0.283580
vn -0.919289 -0.152284 0.362928
vn -0.096128 0.182954 0.978411
vn -0.128004 -0.772758 0.621659
vn -0.061041 0.591323 0.804121
vn -0.332145 0.540598 0.772938
vn -0.557392 0.083199 0.826070
vn -0.469633 -0.646993 0.600703
vn 0.200697 0.440289 0.875138
vn 0.538219 0.314777 0.781816
vn 0.058975 0.477460 0.876672
vn 0.060810 -0.988210 0.140508
vn -0.026622 -0.990665 0.133696
vn 0.480198 -0.838121 0.258774
vn 0.835840 -0.100030 0.539783
vn -0.100366 0.477108 0.873095
vn -0.556269 0.378881 0.739604
vn -0.891132 -0.053324 0.450600
vn -0.591320 -0.774188 0.225772
vn -0.133665 -0.981559 0.136657
vn 0.778695 -0.449434 -0.437772
vn 0.792055 -0.516307 -0.325695
vn 0.579958 -0.333084 -0.743440
vn -0.000509 -0.377710 -0.925924
vn 0.062378 -0.712268 -0.699130
vn 0.168011 -0.916608 -0.362771
vn 0.349433 -0.042996 -0.935975
vn 0.189723 0.254186 -0.948364
vn 0.042652 0.267280 -0.962674
vn 0.021149 -0.093067 -0.995435
vn 0.324990 0.943662 -0.062320
vn 0.355871 0.733218 -0.579437
vn 0.269234 0.953071 0.138450
vn 0.259006 0.948171 0.184084
vn 0.251672 0.967700 -0.014784
vn 0.223992 0.852909 -0.471565
vn 0.767576 -0.629529 0.120497
vn 0.585732 -0.445286 0.677229
vn 0.238583 -0.967404 0.084895
vn 0.275226 -0.775923 0.567621
vn 0.157198 0.823255 0.545473
vn 0.068470 0.388175 0.919039
vn 0.026811 0.220659 0.974983
vn 0.205103 0.770286 0.603815
vn 0.072427 -0.166150 0.983437
vn 0.116018 -0.008252 0.993213
vn 0.311694 -0.142211 0.939480
vn 0.180363 -0.509204 0.841534
vn 0.238732 -0.957817 -0.159982
vn 0.270161 -0.919614 -0.285174
vn 0.211203 -0.966349 -0.146841
vn 0.201244 -0.972184 -0.119827
vn 0.334133 -0.720060 -0.608168
vn 0.164903 -0.808532 -0.564875
vn 0.378781 0.038620 -0.924680
vn 0.200673 0.021000 -0.979433
vn 0.335492 0.538488 -0.772966
vn 0.125030 0.446973 -0.885767
vn 0.375955 0.357881 -0.854739
vn 0.474800 -0.002766 -0.880090
vn 0.219775 0.937195 -0.270859
vn 0.088973 0.993304 0.073691
vn 0.045141 0.998948 0.008096
vn 0.077538 0.956526 -0.281150
vn -0.083254 0.891457 0.445391
vn -0.137777 0.958945 0.247874
vn -0.074794 0.981977 0.173571
vn 0.041415 0.999089 0.010337
vn 0.084802 0.979960 -0.180243
vn 0.007258 -0.999612 0.026907
vn 0.159566 -0.987060 -0.015826
vn 0.163599 -0.986509 -0.005947
vn 0.196704 -0.978592 0.060549
vn -0.208851 0.785172 0.582998
vn -0.349463 0.847994 0.398473
vn -0.310097 0.354148 0.882281
vn -0.661116 0.521937 0.538988
vn -0.421314 0.701865 0.574352
vn -0.261716 0.856516 0.444843
vn 0.652426 -0.565272 0.504786
vn 0.704758 0.259410 0.660320
vn 0.341710 0.731577 0.589941
vn -0.327537 0.782754 0.529165
vn -0.846292 0.349050 0.402435
vn -0.915469 -0.313631 0.252095
vn -0.536671 -0.834231 0.126662
vn 0.188651 -0.958593 0.213330
vn -0.963697 0.130975 0.232666
vn -0.558005 -0.437780 0.704967
vn -0.191576 -0.939153 0.285116
vn -0.463828 -0.885814 0.014054
vn 0.363690 -0.750885 0.551272
vn 0.255735 -0.966511 -0.021361
vn 0.361094 -0.456115 -0.813370
vn 0.410038 0.167248 -0.896603
vn 0.479450 0.154709 -0.863825
vn 0.414341 -0.549262 -0.725695
vn 0.396378 0.586387 -0.706424
vn 0.448628 0.571875 -0.686799
vn 0.208619 0.973937 -0.089017
vn 0.094334 0.963731 0.249648
vn 0.096315 0.965914 0.240277
vn 0.269774 0.951934 -0.145066
vn -0.033461 0.784000 0.619858
vn -0.032859 0.817576 0.574883
vn -0.132834 0.541058 0.830428
vn -0.138588 0.591368 0.794404
vn -0.193108 0.175571 0.965342
vn -0.213137 0.185594 0.959233
vn -0.129686 -0.434518 0.891277
vn 0.006643 -0.805437 0.592644
vn -0.169758 -0.416205 0.893283
vn -0.053073 -0.753385 0.655435
vn 0.114354 -0.956580 0.268099
vn 0.132924 -0.963483 0.232449
vn 0.214167 -0.976766 -0.007769
vn 0.213898 -0.976756 0.013961
vn 0.270285 -0.930269 -0.248085
vn 0.284024 -0.936301 -0.206570
vn 0.316424 -0.774602 -0.547601
vn 0.329612 -0.824195 -0.460498
vn 0.189565 -0.240369 -0.951992
vn 0.161176 0.097350 -0.982113
vn 0.154925 0.120451 -0.980556
vn 0.174472 -0.300845 -0.937578
vn 0.182527 0.521562 -0.833461
vn 0.236836 0.582606 -0.777482
vn 0.173532 0.970026 -0.170106
vn 0.145887 0.974970 0.167782
vn 0.174660 0.966455 0.188307
vn 0.196100 0.974063 -0.112901
vn 0.158220 0.842381 0.515132
vn 0.171103 0.793914 0.583459
vn 0.145300 0.471380 0.869879
vn 0.127401 0.461112 0.878149
vn 0.108394 0.002469 0.994105
vn 0.033757 0.067201 0.997168
vn -0.006522 -0.338620 0.940901
vn 0.107903 -0.695201 0.710671
vn 0.094052 -0.302855 0.948385
vn 0.128040 -0.632409 0.763979
vn 0.121805 -0.912188 0.391249
vn 0.208897 -0.933428 0.291674
vn 0.189297 -0.981371 -0.032826
vn 0.233462 -0.969753 -0.071234
vn 0.210601 -0.865954 -0.453620
vn 0.210911 -0.889942 -0.404375
vn 0.196108 -0.558500 -0.805990
vn 0.154061 -0.625901 -0.764535
vn 0.169109 0.064515 -0.983484
vn 0.212810 -0.250995 -0.944306
vn 0.140540 0.401022 -0.905224
vn 0.090023 0.994664 0.050382
vn 0.119856 0.937623 -0.326340
vn 0.095999 0.947347 0.305479
vn 0.044792 0.647236 0.760973
vn 0.010587 0.079076 0.996812
vn 0.088490 -0.287363 0.953725
vn 0.052801 -0.714017 0.698135
vn 0.077721 -0.901687 0.425347
vn 0.133576 -0.989544 -0.054414
vn 0.153032 -0.889595 -0.430351
vn 0.212680 -0.591221 -0.777962
vn 0.000000 0.375177 -0.926953
vn 0.025275 0.374441 -0.926906
vn 0.098912 0.370919 -0.923383
vn 0.205281 0.363799 -0.908576
vn 0.323650 0.372017 -0.869974
vn 0.443158 0.392296 -0.806049
vn 0.585016 0.428087 -0.688838
vn 0.674097 0.467817 -0.571613
vn 0.570831 0.459265 -0.680608
vn 0.226429 0.422675 -0.877540
vn 0.088877 0.519198 -0.850021
vn 0.152863 0.646923 -0.747077
vn 0.196407 0.763447 -0.615283
vn 0.201365 0.818285 -0.538389
vn 0.341568 0.818828 -0.461359
vn 0.409254 0.773778 -0.483507
vn 0.254463 0.819130 -0.514077
vn 0.128350 0.883932 -0.449656
vn 0.043023 0.860995 -0.506790
vn 0.295571 0.951843 0.081444
vn 0.279803 0.951753 0.126004
vn 0.308662 0.951156 0.005455
vn 0.235671 0.970541 0.050097
vn 0.152461 0.975870 0.156309
vn 0.294016 0.955465 -0.025330
vn 0.417101 0.715757 -0.560106
vn 0.179130 0.955934 -0.232601
vn 0.075612 0.975119 -0.208391
vn 0.066215 0.997804 0.001715
vn -0.006311 0.992403 0.122870
vn -0.132589 0.504784 0.853003
vn 0.218488 0.936195 0.275320
vn 0.082044 0.860426 0.502927
vn 0.055502 0.957785 0.282076
vn -0.301981 0.800245 0.518088
vn 0.147360 0.975350 0.164250
vn -0.174489 0.925865 0.335152
vn -0.333466 0.800487 0.498017
vn -0.623570 -0.052540 0.780000
vn -0.696006 0.515677 0.499653
vn -0.461409 0.749959 0.473986
vn -0.165204 0.387644 0.906884
vn -0.441128 0.706103 0.553918
vn -0.195963 -0.177719 0.964373
vn -0.184128 -0.188881 0.964583
vn 0.093759 -0.136396 0.986208
vn -0.020814 -0.142166 0.989624
vn 0.034245 -0.022543 0.999159
vn 0.070541 -0.115520 0.990797
vn 0.320695 0.263548 0.909779
vn 0.047923 0.086356 0.995111
vn 0.593748 0.373813 0.712550
vn 0.574107 0.372240 0.729273
vn 0.429304 0.387447 0.815833
vn 0.546431 0.367889 0.752377
vn 0.283576 0.426837 0.858717
vn 0.113621 0.468639 0.876053
vn -0.000000 0.478497 0.878089
vn 0.009369 0.478021 0.878298
vn -0.000000 0.126304 0.991992
vn 0.000000 0.839890 0.542756
vn 0.045000 0.859192 0.509671
vn 0.062984 0.126413 0.989976
vn 0.185374 0.921882 0.340250
vn 0.458877 0.170690 0.871950
vn 0.339257 0.934670 0.106287
vn 0.402929 0.915208 0.006503
vn 0.988984 0.147360 0.013967
vn 0.950917 0.197717 0.238045
vn 0.362086 0.926795 -0.099727
vn 0.199097 0.938573 -0.281854
vn 0.512230 0.371393 -0.774395
vn 0.958568 0.188714 -0.213387
vn 0.055006 0.901457 -0.429360
vn -0.000000 0.885104 -0.465394
vn 0.000000 0.400262 -0.916401
vn 0.089976 0.400235 -0.911985
vn 0.889995 -0.389639 0.236836
vn 0.414922 -0.337541 0.844930
vn 0.942219 -0.334195 -0.023176
vn 0.925097 -0.266908 -0.270103
vn 0.522171 0.013598 -0.852732
vn 0.094092 0.178511 -0.979429
vn -0.000000 0.200489 -0.979696
vn -0.000000 -0.207746 0.978183
vn 0.056956 -0.229781 0.971574
vn 0.611110 -0.771224 -0.178208
vn 0.892270 -0.365502 0.265070
vn 0.587987 -0.502271 -0.634031
vn 0.650666 -0.157155 -0.742924
vn 0.751769 0.289753 -0.592357
vn 0.819136 0.569434 0.068996
vn 0.938875 0.045143 0.341284
vn 0.949009 -0.139037 0.282932
vn -0.110755 -0.416889 0.902184
vn -0.109324 -0.643038 0.757991
vn -0.256024 -0.386647 0.885978
vn -0.260884 -0.622710 0.737680
vn -0.135694 -0.292806 0.946494
vn -0.303484 -0.172473 0.937097
vn -0.472727 -0.345006 0.810863
vn -0.457403 -0.575762 0.677702
vn -0.683928 -0.331951 0.649655
vn -0.629374 -0.509807 0.586502
vn -0.519760 -0.142687 0.842312
vn -0.719183 -0.157075 0.676833
vn -0.298296 0.002692 0.954470
vn -0.291106 -0.251449 0.923055
vn -0.509175 -0.022494 0.860369
vn -0.483623 -0.155846 0.861290
vn -0.290154 0.415619 0.862016
vn -0.515178 0.184112 0.837075
vn -0.341966 0.036604 0.938999
vn -0.526126 0.013933 0.850293
vn -0.720741 -0.026926 0.692682
vn -0.494356 0.105908 0.862784
vn -0.702168 0.055255 0.709864
vn -0.282544 0.141211 0.948804
vn -0.131040 0.193606 0.972289
vn -0.124716 0.184833 0.974824
vn -0.257175 0.210078 0.943254
vn -0.143294 0.281889 0.948686
vn -0.262385 0.309643 0.913934
vn -0.453343 0.194401 0.869879
vn -0.671649 0.155993 0.724261
vn -0.424538 0.330821 0.842808
vn -0.619538 0.326867 0.713674
vn -0.152080 0.437766 0.886133
vn -0.275864 0.455707 0.846304
vn -0.159147 0.684015 0.711896
vn -0.283472 0.673124 0.683043
vn -0.406535 0.472596 0.781910
vn -0.558591 0.484320 0.673358
vn -0.396092 0.650505 0.648039
vn -0.510138 0.601810 0.614479
vn -0.155268 0.875413 0.457761
vn -0.276796 0.843123 0.461007
vn -0.141350 0.942307 0.303444
vn -0.270741 0.907902 0.320021
vn -0.402916 0.783820 0.472531
vn -0.558844 0.660237 0.501778
vn -0.431901 0.833311 0.345042
vn -0.623706 0.688924 0.369289
vn -0.129862 0.974587 0.182527
vn -0.273636 0.941912 0.194745
vn -0.124078 0.991083 0.048568
vn -0.276187 0.959621 0.053367
vn -0.468859 0.858448 0.207938
vn -0.686410 0.696534 0.209003
vn -0.492120 0.869160 0.048775
vn -0.720193 0.692797 0.036810
vn -0.121965 0.988067 -0.094068
vn -0.267786 0.957949 -0.103077
vn -0.135590 0.962865 -0.233465
vn -0.270359 0.927568 -0.257920
vn -0.476298 0.870007 -0.127388
vn -0.708068 0.691053 -0.145211
vn -0.444208 0.847745 -0.289841
vn -0.659780 0.688804 -0.300399
vn -0.162044 0.906534 -0.389792
vn -0.290704 0.869107 -0.400180
vn -0.174355 0.776156 -0.605956
vn -0.305812 0.761745 -0.571160
vn -0.420424 0.808004 -0.412762
vn -0.605843 0.683820 -0.406627
vn -0.416459 0.731847 -0.539409
vn -0.546353 0.675407 -0.495301
vn -0.163477 0.592004 -0.789181
vn -0.305395 0.606249 -0.734300
vn -0.158227 0.378871 -0.911823
vn -0.314284 0.398266 -0.861748
vn -0.449044 0.605275 -0.657269
vn -0.625944 0.573378 -0.528613
vn -0.494543 0.430877 -0.754833
vn -0.697199 0.438279 -0.567296
vn -0.164379 0.147906 -0.975245
vn -0.327874 0.168839 -0.929512
vn -0.164909 -0.059913 -0.984487
vn -0.329341 -0.023096 -0.943929
vn -0.528027 0.222385 -0.819593
vn -0.757283 0.255702 -0.600949
vn -0.544735 0.036574 -0.837810
vn -0.790761 0.060013 -0.609176
vn -0.154528 -0.289899 -0.944500
vn -0.311263 -0.236066 -0.920537
vn -0.140482 -0.528229 -0.837400
vn -0.275454 -0.480120 -0.832833
vn -0.532494 -0.156797 -0.831784
vn -0.788279 -0.123405 -0.602817
vn -0.475019 -0.396687 -0.785491
vn -0.739777 -0.321703 -0.590963
vn -0.124238 -0.675006 -0.727277
vn -0.243160 -0.643298 -0.725976
vn -0.107254 -0.747499 -0.655548
vn -0.229848 -0.718209 -0.656769
vn -0.399289 -0.592625 -0.699546
vn -0.648446 -0.514934 -0.560679
vn -0.377205 -0.683238 -0.625222
vn -0.544481 -0.638164 -0.544323
vn -0.096961 -0.824988 -0.556770
vn -0.237772 -0.788454 -0.567279
vn -0.076948 -0.927612 -0.365533
vn -0.241970 -0.887825 -0.391431
vn -0.436090 -0.727153 -0.530164
vn -0.633145 -0.637712 -0.438691
vn -0.496638 -0.775307 -0.390193
vn -0.676034 -0.653777 -0.339931
vn -0.302728 -0.926551 -0.223289
vn -0.540430 -0.812937 -0.216957
vn -0.704072 -0.680378 -0.203392
vn -0.566103 -0.823496 -0.037164
vn -0.714887 -0.698966 -0.019564
vn -0.347446 -0.934256 -0.080298
vn -0.380505 -0.921938 0.072429
vn -0.574055 -0.808681 0.128434
vn -0.708629 -0.688616 0.153797
vn -0.556175 -0.777020 0.294804
vn -0.694964 -0.651835 0.303539
vn -0.317440 -0.908746 0.270949
vn -0.119109 -0.856518 0.502186
vn -0.097116 -0.958060 0.269609
vn -0.301858 -0.811685 0.500050
vn -0.512347 -0.720510 0.467296
vn -0.671277 -0.591677 0.446437
vn -0.755247 -0.562682 -0.336141
vn -0.747779 -0.518172 -0.415120
vn -0.832143 -0.341254 -0.437131
vn -0.753805 -0.461257 -0.467996
vn -0.820398 -0.571522 0.017612
vn -0.779001 -0.595620 -0.195945
vn -0.743306 -0.636752 -0.205044
vn -0.914535 -0.387547 0.115898
vn -0.808836 -0.486104 0.330890
vn -0.827619 -0.531474 0.180505
vn -0.925037 -0.313228 0.214931
vn -0.893220 -0.272102 0.357938
vn -0.771953 -0.409337 0.486346
vn -0.826293 -0.212314 0.521693
vn -0.813523 -0.181120 -0.552608
vn -0.881309 -0.152035 -0.447414
vn -0.903319 0.042905 -0.426819
vn -0.903845 0.110508 -0.413342
vn -0.780683 -0.194222 0.593980
vn -0.773697 -0.122597 0.621580
vn -0.781035 -0.141828 0.608169
vn -0.827814 -0.442465 0.344889
vn -0.970508 -0.170558 -0.170362
vn -0.879000 -0.430316 -0.205395
vn -0.851847 0.167271 0.496363
vn -0.985878 0.118477 -0.118352
vn -0.757740 -0.051777 0.650500
vn -0.919456 -0.107956 0.378083
vn -0.962588 -0.131513 0.236917
vn -0.972067 -0.139258 0.188924
vn -0.970260 0.002466 0.242053
vn -0.984720 0.041735 0.169073
vn -0.919827 0.010138 0.392194
vn -0.836551 -0.069618 0.543448
vn -0.828365 0.026449 0.559563
vn -0.939510 0.217470 -0.264629
vn -0.888674 0.230562 -0.396358
vn -0.831925 0.396886 -0.387790
vn -0.899274 0.351393 -0.260438
vn -0.980028 0.173420 0.097315
vn -0.973830 0.212990 -0.079309
vn -0.956309 0.288834 -0.045266
vn -0.937338 0.329359 -0.113666
vn -0.944192 0.324748 0.055139
vn -0.905637 0.148229 0.397303
vn -0.960930 0.151448 0.231685
vn -0.919505 0.327417 0.217506
vn -0.856400 0.332544 0.394960
vn -0.810163 0.144890 0.568016
vn -0.756079 0.329055 0.565746
vn -0.810832 0.512561 -0.282546
vn -0.747632 0.535485 -0.392813
vn -0.862567 0.504508 0.038083
vn -0.853362 0.502843 -0.137560
vn -0.764495 0.516906 0.385171
vn -0.833575 0.511286 0.209138
vn -0.672734 0.503857 0.541809
vn -0.153192 -0.195236 0.968718
vn -0.219664 -0.039474 0.974777
vn -0.213856 -0.258216 0.942120
vn -0.277585 -0.000016 0.960701
vn -0.227155 0.046169 0.972764
vn -0.206487 0.130065 0.969766
vn -0.287779 0.032133 0.957158
vn -0.312603 0.171704 0.934236
vn -0.132215 0.297924 0.945389
vn -0.208575 0.624684 0.752507
vn -0.256977 -0.383865 0.886911
vn -0.427760 -0.130592 0.894409
vn -0.479725 -0.002846 0.877415
vn -0.486682 0.265293 0.832322
vn -0.259407 0.732424 0.629495
vn -0.042802 -0.987159 -0.153900
vn -0.044590 -0.978033 -0.203625
vn -0.030317 -0.997268 -0.067367
vn 0.032476 -0.990216 -0.135714
vn -0.047723 -0.975433 -0.215064
vn -0.092987 -0.986003 -0.138390
vn 0.081124 -0.966338 -0.244153
vn 0.033278 -0.981028 -0.190986
vn -0.130861 -0.990996 -0.028340
vn -0.110210 -0.992979 0.042960
vn 0.007912 -0.994862 -0.100927
vn -0.014800 -0.995686 -0.091598
vn -0.050671 -0.997881 0.040804
vn -0.026718 -0.994381 -0.102435
vn -0.054312 -0.967964 -0.245145
vn -0.021043 -0.969472 -0.244296
vn -0.101264 -0.280271 -0.954565
vn -0.340511 -0.588999 -0.732893
vn 0.001046 -0.944103 -0.329648
vn -0.050690 -0.973072 -0.224858
vn -0.492240 -0.775577 -0.395197
vn -0.525047 -0.836473 -0.156968
vn -0.032640 -0.994295 -0.101545
vn -0.031348 -0.994534 -0.099597
vn -0.406453 -0.912657 0.043049
vn -0.246963 -0.907876 0.338777
vn -0.033068 -0.995220 -0.091884
vn -0.064165 -0.784853 0.616351
vn -0.032698 -0.236796 0.971009
vn -0.007935 -0.474367 0.880292
vn 0.121506 -0.749169 0.651139
vn -0.030364 -0.454742 0.890105
vn 0.387302 -0.432840 0.814031
vn -0.112186 -0.257270 0.959805
vn -0.089171 -0.402856 0.910909
vn 0.038226 -0.321509 0.946135
vn -0.182830 -0.342081 0.921712
vn -0.111995 -0.260072 0.959072
vn -0.185879 -0.259140 0.947784
vn -0.279573 -0.227800 0.932709
vn -0.019020 0.172981 0.984742
vn -0.026992 0.122372 0.992117
vn -0.033344 0.068535 0.997091
vn -0.114525 0.121813 0.985924
vn -0.107701 0.070686 0.991667
vn -0.119930 0.172372 0.977704
vn -0.219749 0.122013 0.967896
vn -0.218099 0.074352 0.973090
vn -0.357144 0.132553 0.924596
vn -0.343792 0.086490 0.935054
vn -0.222125 0.171764 0.959770
vn -0.354078 0.175918 0.918521
vn -0.010869 0.353760 0.935273
vn -0.014264 0.247109 0.968883
vn -0.127581 0.247958 0.960333
vn -0.126432 0.345881 0.929721
vn -0.246837 0.251428 0.935872
vn -0.358331 0.278388 0.891122
vn -0.282371 0.324914 0.902606
vn -0.407545 0.345254 0.845403
vn -0.038708 0.890477 0.453378
vn -0.029769 0.808216 0.588134
vn -0.014727 0.646022 0.763176
vn -0.143107 0.812972 0.564443
vn -0.113178 0.642431 0.757940
vn -0.199541 0.909730 0.364109
vn -0.322670 0.778224 0.538750
vn -0.281489 0.592385 0.754881
vn -0.487617 0.694430 0.529148
vn -0.432075 0.517064 0.738888
vn -0.383977 0.872098 0.303327
vn -0.531283 0.791874 0.301121
vn -0.288470 0.950578 0.114832
vn -0.403287 0.903433 0.145492
vn -0.515996 0.834552 0.193056
vn -0.378021 0.925199 0.033268
vn -0.476384 0.876061 0.074667
vn -0.263111 0.964688 0.012274
vn -0.256461 0.963493 -0.076871
vn -0.346683 0.935381 -0.069809
vn -0.439841 0.897060 -0.042699
vn -0.298366 0.932787 -0.202202
vn -0.418180 0.889102 -0.186074
vn -0.172826 0.955404 -0.239447
vn -0.026377 0.674459 -0.737841
vn -0.033136 0.900030 -0.434565
vn -0.039704 0.953226 -0.299641
vn -0.130597 0.897480 -0.421276
vn -0.111706 0.666352 -0.737222
vn -0.261438 0.869230 -0.419630
vn -0.405315 0.807996 -0.427623
vn -0.237172 0.624996 -0.743727
vn -0.375445 0.580256 -0.722733
vn -0.016276 0.288834 -0.957241
vn -0.021451 0.342001 -0.939455
vn -0.026277 0.320624 -0.946842
vn -0.076119 0.354626 -0.931905
vn -0.092903 0.323951 -0.941501
vn -0.053526 0.296586 -0.953505
vn -0.164638 0.372139 -0.913459
vn -0.182914 0.340138 -0.922414
vn -0.285872 0.382250 -0.878727
vn -0.292146 0.364618 -0.884141
vn -0.136310 0.321549 -0.937030
vn -0.275458 0.356259 -0.892862
vn -0.024204 0.097434 -0.994948
vn -0.020127 0.208529 -0.977809
vn -0.050745 0.200242 -0.978431
vn -0.069267 0.093630 -0.993195
vn -0.123106 0.195707 -0.972905
vn -0.269601 0.211703 -0.939413
vn -0.125579 0.079561 -0.988888
vn -0.233669 0.071917 -0.969653
vn 0.064945 -0.468411 -0.881120
vn 0.009685 -0.312246 -0.949952
vn -0.011525 -0.190551 -0.981610
vn -0.027967 -0.294715 -0.955176
vn -0.066438 -0.183946 -0.980689
vn 0.117439 -0.429266 -0.895511
vn -0.078246 -0.273685 -0.958631
vn -0.123271 -0.172238 -0.977312
vn -0.160233 -0.260099 -0.952195
vn -0.198052 -0.160696 -0.966929
vn 0.002102 -0.369694 -0.929151
vn -0.095897 -0.333705 -0.937787
vn 0.455776 -0.881499 -0.123403
vn 0.263836 -0.789185 -0.554597
vn 0.582593 -0.510187 -0.632689
vn 0.891551 -0.364550 -0.268775
vn 0.421580 -0.514372 -0.746788
vn 0.479027 -0.798495 -0.364608
vn 0.144712 -0.974449 -0.171777
vn 0.219748 -0.626641 -0.747684
vn 0.041196 -0.986043 -0.161315
vn 0.024989 -0.614519 -0.788506
vn 0.120438 -0.992656 0.011377
vn 0.039075 -0.998493 0.038529
vn 0.508718 -0.848416 -0.146275
vn 0.606808 -0.794592 -0.020203
vn 0.560699 -0.826027 -0.057412
vn 0.968585 -0.230999 -0.092101
vn 0.985468 -0.168955 -0.017536
vn 0.500319 -0.864360 -0.050630
vn 0.115575 -0.993217 0.012706
vn 0.035598 -0.999014 0.026522
vn 0.114767 -0.993359 0.008176
vn 0.032316 -0.999393 0.013029
vn 0.496102 -0.868226 -0.008094
vn 0.555266 -0.831362 0.022730
vn 0.590170 -0.807272 -0.003465
vn 0.986132 -0.165413 0.013506
vn 0.980749 -0.185383 0.061352
vn 0.506791 -0.861521 0.030741
vn 0.118195 -0.992948 0.009144
vn 0.030006 -0.999538 0.004840
vn 0.127482 -0.991741 0.014062
vn 0.030005 -0.999525 0.007059
vn 0.544747 -0.835032 0.077275
vn 0.436609 -0.875609 0.206596
vn 0.941305 -0.239302 0.238076
vn 0.589277 -0.799473 0.116602
vn 0.142033 -0.989448 0.028616
vn 0.032133 -0.999248 0.021694
vn 0.148234 -0.987921 0.045166
vn 0.033589 -0.998711 0.038055
vn 0.619696 -0.773332 0.133921
vn -0.895555 -0.232547 -0.379345
vn -0.939694 -0.117129 -0.321335
vn -0.827439 -0.159882 -0.538314
vn -0.715686 -0.256062 -0.649789
vn -0.569542 -0.230129 -0.789090
vn -0.434058 -0.282583 -0.855418
vn -0.907269 -0.039180 -0.418723
vn -0.711145 -0.102857 -0.695481
vn -0.965583 -0.003711 -0.260070
vn -0.974082 -0.225989 -0.009616
vn -0.994017 -0.108623 0.011502
vn -0.984064 -0.107257 -0.141825
vn -0.958501 -0.225576 -0.174332
vn -0.995090 0.007655 -0.098675
vn -0.999070 0.014080 0.040753
vn -0.873460 -0.220435 0.434139
vn -0.887155 -0.170620 0.428772
vn -0.973872 -0.126482 0.188618
vn -0.956375 -0.227131 0.183735
vn -0.981873 0.009352 0.189312
vn -0.917552 -0.017466 0.397233
vn -0.490628 -0.203618 0.847245
vn -0.526129 -0.262986 0.808720
vn -0.718466 -0.221196 0.659453
vn -0.704750 -0.204711 0.679280
vn -0.779879 -0.074701 0.621457
vn -0.596373 -0.131137 0.791924
vn -0.962378 0.153047 -0.224513
vn -0.947914 0.228190 -0.222237
vn -0.873830 0.234720 -0.425826
vn -0.901384 0.165634 -0.400090
vn -0.766325 0.252465 -0.590768
vn -0.776204 0.168452 -0.607562
vn -0.836275 0.278495 -0.472319
vn -0.714855 0.340505 -0.610769
vn -0.934847 0.202201 -0.291851
vn -0.984791 0.162137 0.062441
vn -0.979834 0.198664 0.021382
vn -0.975552 0.219710 -0.005017
vn -0.986278 0.158773 -0.045250
vn -0.969674 0.244401 0.000035
vn -0.981504 0.177279 -0.072264
vn -0.906201 0.103316 0.410031
vn -0.866877 0.115101 0.485053
vn -0.977959 0.130672 0.162853
vn -0.972594 0.134230 0.189851
vn -0.983992 0.061316 0.167330
vn -0.738534 0.104798 0.666021
vn -0.628608 0.104635 0.770651
vn -0.607861 0.166478 0.776396
vn -0.725160 0.147311 0.672639
vn -0.783777 0.104240 0.612231
vn -0.669551 0.201157 0.715008
vn -0.606749 0.201641 0.768893
vn -0.813414 0.159022 -0.559526
vn -0.781798 0.265398 -0.564230
vn -0.656465 0.338371 -0.674209
vn -0.714676 0.361311 -0.598909
vn -0.609755 0.371894 -0.699924
vn -0.617810 0.368010 -0.694895
vn -0.304927 -0.951250 -0.046284
vn -0.357386 -0.930999 0.074264
vn -0.232056 -0.959350 -0.160615
vn -0.260148 -0.957351 -0.125706
vn -0.290783 -0.955968 -0.039633
vn -0.169394 -0.982785 0.073752
vn -0.389875 -0.808190 -0.441391
vn -0.286863 -0.945623 -0.153322
vn -0.749604 -0.373900 0.546161
vn -0.531395 0.122863 0.838167
vn -0.314042 0.746656 0.586415
vn -0.312685 0.949829 0.007225
vn -0.382832 0.805667 -0.452041
vn -0.606620 0.336568 -0.720232
vn -0.797322 -0.372983 -0.474511
vn -0.646887 -0.762150 -0.025779
vn -0.417827 -0.906947 -0.053555
vn -0.435024 0.052822 0.898868
vn -0.211499 0.829560 0.516815
vn -0.220610 0.975355 0.003640
vn -0.297673 0.895222 -0.331614
vn -0.571829 0.253222 -0.780314
vn -0.458755 -0.845990 -0.271744
vn -0.274931 -0.938928 -0.206946
vn -0.238312 -0.967059 0.089462
vn 0.081792 -0.916206 0.392272
vn -0.548571 -0.799397 0.245020
vn -0.226832 -0.971796 0.064501
vn -0.799089 0.475844 0.367463
vn -0.468180 0.788533 0.398776
vn -0.702681 0.118013 0.701650
vn -0.770249 0.102445 0.629461
vn -0.195841 -0.947989 0.250926
vn -0.094731 -0.133538 0.986506
vn -0.068473 0.409269 0.909841
vn -0.213557 0.731865 0.647122
vn -0.555089 0.717612 -0.420606
vn -0.574338 -0.364798 -0.732843
vn -0.613998 0.280663 0.737723
vn -0.643036 0.280427 0.712647
vn -0.489817 0.194425 0.849869
vn -0.625212 0.367970 0.688265
vn -0.390640 0.223600 0.892974
vn -0.580126 0.387656 0.716364
vn -0.021142 -0.049518 -0.998549
vn -0.078065 -0.045849 -0.995893
vn -0.140582 -0.041775 -0.989187
vn -0.216884 -0.032236 -0.975665
vn -0.969233 0.081269 -0.232341
vn -0.923844 0.081735 -0.373940
vn -0.770933 0.076062 -0.632359
vn -0.993203 0.098437 0.062108
vn -0.993086 0.090460 -0.074817
vn -0.914586 0.108335 0.389611
vn -0.972064 0.107284 0.208765
vn -0.636810 0.039825 0.769992
vn -0.804074 0.088446 0.587914
vn -0.109258 -0.049088 0.992801
vn -0.218031 -0.047062 0.974807
vn -0.332577 -0.035720 0.942399
vn -0.033992 -0.044906 0.998413
vn 0.412672 -0.224786 -0.882708
vn 0.435286 0.062804 -0.898099
vn 0.234412 0.091231 -0.967847
vn 0.207982 -0.221484 -0.952727
vn 0.027616 0.096000 -0.994998
vn 0.035322 -0.198896 -0.979384
vn 0.248307 0.100155 -0.963490
vn 0.012574 0.105001 -0.994393
vn 0.451392 0.067870 -0.889741
vn -0.366964 -0.226503 -0.902238
vn -0.379705 0.008696 -0.925067
vn -0.689810 -0.057901 -0.721671
vn -0.690576 -0.260148 -0.674854
vn -0.920586 -0.141379 -0.364052
vn -0.898548 -0.277454 -0.340045
vn -0.639491 -0.016625 -0.768619
vn -0.902110 -0.085616 -0.422927
vn -0.377096 0.026637 -0.925791
vn 0.945726 -0.088755 -0.312611
vn 0.935836 -0.019630 -0.351888
vn 0.719266 0.020520 -0.694432
vn 0.733997 -0.178530 -0.655267
vn 0.706949 0.014528 -0.707115
vn 0.921600 -0.046161 -0.385387
vn -0.972855 -0.203289 -0.110578
vn -0.949911 -0.292821 -0.109205
vn -0.965050 -0.256380 0.054304
vn -0.948928 -0.311616 0.049307
vn -0.978837 -0.137339 -0.151708
vn -0.983513 -0.178047 0.031648
vn 0.999410 -0.015227 -0.030795
vn 0.997702 -0.053680 -0.041342
vn 0.988470 -0.039476 -0.146184
vn 0.992248 -0.037121 -0.118603
vn 0.982276 -0.080369 -0.169334
vn 0.993284 -0.101782 -0.055022
vn -0.929068 -0.313968 0.195596
vn -0.924461 -0.323596 0.201634
vn -0.874292 -0.363705 0.321454
vn -0.875212 -0.311984 0.369689
vn -0.954802 -0.230133 0.188129
vn -0.912312 -0.275838 0.302655
vn 0.987224 -0.037657 0.154828
vn 0.963458 -0.171380 0.205857
vn 0.992963 -0.095221 0.070413
vn 0.998471 -0.012009 0.053968
vn 0.988778 -0.135283 0.063378
vn 0.959849 -0.185507 0.210421
vn -0.710148 -0.445638 0.545066
vn -0.715082 -0.289892 0.636098
vn -0.319336 -0.527998 0.786920
vn -0.380142 -0.278538 0.881992
vn -0.823576 -0.313732 0.472540
vn -0.543423 -0.312883 0.778971
vn 0.631939 -0.265258 0.728211
vn 0.453940 -0.485399 0.747212
vn 0.111896 -0.542586 0.832514
vn 0.126971 -0.330046 0.935386
vn -0.003138 -0.546446 0.837489
vn -0.014574 -0.326319 0.945147
vn 0.120406 -0.296348 0.947460
vn -0.039679 -0.309850 0.949957
vn 0.545965 -0.225934 0.806769
vn 0.853328 -0.299889 0.426496
vn 0.915130 -0.109153 0.388101
vn 0.891933 -0.231997 0.388114
vn -0.429430 -0.178969 0.885189
vn -0.352331 -0.298635 0.886950
vn -0.289463 -0.230398 0.929047
vn -0.478050 0.096704 0.872993
vn -0.473399 -0.009652 0.880795
vn -0.499694 0.179658 0.847366
vn -0.484719 0.150893 0.861556
vn -0.508653 0.288463 0.811210
vn -0.526662 0.380627 0.760099
vn -0.562323 0.705452 0.431428
vn -0.586418 0.587005 0.558157
vn -0.553412 0.439532 0.707493
vn -0.587994 0.474213 0.655275
vn -0.590995 0.394522 0.703618
vn -0.298665 0.554939 0.776429
vn -0.440740 0.887963 0.131417
vn -0.496635 0.816331 0.294886
vn -0.202935 0.873596 0.442321
vn -0.187862 0.968353 0.164318
vn -0.456818 0.853229 -0.251631
vn -0.411753 0.910961 -0.024687
vn -0.263534 0.963399 -0.049127
vn -0.456551 0.776681 -0.433968
vn -0.498268 0.530488 -0.685793
vn -0.509582 0.725584 -0.462443
vn -0.616892 0.573595 -0.538918
vn -0.593892 0.497360 -0.632397
vn -0.476002 0.372106 -0.796843
vn -0.445631 0.379109 -0.810980
vn -0.433250 0.383932 -0.815409
vn -0.475196 0.117204 -0.872039
vn -0.507494 0.240005 -0.827555
vn -0.365160 -0.149007 -0.918942
vn -0.410096 0.012977 -0.911950
vn -0.228934 -0.306979 -0.923771
vn -0.301645 -0.255937 -0.918426
vn -0.168883 0.057992 -0.983929
vn -0.202458 0.071359 -0.976688
vn -0.142016 -0.203004 -0.968824
vn -0.052287 -0.998555 0.012441
vn -0.065496 -0.976721 -0.204271
vn -0.153098 -0.589093 -0.793429
vn -0.422652 -0.782369 -0.457453
vn -0.339736 -0.438197 -0.832203
vn -0.494917 -0.846860 -0.194643
vn -0.059729 -0.997968 0.022208
vn -0.055984 -0.998251 0.018970
vn -0.506781 -0.859743 -0.063367
vn -0.513809 -0.857306 0.032043
vn -0.071033 -0.996908 0.033595
vn -0.066268 -0.997436 0.027026
vn -0.514066 -0.849756 0.116837
vn -0.515487 -0.841350 0.162492
vn -0.061618 -0.996845 0.050025
vn -0.069607 -0.996611 0.043838
vn -0.522462 -0.833375 0.180330
vn -0.518474 -0.837160 0.174208
vn -0.089439 -0.539921 0.836950
vn -0.150888 -0.290560 0.944885
vn -0.135722 -0.341440 0.930053
vn -0.364760 -0.311940 -0.877293
vn -0.667475 -0.313242 -0.675542
vn -0.875901 -0.303382 -0.375175
vn -0.941481 -0.299556 -0.154529
vn -0.952984 -0.302838 0.010474
vn -0.937000 -0.292499 0.190987
vn -0.876944 -0.244752 0.413601
vn -0.721450 -0.165567 0.672382
vn -0.450729 -0.111832 0.885628
vn -0.227453 -0.118988 0.966492
vn -0.077953 -0.135698 0.987679
vn 0.632881 -0.098456 0.767963
vn 0.118632 -0.134706 0.983759
vn 0.958079 -0.030340 0.284892
vn 0.995297 -0.006563 0.096643
vn 0.999567 -0.008190 0.028257
vn 0.999206 -0.030274 -0.025889
vn 0.991565 -0.077487 -0.103902
vn 0.937282 -0.183266 -0.296508
vn 0.693919 -0.350347 -0.629073
vn 0.318549 -0.427030 -0.846269
vn 0.112490 -0.400871 -0.909202
vn -0.015987 -0.351341 -0.936111
vn -0.160732 -0.320798 -0.933410
vn -0.395762 0.475607 0.785602
vn -0.565125 0.024546 0.824640
vn -0.219834 0.132420 0.966508
vn -0.188099 0.555377 0.810046
vn -0.073573 0.177865 0.981301
vn -0.069245 0.580712 0.811159
vn -0.137774 -0.787461 0.600770
vn -0.017555 -0.785803 0.618228
vn -0.417656 -0.678440 0.604386
vn -0.900402 -0.332155 0.280980
vn -0.882331 -0.295312 0.366447
vn -0.869151 -0.199512 0.452517
vn -0.943886 -0.329266 0.025766
vn -0.923895 -0.335148 0.184642
vn -0.864970 -0.303115 -0.399935
vn -0.932575 -0.326462 -0.154037
vn -0.383481 -0.149195 -0.911418
vn -0.636003 -0.226789 -0.737609
vn -0.211326 -0.146267 -0.966410
vn 0.012768 -0.157929 -0.987368
vn 0.472394 -0.161924 -0.866386
vn 0.258090 -0.156762 -0.953318
vn 0.886985 -0.309940 -0.342337
vn 0.720986 -0.242212 -0.649240
vn 0.937741 -0.344317 -0.045699
vn 0.930695 -0.334479 -0.148089
vn 0.929983 -0.323603 0.174391
vn 0.937085 -0.344957 0.053632
vn 0.919289 -0.152284 0.362928
vn 0.922242 -0.262777 0.283580
vn 0.128004 -0.772758 0.621659
vn 0.096128 0.182954 0.978411
vn 0.061041 0.591323 0.804121
vn 0.557392 0.083198 0.826070
vn 0.332145 0.540598 0.772938
vn 0.469634 -0.646993 0.600703
vn -0.538219 0.314776 0.781816
vn -0.200697 0.440289 0.875138
vn -0.058975 0.477460 0.876672
vn 0.026622 -0.990665 0.133696
vn -0.060810 -0.988210 0.140508
vn -0.480198 -0.838121 0.258775
vn -0.835840 -0.100030 0.539784
vn 0.100366 0.477108 0.873095
vn 0.556269 0.378881 0.739604
vn 0.891132 -0.053324 0.450600
vn 0.591320 -0.774188 0.225772
vn 0.133665 -0.981559 0.136657
vn -0.792889 -0.515237 -0.325359
vn -0.778741 -0.449646 -0.437472
vn -0.578704 -0.333631 -0.744172
vn -0.062280 -0.712099 -0.699312
vn 0.001059 -0.377500 -0.926009
vn -0.168341 -0.916454 -0.363005
vn -0.345882 -0.044075 -0.937242
vn -0.185898 0.252703 -0.949517
vn -0.020161 -0.093118 -0.995451
vn -0.041351 0.266747 -0.962879
vn -0.354440 0.733469 -0.579997
vn -0.325384 0.943523 -0.062362
vn -0.270043 0.952847 0.138416
vn -0.250706 0.967949 -0.014887
vn -0.258322 0.948357 0.184092
vn -0.222194 0.852945 -0.472350
vn -0.589833 -0.443814 0.674630
vn -0.769874 -0.627020 0.118912
vn -0.239465 -0.967225 0.084446
vn -0.276648 -0.775673 0.567272
vn -0.159152 0.823005 0.545282
vn -0.071735 0.388824 0.918515
vn -0.205358 0.770458 0.603508
vn -0.027782 0.220941 0.974891
vn -0.073617 -0.165507 0.983457
vn -0.181872 -0.508797 0.841456
vn -0.316004 -0.141030 0.938217
vn -0.119929 -0.006365 0.992762
vn -0.223859 -0.959679 -0.170010
vn -0.190018 -0.973429 -0.127783
vn -0.201739 -0.967301 -0.153721
vn -0.257338 -0.921680 -0.290315
vn -0.161075 -0.808550 -0.565953
vn -0.327633 -0.721574 -0.609909
vn -0.203972 0.022269 -0.978724
vn -0.391342 0.040820 -0.919340
vn -0.136037 0.448133 -0.883556
vn -0.357189 0.539014 -0.762811
vn -0.373203 0.352612 -0.858128
vn -0.465430 0.004423 -0.885074
vn -0.444396 0.099987 -0.890233
vn -0.401750 0.700018 -0.590400
vn -0.237437 0.936274 -0.258874
vn -0.092213 0.957058 -0.274841
vn -0.057749 0.998167 0.018092
vn -0.103484 0.991080 0.083975
vn 0.127213 0.957500 0.258863
vn 0.074528 0.890118 0.449595
vn 0.070201 0.981833 0.176286
vn -0.044839 0.998920 0.012145
vn -0.039872 0.999139 -0.011479
vn 0.038805 0.994167 0.100628
vn -0.086978 0.979990 -0.179035
vn -0.054496 0.973780 -0.220867
vn 0.014011 -0.999790 0.014925
vn -0.187219 -0.980743 0.055612
vn -0.151678 -0.988329 -0.014115
vn -0.143038 -0.989282 -0.029339
vn 0.339769 0.846297 0.410291
vn 0.205567 0.784316 0.585312
vn 0.650462 0.522901 0.550884
vn 0.317102 0.360303 0.877284
vn 0.417766 0.708541 0.568719
vn 0.255748 0.855550 0.450142
vn 0.195958 0.943333 0.267813
vn 0.338845 0.840172 0.423432
vn -0.136292 -0.089884 0.986583
vn -0.378699 -0.694951 0.611253
vn 0.074651 0.260310 0.962635
vn 0.962155 0.124276 0.242513
vn 0.468862 -0.883073 0.018720
vn 0.215186 -0.937096 0.274855
vn 0.583046 -0.432046 0.688036
vn -0.364579 -0.456496 -0.811600
vn -0.416575 -0.547722 -0.725580
vn -0.481769 0.156549 -0.862201
vn -0.412225 0.166828 -0.895678
vn -0.452302 0.571678 -0.684549
vn -0.398525 0.584436 -0.706833
vn -0.213977 0.973145 -0.084875
vn -0.273237 0.951626 -0.140536
vn -0.099199 0.965393 0.241197
vn -0.102040 0.961998 0.253275
vn 0.031832 0.817350 0.575262
vn 0.028180 0.782529 0.621976
vn 0.138738 0.591376 0.794372
vn 0.129745 0.540723 0.831135
vn 0.215437 0.185689 0.958701
vn 0.193001 0.174583 0.965542
vn -0.003824 -0.806410 0.591344
vn 0.133673 -0.435021 0.890443
vn 0.059489 -0.754862 0.653180
vn 0.174652 -0.416992 0.891972
vn -0.130751 -0.963806 0.232339
vn -0.106650 -0.957973 0.266296
vn -0.213964 -0.976800 0.008965
vn -0.207639 -0.978185 -0.006389
vn -0.284557 -0.935286 -0.210397
vn -0.269837 -0.930705 -0.246933
vn -0.329864 -0.823493 -0.461573
vn -0.319191 -0.774623 -0.545964
vn -0.190810 -0.238748 -0.952151
vn -0.175202 -0.302392 -0.936944
vn -0.156538 0.118736 -0.980509
vn -0.165058 0.099329 -0.981269
vn -0.242627 0.578925 -0.778446
vn -0.187376 0.521648 -0.832330
vn -0.174413 0.969978 -0.169476
vn -0.203076 0.973005 -0.109642
vn -0.181226 0.964754 0.190804
vn -0.145358 0.975035 0.167862
vn -0.174764 0.793311 0.583194
vn -0.155915 0.842632 0.515423
vn -0.129224 0.460909 0.877988
vn -0.140070 0.470589 0.871164
vn -0.033440 0.067767 0.997141
vn -0.100801 -0.000857 0.994906
vn -0.097041 -0.696946 0.710528
vn 0.012363 -0.339083 0.940675
vn -0.123114 -0.634217 0.763291
vn -0.087018 -0.306827 0.947779
vn -0.197668 -0.936325 0.290213
vn -0.118115 -0.912611 0.391396
vn -0.222540 -0.972948 -0.062040
vn -0.187504 -0.981828 -0.029272
vn -0.202027 -0.893828 -0.400322
vn -0.207671 -0.867487 -0.452038
vn -0.150143 -0.627373 -0.764107
vn -0.193338 -0.557219 -0.807544
vn -0.217178 -0.249576 -0.943687
vn -0.173354 0.065885 -0.982653
vn -0.144125 0.401674 -0.904371
vn -0.120778 0.937399 -0.326644
vn -0.089491 0.994727 0.050088
vn -0.093968 0.947704 0.305003
vn -0.040241 0.647342 0.761137
vn -0.004768 0.076982 0.997021
vn -0.048858 -0.715850 0.696543
vn -0.082272 -0.290690 0.953274
vn -0.075981 -0.902186 0.424603
vn -0.134642 -0.989360 -0.055130
vn -0.155557 -0.888884 -0.430916
vn -0.216596 -0.589618 -0.778098
vn -0.025275 0.374441 -0.926906
vn -0.098912 0.370918 -0.923383
vn -0.205281 0.363799 -0.908576
vn -0.323649 0.372017 -0.869974
vn -0.585016 0.428087 -0.688838
vn -0.443158 0.392296 -0.806049
vn -0.570828 0.459361 -0.680546
vn -0.674097 0.467817 -0.571613
vn -0.087224 0.518726 -0.850480
vn -0.222828 0.421947 -0.878811
vn -0.199809 0.761908 -0.616095
vn -0.155717 0.646863 -0.746539
vn -0.345667 0.817069 -0.461426
vn -0.208949 0.814496 -0.541235
vn -0.274991 0.819095 -0.503451
vn -0.414329 0.773843 -0.479060
vn -0.160067 0.953514 -0.255322
vn -0.127336 0.883706 -0.450388
vn -0.060241 0.862588 -0.502307
vn -0.101061 0.990096 0.097451
vn -0.206219 0.978089 0.028574
vn -0.221963 0.973597 -0.053306
vn -0.148974 0.987942 0.042172
vn -0.282500 0.956609 -0.071360
vn 0.289244 0.697892 0.655199
vn -0.188795 0.897144 0.399361
vn 0.692845 0.513381 0.506365
vn 0.634973 -0.046485 0.771135
vn 0.428730 0.663371 0.613295
vn 0.188258 -0.189173 0.963729
vn 0.198534 -0.178486 0.963705
vn 0.024124 -0.141871 0.989591
vn -0.086245 -0.139916 0.986400
vn -0.064194 -0.118616 0.990863
vn -0.035365 -0.022077 0.999131
vn -0.051498 0.087615 0.994823
vn -0.324042 0.264629 0.908278
vn -0.574107 0.372240 0.729273
vn -0.593748 0.373813 0.712550
vn -0.546431 0.367889 0.752376
vn -0.429304 0.387447 0.815833
vn -0.113621 0.468639 0.876053
vn -0.283576 0.426837 0.858717
vn -0.009369 0.478021 0.878298
vn -0.062983 0.126413 0.989976
vn -0.045000 0.859191 0.509672
vn -0.185374 0.921882 0.340251
vn -0.458877 0.170690 0.871950
vn -0.339257 0.934670 0.106286
vn -0.402929 0.915208 0.006503
vn -0.950917 0.197717 0.238045
vn -0.988984 0.147360 0.013967
vn -0.362086 0.926795 -0.099726
vn -0.199097 0.938573 -0.281854
vn -0.958568 0.188713 -0.213387
vn -0.512230 0.371394 -0.774395
vn -0.055006 0.901457 -0.429360
vn -0.089976 0.400236 -0.911984
vn -0.414922 -0.337541 0.844930
vn -0.889995 -0.389639 0.236836
vn -0.942219 -0.334195 -0.023176
vn -0.925097 -0.266908 -0.270104
vn -0.522171 0.013598 -0.852732
vn -0.094092 0.178511 -0.979429
vn -0.056956 -0.229781 0.971574
vn -0.892270 -0.365502 0.265070
vn -0.611109 -0.771224 -0.178208
vn -0.587987 -0.502271 -0.634031
vn -0.650666 -0.157155 -0.742924
vn -0.751769 0.289753 -0.592358
vn -0.819137 0.569434 0.068996
vn -0.938876 0.045142 0.341284
vn -0.949009 -0.139037 0.282932
vn -0.150304 -0.165492 0.974690
vn 0.454054 0.111614 -0.883955
vn -0.251720 -0.967581 -0.020599
vn -0.343999 0.733114 0.586692
vn -0.695994 0.258770 0.669799
vn -0.637835 -0.568448 0.519648
vn -0.170530 -0.958435 0.228740
vn 0.541204 -0.829939 0.135278
vn 0.916402 -0.311036 0.251921
vn 0.843167 0.361988 0.397535
vn 0.319664 0.790210 0.522860
vn 0.456468 0.751972 0.475579
vn 0.411435 0.739479 0.532815
vn 0.802508 0.293341 0.519550
vn 0.822137 -0.547529 0.155894
vn -0.429922 0.833479 0.347101
vn -0.601871 -0.795421 -0.071112
vn -0.948359 -0.311546 0.059615
vn -0.919798 0.335343 0.203755
vn 0.236110 -0.967262 -0.093036
vn -0.817678 -0.552423 0.161965
vn -0.802538 0.292531 0.519961
vn -0.417413 0.738773 0.529132
vn -0.228828 -0.969584 -0.086859
vn 0.918827 0.339284 0.201605
vn 0.947893 -0.313051 0.059145
vn 0.601405 -0.796042 -0.068039
vn 0.418519 0.840895 0.343130
vn 0.304996 -0.884429 -0.353217
vn -0.099852 -0.927852 0.359334
vn -0.218191 -0.104572 0.970287
vn 0.573099 0.684770 -0.450164
vn 0.610682 0.116947 -0.783193
vn 0.114581 0.969212 0.217941
vn -0.197409 0.522542 0.829445
vn -0.341542 -0.081643 0.936314
vn 0.478616 0.683514 0.551122
vn 0.367693 -0.724825 0.582606
vn -0.173154 0.977150 0.123267
vn -0.286317 -0.877077 -0.385692
vn -0.708073 0.098144 -0.699286
vn -0.017341 -0.999789 -0.011045
vn 0.377826 -0.844515 -0.379528
vn 0.141644 -0.989547 0.027076
vn -0.029194 -0.922241 0.385512
vn 0.529588 0.135890 -0.837300
vn 0.069904 0.989868 0.123590
vn 0.408818 0.755696 -0.511655
vn -0.358989 -0.115209 0.926204
vn -0.253906 0.615068 0.746474
vn -0.000853 -0.961661 0.274242
vn 0.307595 -0.109019 0.945251
vn 0.243409 0.598521 0.763233
vn 0.057718 0.934015 0.352541
vn -0.313040 0.778525 -0.543971
vn -0.393103 0.478396 -0.785243
vn -0.402580 0.450454 -0.796881
vn -0.424277 -0.628952 -0.651467
vn -0.128516 -0.990762 -0.043300
vn 0.143140 -0.988317 -0.052359
vn -0.050527 -0.813238 0.579734
vn 0.876476 0.113860 -0.467788
vn 0.529396 0.383740 0.756627
vn 0.309542 0.145726 -0.939653
vn 0.292645 -0.739670 -0.606010
vn 0.035189 0.997948 0.053494
vn 0.252936 0.684533 -0.683694
vn -0.256618 -0.111887 0.960015
vn -0.213270 0.536499 0.816508
vn 0.075338 -0.978368 -0.192664
vn 0.037922 -0.893240 0.447978
vn 0.966348 -0.111414 0.231860
vn 0.872642 0.242727 0.423769
vn 0.200810 0.136832 -0.970027
vn 0.156591 -0.716335 -0.679958
vn 0.057047 0.995267 0.078673
vn 0.170761 0.716334 -0.676540
vn -0.077357 -0.119641 0.989799
vn -0.062200 0.489318 0.869884
vn -0.082450 -0.996570 0.007067
vn 0.046087 -0.135299 0.989732
vn -0.006078 0.860159 0.509989
vn -0.000219 0.877650 0.479303
vn -0.913007 0.232040 0.335523
vn -0.192233 0.124207 -0.973457
vn -0.129136 0.905102 -0.405111
vn -0.124036 -0.910828 -0.393711
vn -0.128533 -0.918235 -0.374598
vn 0.104716 -0.989273 -0.101854
vn 0.081976 -0.921625 0.379324
vn 0.233020 0.035430 -0.971826
vn 0.198747 -0.796915 -0.570461
vn 0.145105 0.989263 0.017436
vn 0.240555 0.728130 -0.641841
vn 0.035921 -0.138032 0.989776
vn 0.086934 0.574391 0.813952
vn -0.231383 -0.786915 0.572038
vn -0.110485 -0.137859 0.984270
vn 0.014375 0.723564 0.690107
vn 0.056736 0.998143 -0.022176
vn -0.022000 0.778545 -0.627203
vn -0.154575 0.074703 -0.985153
vn -0.258908 -0.732844 -0.629212
vn -0.251340 -0.966280 -0.055949
vn 0.154933 -0.987221 -0.037287
vn -0.076575 -0.870051 0.486977
vn -0.294434 -0.119658 0.948151
vn -0.210289 0.658049 0.723014
vn 0.030983 0.988718 0.146552
vn 0.325837 0.812806 -0.482884
vn 0.511075 0.185446 -0.839293
vn 0.420542 -0.731629 -0.536530
vn 0.143155 -0.811566 0.566452
vn -0.149875 -0.988352 0.026428
vn -0.421964 -0.813233 -0.400748
vn 0.363687 0.641407 0.675521
vn 0.418123 -0.021084 0.908146
vn -0.135873 0.966968 -0.215666
vn 0.160517 0.961053 0.224968
vn -0.563561 0.112810 -0.818336
vn 0.188758 -0.981969 -0.010356
vn 0.032173 -0.809254 0.586577
vn -0.159041 -0.122913 0.979591
vn -0.165503 0.634961 0.754608
vn -0.034255 0.997937 0.054306
vn 0.156821 0.765954 -0.623476
vn 0.288741 0.170059 -0.942183
vn 0.327486 -0.722810 -0.608522
vn 0.063651 -0.105211 0.992411
vn -0.075475 -0.995968 0.048487
vn 0.141713 -0.965361 -0.219080
vn 0.096283 -0.854569 0.510334
vn -0.018066 -0.133848 0.990837
vn -0.042720 0.557306 0.829207
vn 0.032650 0.996052 0.082548
vn 0.129446 0.783556 -0.607687
vn 0.175464 0.145906 -0.973614
vn 0.218172 -0.684845 -0.695261
vn -0.174145 0.129618 -0.976152
vn -0.117987 0.919458 -0.375069
vn 0.236950 -0.967310 -0.090364
vn 0.208415 -0.804572 0.556083
vn 0.082907 -0.143014 0.986242
vn -0.022401 0.709306 0.704544
vn -0.043319 0.998907 0.017542
vn 0.047467 0.794780 -0.605039
vn 0.176291 0.084773 -0.980681
vn 0.256356 -0.725489 -0.638708
vn -0.184210 -0.981944 -0.043034
vn -0.258252 -0.777080 -0.573980
vn -0.170121 -0.129292 0.976905
vn -0.067650 -0.129663 0.989248
vn -0.159199 -0.889386 0.428541
vn -0.136366 0.990276 -0.027512
vn -0.104772 0.570955 0.814268
vn -0.213133 0.030362 -0.976551
vn -0.216182 0.698081 -0.682604
s 1
g KALBO KATANWAN1
usemtl aiStandardSurface1SG
f 1707/2204/1779 2172/2205/1780 2428/2206/1781 2171/2207/1782
f 2172/2205/1780 1708/2208/1783 2173/2209/1784 2428/2206/1781
f 2428/2206/1781 2173/2209/1784 1711/2210/1785 2174/2211/1786
f 2171/2207/1782 2428/2206/1781 2174/2211/1786 1710/2212/1787
f 1708/2208/1783 2175/2213/1788 2429/2214/1789 2173/2209/1784
f 2175/2213/1788 1709/2215/1790 2176/2216/1791 2429/2214/1789
f 2429/2214/1789 2176/2216/1791 1712/2217/1792 2177/2218/1793
f 2173/2209/1784 2429/2214/1789 2177/2218/1793 1711/2210/1785
f 1767/2219/1794 2179/2220/1795 2430/2221/1796 2178/2222/1797
f 2179/2220/1795 1769/2223/1798 2180/2224/1799 2430/2221/1796
f 2430/2221/1796 2180/2224/1799 1770/2225/1800 2181/2226/1801
f 2178/2222/1797 2430/2221/1796 2181/2226/1801 1768/2227/1802
f 1711/2210/1785 2177/2218/1793 2431/2228/1803 2184/2229/1804
f 2177/2218/1793 1712/2217/1792 2182/2230/1805 2431/2228/1803
f 2431/2228/1803 2182/2230/1805 1715/2231/1806 2183/2232/1807
f 2184/2229/1804 2431/2228/1803 2183/2232/1807 1714/2233/1808
f 1713/2234/1809 2186/2235/1810 2432/2236/1811 2185/2237/1812
f 2186/2235/1810 1714/2233/1808 2187/2238/1813 2432/2236/1811
f 2432/2236/1811 2187/2238/1813 1717/2239/1814 2188/2240/1815
f 2185/2237/1812 2432/2236/1811 2188/2240/1815 1716/2241/1816
f 1714/2233/1808 2183/2232/1807 2433/2242/1817 2187/2238/1813
f 2183/2232/1807 1715/2231/1806 2189/2243/1818 2433/2242/1817
f 2433/2242/1817 2189/2243/1818 1718/2244/1819 2190/2245/1820
f 2187/2238/1813 2433/2242/1817 2190/2245/1820 1717/2239/1814
f 1716/2241/1816 2188/2240/1815 2434/2246/1821 2191/2247/1822
f 2188/2240/1815 1717/2239/1814 2192/2248/1823 2434/2246/1821
f 2434/2246/1821 2192/2248/1823 1720/2249/1824 2193/2250/1825
f 2191/2247/1822 2434/2246/1821 2193/2250/1825 1719/2251/1826
f 1717/2239/1814 2190/2245/1820 2435/2252/1827 2192/2248/1823
f 2190/2245/1820 1718/2244/1819 2194/2253/1828 2435/2252/1827
f 2435/2252/1827 2194/2253/1828 1721/2254/1829 2195/2255/1830
f 2192/2248/1823 2435/2252/1827 2195/2255/1830 1720/2249/1824
f 1719/2251/1826 2193/2250/1825 2436/2256/1831 2196/2257/1832
f 2193/2250/1825 1720/2249/1824 2197/2258/1833 2436/2256/1831
f 2436/2256/1831 2197/2258/1833 1723/2259/1834 2198/2260/1835
f 2196/2257/1832 2436/2256/1831 2198/2260/1835 1722/2261/1836
f 1720/2249/1824 2195/2255/1830 2437/2262/1837 2197/2258/1833
f 2195/2255/1830 1721/2254/1829 2199/2263/1838 2437/2262/1837
f 2437/2262/1837 2199/2263/1838 1724/2264/1839 2200/2265/1840
f 2197/2258/1833 2437/2262/1837 2200/2265/1840 1723/2259/1834
f 1722/2261/1836 2198/2260/1835 2438/2266/1841 2201/2267/1842
f 2198/2260/1835 1723/2259/1834 2202/2268/1843 2438/2266/1841
f 2438/2266/1841 2202/2268/1843 1726/2269/1844 2203/2270/1845
f 2201/2267/1842 2438/2266/1841 2203/2270/1845 1725/2271/1846
f 1723/2259/1834 2200/2265/1840 2439/2272/1847 2202/2268/1843
f 2200/2265/1840 1724/2264/1839 2204/2273/1848 2439/2272/1847
f 2439/2272/1847 2204/2273/1848 1727/2274/1849 2205/2275/1850
f 2202/2268/1843 2439/2272/1847 2205/2275/1850 1726/2269/1844
f 1725/2276/1846 2203/2277/1845 2440/2278/1851 2206/2279/1852
f 2203/2277/1845 1726/2280/1844 2207/2281/1853 2440/2278/1851
f 2440/2278/1851 2207/2281/1853 1729/2282/1854 2208/2283/1855
f 2206/2279/1852 2440/2278/1851 2208/2283/1855 1728/2284/1856
f 1726/2280/1844 2205/2285/1850 2441/2286/1857 2207/2281/1853
f 2205/2285/1850 1727/2287/1849 2209/2288/1858 2441/2286/1857
f 2441/2286/1857 2209/2288/1858 1730/2289/1859 2210/2290/1860
f 2207/2281/1853 2441/2286/1857 2210/2290/1860 1729/2282/1854
f 1728/2284/1856 2208/2283/1855 2442/2291/1861 2211/2292/1862
f 2208/2283/1855 1729/2282/1854 2212/2293/1863 2442/2291/1861
f 2442/2291/1861 2212/2293/1863 1732/2294/1864 2213/2295/1865
f 2211/2292/1862 2442/2291/1861 2213/2295/1865 1731/2296/1866
f 1729/2282/1854 2210/2290/1860 2443/2297/1867 2212/2293/1863
f 2210/2290/1860 1730/2289/1859 2214/2298/1868 2443/2297/1867
f 2443/2297/1867 2214/2298/1868 1733/2299/1869 2215/2300/1870
f 2212/2293/1863 2443/2297/1867 2215/2300/1870 1732/2294/1864
f 1731/2296/1866 2213/2295/1865 2444/2301/1871 2216/2302/1872
f 2213/2295/1865 1732/2294/1864 2217/2303/1873 2444/2301/1871
f 2444/2301/1871 2217/2303/1873 1735/2304/1874 2218/2305/1875
f 2216/2302/1872 2444/2301/1871 2218/2305/1875 1734/2306/1876
f 1732/2294/1864 2215/2300/1870 2445/2307/1877 2217/2303/1873
f 2215/2300/1870 1733/2299/1869 2219/2308/1878 2445/2307/1877
f 2445/2307/1877 2219/2308/1878 1736/2309/1879 2220/2310/1880
f 2217/2303/1873 2445/2307/1877 2220/2310/1880 1735/2304/1874
f 1734/2306/1876 2218/2305/1875 2446/2311/1881 2221/2312/1882
f 2218/2305/1875 1735/2304/1874 2222/2313/1883 2446/2311/1881
f 2446/2311/1881 2222/2313/1883 1738/2314/1884 2223/2315/1885
f 2221/2312/1882 2446/2311/1881 2223/2315/1885 1737/2316/1886
f 1735/2304/1874 2220/2310/1880 2447/2317/1887 2222/2313/1883
f 2220/2310/1880 1736/2309/1879 2224/2318/1888 2447/2317/1887
f 2447/2317/1887 2224/2318/1888 1739/2319/1889 2225/2320/1890
f 2222/2313/1883 2447/2317/1887 2225/2320/1890 1738/2314/1884
f 1737/2316/1886 2223/2315/1885 2448/2321/1891 2226/2322/1892
f 2223/2315/1885 1738/2314/1884 2227/2323/1893 2448/2321/1891
f 2448/2321/1891 2227/2323/1893 1741/2324/1894 2228/2325/1895
f 2226/2322/1892 2448/2321/1891 2228/2325/1895 1740/2326/1896
f 1738/2314/1884 2225/2320/1890 2449/2327/1897 2227/2323/1893
f 2225/2320/1890 1739/2319/1889 2229/2328/1898 2449/2327/1897
f 2449/2327/1897 2229/2328/1898 1742/2329/1899 2230/2330/1900
f 2227/2323/1893 2449/2327/1897 2230/2330/1900 1741/2324/1894
f 1740/2326/1896 2228/2325/1895 2450/2331/1901 2231/2332/1902
f 2228/2325/1895 1741/2324/1894 2232/2333/1903 2450/2331/1901
f 2450/2331/1901 2232/2333/1903 1744/2334/1904 2233/2335/1905
f 2231/2332/1902 2450/2331/1901 2233/2335/1905 1743/2336/1906
f 1741/2324/1894 2230/2330/1900 2451/2337/1907 2232/2333/1903
f 2230/2330/1900 1742/2329/1899 2234/2338/1908 2451/2337/1907
f 2451/2337/1907 2234/2338/1908 1745/2339/1909 2235/2340/1910
f 2232/2333/1903 2451/2337/1907 2235/2340/1910 1744/2334/1904
f 1743/2336/1906 2233/2335/1905 2452/2341/1911 2236/2342/1912
f 2233/2335/1905 1744/2334/1904 2237/2343/1913 2452/2341/1911
f 2452/2341/1911 2237/2343/1913 1747/2344/1914 2238/2345/1915
f 2236/2342/1912 2452/2341/1911 2238/2345/1915 1746/2346/1916
f 1744/2334/1904 2235/2340/1910 2453/2347/1917 2237/2343/1913
f 2235/2340/1910 1745/2339/1909 2239/2348/1918 2453/2347/1917
f 2453/2347/1917 2239/2348/1918 1748/2349/1919 2240/2350/1920
f 2237/2343/1913 2453/2347/1917 2240/2350/1920 1747/2344/1914
f 1747/2344/1914 2240/2350/1920 2454/2351/1921 2243/2352/1922
f 2240/2350/1920 1748/2349/1919 2241/2353/1923 2454/2351/1921
f 2454/2351/1921 2241/2353/1923 1750/2354/1924 2242/2355/1925
f 2243/2352/1922 2454/2351/1921 2242/2355/1925 1749/2356/1926
f 1749/2357/1926 2242/2358/1925 2455/2359/1927 2246/2360/1928
f 2242/2358/1925 1750/2361/1924 2244/2362/1929 2455/2359/1927
f 2455/2359/1927 2244/2362/1929 1753/2363/1930 2245/2364/1931
f 2246/2360/1928 2455/2359/1927 2245/2364/1931 1752/2365/1932
f 1751/2366/1933 2248/2367/1934 2456/2368/1935 2247/2369/1936
f 2248/2367/1934 1752/2365/1932 2249/2370/1937 2456/2368/1935
f 2456/2368/1935 2249/2370/1937 1708/2208/1783 2172/2205/1780
f 2247/2369/1936 2456/2368/1935 2172/2205/1780 1707/2204/1779
f 1752/2365/1932 2245/2364/1931 2457/2371/1938 2249/2370/1937
f 2245/2364/1931 1753/2363/1930 2250/2372/1939 2457/2371/1938
f 2457/2371/1938 2250/2372/1939 1709/2215/1790 2175/2213/1788
f 2249/2370/1937 2457/2371/1938 2175/2213/1788 1708/2208/1783
f 1748/2349/1919 2239/2348/1918 2458/2373/1940 2252/2374/1941
f 2239/2348/1918 1745/2339/1909 2234/2338/1908 2458/2373/1940
f 2458/2373/1940 2234/2338/1908 1742/2329/1899 2251/2375/1942
f 2252/2374/1941 2458/2373/1940 2251/2375/1942 1754/2376/1943
f 1750/2354/1924 2241/2353/1923 2459/2377/1944 2254/2378/1945
f 2241/2353/1923 1748/2349/1919 2252/2374/1941 2459/2377/1944
f 2459/2377/1944 2252/2374/1941 1754/2376/1943 2253/2379/1946
f 2254/2378/1945 2459/2377/1944 2253/2379/1946 1755/2380/1947
f 1753/2363/1930 2244/2362/1929 2460/2381/1948 2256/2382/1949
f 2244/2362/1929 1750/2361/1924 2254/2383/1945 2460/2381/1948
f 2460/2381/1948 2254/2383/1945 1755/2384/1947 2255/2385/1950
f 2256/2382/1949 2460/2381/1948 2255/2385/1950 1756/2386/1951
f 1709/2215/1790 2250/2372/1939 2461/2387/1952 2176/2216/1791
f 2250/2372/1939 1753/2363/1930 2256/2382/1949 2461/2387/1952
f 2461/2387/1952 2256/2382/1949 1756/2386/1951 2257/2388/1953
f 2176/2216/1791 2461/2387/1952 2257/2388/1953 1712/2217/1792
f 1754/2376/1943 2251/2375/1942 2462/2389/1954 2259/2390/1955
f 2251/2375/1942 1742/2329/1899 2229/2328/1898 2462/2389/1954
f 2462/2389/1954 2229/2328/1898 1739/2319/1889 2258/2391/1956
f 2259/2390/1955 2462/2389/1954 2258/2391/1956 1757/2392/1957
f 1952/2393/1958 2260/2394/1959 2463/2395/1960 2263/2396/1961
f 2260/2394/1959 1951/2397/1962 2261/2398/1963 2463/2395/1960
f 2463/2395/1960 2261/2398/1963 1953/2399/1964 2262/2400/1965
f 2263/2396/1961 2463/2395/1960 2262/2400/1965 1954/2401/1966
f 1756/2386/1951 2255/2385/1950 2464/2402/1967 2266/2403/1968
f 2255/2385/1950 1755/2384/1947 2264/2404/1969 2464/2402/1967
f 2464/2402/1967 2264/2404/1969 1758/2405/1970 2265/2406/1971
f 2266/2403/1968 2464/2402/1967 2265/2406/1971 1759/2407/1972
f 1712/2217/1792 2257/2388/1953 2465/2408/1973 2182/2230/1805
f 2257/2388/1953 1756/2386/1951 2266/2403/1968 2465/2408/1973
f 2465/2408/1973 2266/2403/1968 1759/2407/1972 2267/2409/1974
f 2182/2230/1805 2465/2408/1973 2267/2409/1974 1715/2231/1806
f 1757/2392/1957 2258/2391/1956 2466/2410/1975 2269/2411/1976
f 2258/2391/1956 1739/2319/1889 2224/2318/1888 2466/2410/1975
f 2466/2410/1975 2224/2318/1888 1736/2309/1879 2268/2412/1977
f 2269/2411/1976 2466/2410/1975 2268/2412/1977 1760/2413/1978
f 1758/2414/1970 2270/2415/1979 2467/2416/1980 2272/2417/1981
f 2270/2415/1979 1757/2392/1957 2269/2411/1976 2467/2416/1980
f 2467/2416/1980 2269/2411/1976 1760/2413/1978 2271/2418/1982
f 2272/2417/1981 2467/2416/1980 2271/2418/1982 1761/2419/1983
f 1759/2407/1972 2265/2406/1971 2468/2420/1984 2274/2421/1985
f 2265/2406/1971 1758/2405/1970 2272/2422/1981 2468/2420/1984
f 2468/2420/1984 2272/2422/1981 1761/2423/1983 2273/2424/1986
f 2274/2421/1985 2468/2420/1984 2273/2424/1986 1762/2425/1987
f 1715/2231/1806 2267/2409/1974 2469/2426/1988 2189/2243/1818
f 2267/2409/1974 1759/2407/1972 2274/2421/1985 2469/2426/1988
f 2469/2426/1988 2274/2421/1985 1762/2425/1987 2275/2427/1989
f 2189/2243/1818 2469/2426/1988 2275/2427/1989 1718/2244/1819
f 1760/2413/1978 2268/2412/1977 2470/2428/1990 2276/2429/1991
f 2268/2412/1977 1736/2309/1879 2219/2308/1878 2470/2428/1990
f 2470/2428/1990 2219/2308/1878 1733/2299/1869 2214/2298/1868
f 2276/2429/1991 2470/2428/1990 2214/2298/1868 1730/2289/1859
f 1761/2419/1983 2271/2418/1982 2471/2430/1992 2277/2431/1993
f 2271/2418/1982 1760/2413/1978 2276/2429/1991 2471/2430/1992
f 2471/2430/1992 2276/2429/1991 1730/2289/1859 2209/2288/1858
f 2277/2431/1993 2471/2430/1992 2209/2288/1858 1727/2287/1849
f 1762/2425/1987 2273/2424/1986 2472/2432/1994 2278/2433/1995
f 2273/2424/1986 1761/2423/1983 2277/2434/1993 2472/2432/1994
f 2472/2432/1994 2277/2434/1993 1727/2274/1849 2204/2273/1848
f 2278/2433/1995 2472/2432/1994 2204/2273/1848 1724/2264/1839
f 1718/2244/1819 2275/2427/1989 2473/2435/1996 2194/2253/1828
f 2275/2427/1989 1762/2425/1987 2278/2433/1995 2473/2435/1996
f 2473/2435/1996 2278/2433/1995 1724/2264/1839 2199/2263/1838
f 2194/2253/1828 2473/2435/1996 2199/2263/1838 1721/2254/1829
f 1710/2212/1787 2174/2211/1786 2474/2436/1997 2279/2437/1998
f 2174/2211/1786 1711/2210/1785 2281/2438/1999 2474/2436/1997
f 2474/2436/1997 2281/2438/1999 1765/2439/2000 2282/2440/2001
f 2279/2437/1998 2474/2436/1997 2282/2440/2001 1763/2441/2002
f 1711/2210/1785 2184/2229/1804 2475/2442/2003 2281/2438/1999
f 2184/2229/1804 1714/2233/1808 2283/2443/2004 2475/2442/2003
f 2475/2442/2003 2283/2443/2004 1766/2444/2005 2284/2445/2006
f 2281/2438/1999 2475/2442/2003 2284/2445/2006 1765/2439/2000
f 1714/2233/1808 2186/2235/1810 2476/2446/2007 2283/2443/2004
f 2186/2235/1810 1713/2234/1809 2280/2447/2008 2476/2446/2007
f 2476/2446/2007 2280/2447/2008 1764/2448/2009 2285/2449/2010
f 2283/2443/2004 2476/2446/2007 2285/2449/2010 1766/2444/2005
f 1763/2441/2002 2282/2440/2001 2477/2450/2011 2286/2451/2012
f 2282/2440/2001 1765/2439/2000 2288/2452/2013 2477/2450/2011
f 2477/2450/2011 2288/2452/2013 1769/2223/1798 2179/2220/1795
f 2286/2451/2012 2477/2450/2011 2179/2220/1795 1767/2219/1794
f 1765/2439/2000 2284/2445/2006 2478/2453/2014 2288/2452/2013
f 2284/2445/2006 1766/2444/2005 2289/2454/2015 2478/2453/2014
f 2478/2453/2014 2289/2454/2015 1770/2225/1800 2180/2224/1799
f 2288/2452/2013 2478/2453/2014 2180/2224/1799 1769/2223/1798
f 1766/2444/2005 2285/2449/2010 2479/2455/2016 2289/2454/2015
f 2285/2449/2010 1764/2448/2009 2287/2456/2017 2479/2455/2016
f 2479/2455/2016 2287/2456/2017 1768/2227/1802 2181/2226/1801
f 2289/2454/2015 2479/2455/2016 2181/2226/1801 1770/2225/1800
f 1746/2346/1916 2238/2345/1915 2480/2457/2018 2290/2458/2019
f 2238/2345/1915 1747/2344/1914 2291/2459/2020 2480/2457/2018
f 2480/2457/2018 2291/2459/2020 1772/2460/2021 2292/2461/2022
f 2290/2458/2019 2480/2457/2018 2292/2461/2022 1771/2462/2023
f 1747/2344/1914 2243/2352/1922 2481/2463/2024 2291/2459/2020
f 2243/2352/1922 1749/2356/1926 2293/2464/2025 2481/2463/2024
f 2481/2463/2024 2293/2464/2025 1773/2465/2026 2294/2466/2027
f 2291/2459/2020 2481/2463/2024 2294/2466/2027 1772/2460/2021
f 1749/2357/1926 2246/2360/1928 2482/2467/2028 2293/2468/2025
f 2246/2360/1928 1752/2365/1932 2296/2469/2029 2482/2467/2028
f 2482/2467/2028 2296/2469/2029 1775/2470/2030 2297/2471/2031
f 2293/2468/2025 2482/2467/2028 2297/2471/2031 1773/2472/2026
f 1752/2365/1932 2248/2367/1934 2483/2473/2032 2296/2469/2029
f 2248/2367/1934 1751/2366/1933 2295/2474/2033 2483/2473/2032
f 2483/2473/2032 2295/2474/2033 1774/2475/2034 2298/2476/2035
f 2296/2469/2029 2483/2473/2032 2298/2476/2035 1775/2470/2030
f 1771/2462/2023 2292/2461/2022 2484/2477/2036 2299/2478/2037
f 2292/2461/2022 1772/2460/2021 2300/2479/2038 2484/2477/2036
f 2484/2477/2036 2300/2479/2038 1777/2480/2039 2301/2481/2040
f 2299/2478/2037 2484/2477/2036 2301/2481/2040 1776/2482/2041
f 1772/2460/2021 2294/2466/2027 2485/2483/2042 2300/2479/2038
f 2294/2466/2027 1773/2465/2026 2302/2484/2043 2485/2483/2042
f 2485/2483/2042 2302/2484/2043 1778/2485/2044 2303/2486/2045
f 2300/2479/2038 2485/2483/2042 2303/2486/2045 1777/2480/2039
f 1773/2472/2026 2297/2471/2031 2486/2487/2046 2302/2488/2043
f 2297/2471/2031 1775/2470/2030 2305/2489/2047 2486/2487/2046
f 2486/2487/2046 2305/2489/2047 1780/2490/2048 2306/2491/2049
f 2302/2488/2043 2486/2487/2046 2306/2491/2049 1778/2492/2044
f 1775/2470/2030 2298/2476/2035 2487/2493/2050 2305/2489/2047
f 2298/2476/2035 1774/2475/2034 2304/2494/2051 2487/2493/2050
f 2487/2493/2050 2304/2494/2051 1779/2495/2052 2307/2496/2053
f 2305/2489/2047 2487/2493/2050 2307/2496/2053 1780/2490/2048
f 1944/2497/2054 2308/2498/2055 2488/2499/2056 2311/2500/2057
f 2308/2498/2055 1943/2501/2058 2309/2502/2059 2488/2499/2056
f 2488/2499/2056 2309/2502/2059 1781/2503/2060 2310/2504/2061
f 2311/2500/2057 2488/2499/2056 2310/2504/2061 1821/2505/2062
f 1781/2503/2060 2312/2506/2063 2489/2507/2064 2310/2504/2061
f 2312/2506/2063 1832/2508/2065 2313/2509/2066 2489/2507/2064
f 2489/2507/2064 2313/2509/2066 1833/2510/2067 2314/2511/2068
f 2310/2504/2061 2489/2507/2064 2314/2511/2068 1821/2505/2062
f 1946/2512/2069 2315/2513/2070 2490/2514/2071 2318/2515/2072
f 2315/2513/2070 1945/2516/2073 2316/2517/2074 2490/2514/2071
f 2490/2514/2071 2316/2517/2074 1783/2518/2075 2317/2519/2076
f 2318/2515/2072 2490/2514/2071 2317/2519/2076 1785/2520/2077
f 1783/2518/2075 2319/2521/2078 2491/2522/2079 2317/2519/2076
f 2319/2521/2078 1834/2523/2080 2320/2524/2081 2491/2522/2079
f 2491/2522/2079 2320/2524/2081 1835/2525/2082 2321/2526/2083
f 2317/2519/2076 2491/2522/2079 2321/2526/2083 1785/2520/2077
f 1947/2527/2084 2322/2528/2085 2492/2529/2086 2324/2530/2087
f 2322/2528/2085 1946/2512/2069 2318/2515/2072 2492/2529/2086
f 2492/2529/2086 2318/2515/2072 1785/2520/2077 2323/2531/2088
f 2324/2530/2087 2492/2529/2086 2323/2531/2088 1928/2532/2089
f 1785/2520/2077 2321/2526/2083 2493/2533/2090 2323/2531/2088
f 2321/2526/2083 1835/2525/2082 2325/2534/2091 2493/2533/2090
f 2493/2533/2090 2325/2534/2091 1927/2535/2092 2326/2536/2093
f 2323/2531/2088 2493/2533/2090 2326/2536/2093 1928/2532/2089
f 1949/2537/2094 2327/2538/2095 2494/2539/2096 2330/2540/2097
f 2327/2538/2095 1948/2541/2098 2328/2542/2099 2494/2539/2096
f 2494/2539/2096 2328/2542/2099 1787/2543/2100 2329/2544/2101
f 2330/2540/2097 2494/2539/2096 2329/2544/2101 1789/2545/2102
f 1787/2543/2100 2331/2546/2103 2495/2547/2104 2329/2544/2101
f 2331/2546/2103 1836/2548/2105 2332/2549/2106 2495/2547/2104
f 2495/2547/2104 2332/2549/2106 1837/2550/2107 2333/2551/2108
f 2329/2544/2101 2495/2547/2104 2333/2551/2108 1789/2545/2102
f 1789/2545/2102 2333/2551/2108 2496/2552/2109 2336/2553/2110
f 2333/2551/2108 1837/2550/2107 2334/2554/2111 2496/2552/2109
f 2496/2552/2109 2334/2554/2111 1838/2555/2112 2335/2556/2113
f 2336/2553/2110 2496/2552/2109 2335/2556/2113 1791/2557/2114
f 1791/2558/2114 2335/2559/2113 2497/2560/2115 2339/2561/2116
f 2335/2559/2113 1838/2562/2112 2337/2563/2117 2497/2560/2115
f 2497/2560/2115 2337/2563/2117 1839/2564/2118 2338/2565/2119
f 2339/2561/2116 2497/2560/2115 2338/2565/2119 1793/2566/2120
f 1934/2567/2121 2340/2568/2122 2498/2569/2123 2343/2570/2124
f 2340/2568/2122 1933/2571/2125 2341/2572/2126 2498/2569/2123
f 2498/2569/2123 2341/2572/2126 1793/2566/2120 2342/2573/2127
f 2343/2570/2124 2498/2569/2123 2342/2573/2127 1795/2574/2128
f 1793/2566/2120 2338/2565/2119 2499/2575/2129 2342/2573/2127
f 2338/2565/2119 1839/2564/2118 2344/2576/2130 2499/2575/2129
f 2499/2575/2129 2344/2576/2130 1840/2577/2131 2345/2578/2132
f 2342/2573/2127 2499/2575/2129 2345/2578/2132 1795/2574/2128
f 1936/2579/2133 2346/2580/2134 2500/2581/2135 2349/2582/2136
f 2346/2580/2134 1935/2583/2137 2347/2584/2138 2500/2581/2135
f 2500/2581/2135 2347/2584/2138 1910/2585/2139 2348/2586/2140
f 2349/2582/2136 2500/2581/2135 2348/2586/2140 1797/2587/2141
f 1910/2585/2139 2350/2588/2142 2501/2589/2143 2348/2586/2140
f 2350/2588/2142 1911/2590/2144 2351/2591/2145 2501/2589/2143
f 2501/2589/2143 2351/2591/2145 1841/2592/2146 2352/2593/2147
f 2348/2586/2140 2501/2589/2143 2352/2593/2147 1797/2587/2141
f 1937/2594/2148 2353/2595/2149 2502/2596/2150 2355/2597/2151
f 2353/2595/2149 1936/2579/2133 2349/2582/2136 2502/2596/2150
f 2502/2596/2150 2349/2582/2136 1797/2587/2141 2354/2598/2152
f 2355/2597/2151 2502/2596/2150 2354/2598/2152 1799/2599/2153
f 1797/2587/2141 2352/2593/2147 2503/2600/2154 2354/2598/2152
f 2352/2593/2147 1841/2592/2146 2356/2601/2155 2503/2600/2154
f 2503/2600/2154 2356/2601/2155 1842/2602/2156 2357/2603/2157
f 2354/2598/2152 2503/2600/2154 2357/2603/2157 1799/2599/2153
f 1939/2604/2158 2358/2605/2159 2504/2606/2160 2361/2607/2161
f 2358/2605/2159 1938/2608/2162 2359/2609/2163 2504/2606/2160
f 2504/2606/2160 2359/2609/2163 1815/2610/2164 2360/2611/2165
f 2361/2607/2161 2504/2606/2160 2360/2611/2165 1801/2612/2166
f 1815/2610/2164 2362/2613/2167 2505/2614/2168 2360/2611/2165
f 2362/2613/2167 1843/2615/2169 2363/2616/2170 2505/2614/2168
f 2505/2614/2168 2363/2616/2170 1844/2617/2171 2364/2618/2172
f 2360/2611/2165 2505/2614/2168 2364/2618/2172 1801/2612/2166
f 1940/2619/2173 2365/2620/2174 2506/2621/2175 2367/2622/2176
f 2365/2620/2174 1939/2604/2158 2361/2607/2161 2506/2621/2175
f 2506/2621/2175 2361/2607/2161 1801/2612/2166 2366/2623/2177
f 2367/2622/2176 2506/2621/2175 2366/2623/2177 1803/2624/2178
f 1822/2625/2179 2368/2626/2180 2507/2627/2181 2371/2628/2182
f 2368/2626/2180 1845/2629/2183 2369/2630/2184 2507/2627/2181
f 2507/2627/2181 2369/2630/2184 1846/2631/2185 2370/2632/2186
f 2371/2628/2182 2507/2627/2181 2370/2632/2186 1825/2633/2187
f 1941/2634/2188 2372/2635/2189 2508/2636/2190 2374/2637/2191
f 2372/2635/2189 1940/2619/2173 2367/2622/2176 2508/2636/2190
f 2508/2636/2190 2367/2622/2176 1803/2624/2178 2373/2638/2192
f 2374/2637/2191 2508/2636/2190 2373/2638/2192 1805/2639/2193
f 1825/2633/2187 2370/2632/2186 2509/2640/2194 2377/2641/2195
f 2370/2632/2186 1846/2631/2185 2375/2642/2196 2509/2640/2194
f 2509/2640/2194 2375/2642/2196 1847/2643/2197 2376/2644/2198
f 2377/2641/2195 2509/2640/2194 2376/2644/2198 1827/2645/2199
f 1942/2646/2200 2378/2647/2201 2510/2648/2202 2380/2649/2203
f 2378/2647/2201 1941/2650/2188 2374/2651/2191 2510/2648/2202
f 2510/2648/2202 2374/2651/2191 1805/2652/2193 2379/2653/2204
f 2380/2649/2203 2510/2648/2202 2379/2653/2204 1807/2654/2205
f 1827/2655/2199 2376/2656/2198 2511/2657/2206 2383/2658/2207
f 2376/2656/2198 1847/2659/2197 2381/2660/2208 2511/2657/2206
f 2511/2657/2206 2381/2660/2208 1848/2661/2209 2382/2662/2210
f 2383/2658/2207 2511/2657/2206 2382/2662/2210 1829/2663/2211
f 1943/2501/2058 2384/2664/2212 2512/2665/2213 2309/2502/2059
f 2384/2664/2212 1942/2646/2200 2380/2649/2203 2512/2665/2213
f 2512/2665/2213 2380/2649/2203 1807/2654/2205 2385/2666/2214
f 2309/2502/2059 2512/2665/2213 2385/2666/2214 1781/2503/2060
f 1829/2663/2211 2382/2662/2210 2513/2667/2215 2388/2668/2216
f 2382/2662/2210 1848/2661/2209 2386/2669/2217 2513/2667/2215
f 2513/2667/2215 2386/2669/2217 1849/2670/2218 2387/2671/2219
f 2388/2668/2216 2513/2667/2215 2387/2671/2219 1831/2672/2220
f 1804/2673/2221 2389/2674/2222 2514/2675/2223 2392/2676/2224
f 2389/2674/2222 1802/2677/2225 2390/2678/2226 2514/2675/2223
f 2514/2675/2223 2390/2678/2226 1816/2679/2227 2391/2680/2228
f 2392/2676/2224 2514/2675/2223 2391/2680/2228 1817/2681/2229
f 1806/2682/2230 2393/2683/2231 2515/2684/2232 2395/2685/2233
f 2393/2683/2231 1804/2673/2221 2392/2676/2224 2515/2684/2232
f 2515/2684/2232 2392/2676/2224 1817/2681/2229 2394/2686/2234
f 2395/2685/2233 2515/2684/2232 2394/2686/2234 1818/2687/2235
f 1808/2688/2236 2396/2689/2237 2516/2690/2238 2398/2691/2239
f 2396/2689/2237 1806/2692/2230 2395/2693/2233 2516/2690/2238
f 2516/2690/2238 2395/2693/2233 1818/2694/2235 2397/2695/2240
f 2398/2691/2239 2516/2690/2238 2397/2695/2240 1819/2696/2241
f 1782/2697/2242 2399/2698/2243 2517/2699/2244 2401/2700/2245
f 2399/2698/2243 1808/2688/2236 2398/2691/2239 2517/2699/2244
f 2517/2699/2244 2398/2691/2239 1819/2696/2241 2400/2701/2246
f 2401/2700/2245 2517/2699/2244 2400/2701/2246 1820/2702/2247
f 1809/2703/2248 2402/2704/2249 2518/2705/2250 2405/2706/2251
f 2402/2704/2249 1800/2707/2252 2403/2708/2253 2518/2705/2250
f 2518/2705/2250 2403/2708/2253 1798/2709/2254 2404/2710/2255
f 2405/2706/2251 2518/2705/2250 2404/2710/2255 1812/2711/2256
f 1810/2712/2257 2406/2713/2258 2519/2714/2259 2408/2715/2260
f 2406/2713/2258 1809/2703/2248 2405/2706/2251 2519/2714/2259
f 2519/2714/2259 2405/2706/2251 1812/2711/2256 2407/2716/2261
f 2408/2715/2260 2519/2714/2259 2407/2716/2261 1813/2717/2262
f 1811/2718/2263 2409/2719/2264 2520/2720/2265 2411/2721/2266
f 2409/2719/2264 1810/2722/2257 2408/2723/2260 2520/2720/2265
f 2520/2720/2265 2408/2723/2260 1813/2724/2262 2410/2725/2267
f 2411/2721/2266 2520/2720/2265 2410/2725/2267 1814/2726/2268
f 1784/2727/2269 2412/2728/2270 2521/2729/2271 2414/2730/2272
f 2412/2728/2270 1811/2718/2263 2411/2721/2266 2521/2729/2271
f 2521/2729/2271 2411/2721/2266 1814/2726/2268 2413/2731/2273
f 2414/2730/2272 2521/2729/2271 2413/2731/2273 1786/2732/2274
f 1812/2711/2256 2404/2710/2255 2522/2733/2275 2417/2734/2276
f 2404/2710/2255 1798/2709/2254 2415/2735/2277 2522/2733/2275
f 2522/2733/2275 2415/2735/2277 1912/2736/2278 2416/2737/2279
f 2417/2734/2276 2522/2733/2275 2416/2737/2279 1913/2738/2280
f 1887/2739/2281 2418/2740/2282 2523/2741/2283 3734/4471/2284 2421/2742/2285
f 2418/2740/2282 1886/2743/2286 2419/2744/2287 3758/4495/2288 2523/2741/2283
f 3584/4316/2289 3761/4498/2290 3583/4317/2291 3753/4490/2292 3585/4318/2293 3745/4482/2294 3586/4319/2295 3769/4506/2296
f 3576/4308/2297 3737/4474/2298 3575/4309/2299 3729/4466/2300 3577/4310/2301 3719/4454/2302 3578/4311/2303 3740/4477/2304
f 1890/2748/2305 2422/2749/2306 2524/2750/2307 3710/4445/2308 2424/2751/2309
f 2422/2749/2306 1887/2752/2281 2421/2753/2285 3712/4447/2310 2524/2750/2307
f 3572/4304/2311 3715/4450/2312 3571/4305/2313 3706/4440/2314 3573/4306/2315 3697/4430/2316 3574/4307/2317 3701/4434/2318
f 3564/4296/2319 3691/4424/2320 3563/4297/2321 3685/4418/2322 3565/4298/2323 3678/4411/2324 3566/4299/2325 3671/4404/2326
f 1786/2732/2274 2413/2731/2273 2525/2757/2327 2427/2758/2328
f 2413/2731/2273 1814/2726/2268 2425/2759/2329 2525/2757/2327
f 2525/2757/2327 2425/2759/2329 1925/2760/2330 2426/2761/2331
f 2427/2758/2328 2525/2757/2327 2426/2761/2331 1926/2762/2332
f 1938/2608/2162 1955/2763/2333 2526/2764/2334 2359/2609/2163
f 1955/2763/2333 1937/2594/2148 2355/2597/2151 2526/2764/2334
f 2526/2764/2334 2355/2597/2151 1799/2599/2153 1956/2765/2335
f 2359/2609/2163 2526/2764/2334 1956/2765/2335 1815/2610/2164
f 1799/2599/2153 2357/2603/2157 2527/2766/2336 1956/2765/2335
f 2357/2603/2157 1842/2602/2156 1957/2767/2337 2527/2766/2336
f 2527/2766/2336 1957/2767/2337 1843/2615/2169 2362/2613/2167
f 1956/2765/2335 2527/2766/2336 2362/2613/2167 1815/2610/2164
f 1817/2681/2229 2391/2680/2228 2528/2768/2338 1959/2769/2339
f 2391/2680/2228 1816/2679/2227 1958/2770/2340 2528/2768/2338
f 2528/2768/2338 1958/2770/2340 1800/2707/2252 2402/2704/2249
f 1959/2769/2339 2528/2768/2338 2402/2704/2249 1809/2703/2248
f 1818/2687/2235 2394/2686/2234 2529/2771/2341 1960/2772/2342
f 2394/2686/2234 1817/2681/2229 1959/2769/2339 2529/2771/2341
f 2529/2771/2341 1959/2769/2339 1809/2703/2248 2406/2713/2258
f 1960/2772/2342 2529/2771/2341 2406/2713/2258 1810/2712/2257
f 1819/2696/2241 2397/2695/2240 2530/2773/2343 1961/2774/2344
f 2397/2695/2240 1818/2694/2235 1960/2775/2342 2530/2773/2343
f 2530/2773/2343 1960/2775/2342 1810/2722/2257 2409/2719/2264
f 1961/2774/2344 2530/2773/2343 2409/2719/2264 1811/2718/2263
f 1820/2702/2247 2400/2701/2246 2531/2776/2345 1962/2777/2346
f 2400/2701/2246 1819/2696/2241 1961/2774/2344 2531/2776/2345
f 2531/2776/2345 1961/2774/2344 1811/2718/2263 2412/2728/2270
f 1962/2777/2346 2531/2776/2345 2412/2728/2270 1784/2727/2269
f 1821/2505/2062 2314/2511/2068 2532/2778/2347 1964/2779/2348
f 2314/2511/2068 1833/2510/2067 1963/2780/2349 2532/2778/2347
f 2532/2778/2347 1963/2780/2349 1834/2523/2080 2319/2521/2078
f 1964/2779/2348 2532/2778/2347 2319/2521/2078 1783/2518/2075
f 1945/2516/2073 1965/2781/2350 2533/2782/2351 2316/2517/2074
f 1965/2781/2350 1944/2497/2054 2311/2500/2057 2533/2782/2351
f 2533/2782/2351 2311/2500/2057 1821/2505/2062 1964/2779/2348
f 2316/2517/2074 2533/2782/2351 1964/2779/2348 1783/2518/2075
f 1860/2783/2352 1966/2784/2353 2534/2785/2354 1969/2786/2355
f 1966/2784/2353 1861/2787/2356 1967/2788/2357 2534/2785/2354
f 2534/2785/2354 1967/2788/2357 1868/2789/2358 1968/2790/2359
f 1969/2786/2355 2534/2785/2354 1968/2790/2359 1869/2791/2360
f 1850/2792/2361 1970/2793/2362 2535/2794/2363 1973/2795/2364
f 1970/2793/2362 1851/2796/2365 1971/2797/2366 2535/2794/2363
f 2535/2794/2363 1971/2797/2366 1866/2798/2367 1972/2799/2368
f 1973/2795/2364 2535/2794/2363 1972/2799/2368 1867/2800/2369
f 1859/2801/2370 1974/2802/2371 2536/2803/2372 1976/2804/2373
f 1974/2802/2371 1860/2783/2352 1969/2786/2355 2536/2803/2372
f 2536/2803/2372 1969/2786/2355 1869/2791/2360 1975/2805/2374
f 1976/2804/2373 2536/2803/2372 1975/2805/2374 1870/2806/2375
f 1851/2796/2365 1977/2807/2376 2537/2808/2377 1971/2797/2366
f 1977/2807/2376 1852/2809/2378 1978/2810/2379 2537/2808/2377
f 2537/2808/2377 1978/2810/2379 1865/2811/2380 1979/2812/2381
f 1971/2797/2366 2537/2808/2377 1979/2812/2381 1866/2798/2367
f 1858/2813/2382 1980/2814/2383 2538/2815/2384 1982/2816/2385
f 1980/2814/2383 1859/2801/2370 1976/2804/2373 2538/2815/2384
f 2538/2815/2384 1976/2804/2373 1870/2806/2375 1981/2817/2386
f 1982/2816/2385 2538/2815/2384 1981/2817/2386 1871/2818/2387
f 1852/2819/2378 1983/2820/2388 2539/2821/2389 1978/2822/2379
f 1983/2820/2388 1853/2823/2390 1984/2824/2391 2539/2821/2389
f 2539/2821/2389 1984/2824/2391 1864/2825/2392 1985/2826/2393
f 1978/2822/2379 2539/2821/2389 1985/2826/2393 1865/2827/2380
f 1857/2828/2394 1986/2829/2395 2540/2830/2396 1988/2831/2397
f 1986/2829/2395 1858/2832/2382 1982/2833/2385 2540/2830/2396
f 2540/2830/2396 1982/2833/2385 1871/2834/2387 1987/2835/2398
f 1988/2831/2397 2540/2830/2396 1987/2835/2398 1872/2836/2399
f 1853/2823/2390 1989/2837/2400 2541/2838/2401 1984/2824/2391
f 1989/2837/2400 1854/2839/2402 1990/2840/2403 2541/2838/2401
f 2541/2838/2401 1990/2840/2403 1863/2841/2404 1991/2842/2405
f 1984/2824/2391 2541/2838/2401 1991/2842/2405 1864/2825/2392
f 1873/2843/2406 1992/2844/2407 2542/2845/2408 1995/2846/2409
f 1992/2844/2407 1862/2847/2410 1993/2848/2411 2542/2845/2408
f 2542/2845/2408 1993/2848/2411 1855/2849/2412 1994/2850/2413
f 1995/2846/2409 2542/2845/2408 1994/2850/2413 1856/2851/2414
f 1856/2851/2414 1996/2852/2415 2543/2853/2416 1995/2846/2409
f 1996/2852/2415 1857/2828/2394 1988/2831/2397 2543/2853/2416
f 2543/2853/2416 1988/2831/2397 1872/2836/2399 1997/2854/2417
f 1995/2846/2409 2543/2853/2416 1997/2854/2417 1873/2843/2406
f 1833/2510/2067 2313/2509/2066 2544/2855/2418 1999/2856/2419
f 2313/2509/2066 1832/2508/2065 1998/2857/2420 2544/2855/2418
f 2544/2855/2418 1998/2857/2420 1782/2697/2242 2401/2700/2245
f 1999/2856/2419 2544/2855/2418 2401/2700/2245 1820/2702/2247
f 1834/2523/2080 1963/2780/2349 2545/2858/2421 2000/2859/2422
f 1963/2780/2349 1833/2510/2067 1999/2856/2419 2545/2858/2421
f 2545/2858/2421 1999/2856/2419 1820/2702/2247 1962/2777/2346
f 2000/2859/2422 2545/2858/2421 1962/2777/2346 1784/2727/2269
f 1835/2525/2082 2320/2524/2081 2546/2860/2423 2001/2861/2424
f 2320/2524/2081 1834/2523/2080 2000/2859/2422 2546/2860/2423
f 2546/2860/2423 2000/2859/2422 1784/2727/2269 2414/2730/2272
f 2001/2861/2424 2546/2860/2423 2414/2730/2272 1786/2732/2274
f 1926/2762/2332 2002/2862/2425 2547/2863/2426 2427/2758/2328
f 2002/2862/2425 1927/2535/2092 2325/2534/2091 2547/2863/2426
f 2547/2863/2426 2325/2534/2091 1835/2525/2082 2001/2861/2424
f 2427/2758/2328 2547/2863/2426 2001/2861/2424 1786/2732/2274
f 1837/2550/2107 2332/2549/2106 2548/2864/2427 2005/2865/2428
f 2332/2549/2106 1836/2548/2105 2003/2866/2429 2548/2864/2427
f 2548/2864/2427 2003/2866/2429 1788/2867/2430 2004/2868/2431
f 2005/2865/2428 2548/2864/2427 2004/2868/2431 1790/2869/2432
f 1838/2555/2112 2334/2554/2111 2549/2870/2433 2007/2871/2434
f 2334/2554/2111 1837/2550/2107 2005/2865/2428 2549/2870/2433
f 2549/2870/2433 2005/2865/2428 1790/2869/2432 2006/2872/2435
f 2007/2871/2434 2549/2870/2433 2006/2872/2435 1792/2873/2436
f 1839/2564/2118 2337/2563/2117 2550/2874/2437 2009/2875/2438
f 2337/2563/2117 1838/2562/2112 2007/2876/2434 2550/2874/2437
f 2550/2874/2437 2007/2876/2434 1792/2877/2436 2008/2878/2439
f 2009/2875/2438 2550/2874/2437 2008/2878/2439 1794/2879/2440
f 1840/2577/2131 2344/2576/2130 2551/2880/2441 2011/2881/2442
f 2344/2576/2130 1839/2564/2118 2009/2875/2438 2551/2880/2441
f 2551/2880/2441 2009/2875/2438 1794/2879/2440 2010/2882/2443
f 2011/2881/2442 2551/2880/2441 2010/2882/2443 1796/2883/2444
f 1841/2592/2146 2351/2591/2145 2552/2884/2445 2013/2885/2446
f 2351/2591/2145 1911/2590/2144 2012/2886/2447 2552/2884/2445
f 2552/2884/2445 2012/2886/2447 1912/2736/2278 2415/2735/2277
f 2013/2885/2446 2552/2884/2445 2415/2735/2277 1798/2709/2254
f 1842/2602/2156 2356/2601/2155 2553/2887/2448 2014/2888/2449
f 2356/2601/2155 1841/2592/2146 2013/2885/2446 2553/2887/2448
f 2553/2887/2448 2013/2885/2446 1798/2709/2254 2403/2708/2253
f 2014/2888/2449 2553/2887/2448 2403/2708/2253 1800/2707/2252
f 1843/2615/2169 1957/2767/2337 2554/2889/2450 2015/2890/2451
f 1957/2767/2337 1842/2602/2156 2014/2888/2449 2554/2889/2450
f 2554/2889/2450 2014/2888/2449 1800/2707/2252 1958/2770/2340
f 2015/2890/2451 2554/2889/2450 1958/2770/2340 1816/2679/2227
f 1844/2617/2171 2363/2616/2170 2555/2891/2452 2016/2892/2453
f 2363/2616/2170 1843/2615/2169 2015/2890/2451 2555/2891/2452
f 2555/2891/2452 2015/2890/2451 1816/2679/2227 2390/2678/2226
f 2016/2892/2453 2555/2891/2452 2390/2678/2226 1802/2677/2225
f 1867/2800/2369 2017/2893/2454 2556/2894/2455 1973/2795/2364
f 2017/2893/2454 1868/2789/2358 1967/2788/2357 2556/2894/2455
f 2556/2894/2455 1967/2788/2357 1861/2787/2356 2018/2895/2456
f 1973/2795/2364 2556/2894/2455 2018/2895/2456 1850/2792/2361
f 1846/2631/2185 2369/2630/2184 2557/2896/2457 2021/2897/2458
f 2369/2630/2184 1845/2629/2183 2019/2898/2459 2557/2896/2457
f 2557/2896/2457 2019/2898/2459 1823/2899/2460 2020/2900/2461
f 2021/2897/2458 2557/2896/2457 2020/2900/2461 1824/2901/2462
f 1847/2643/2197 2375/2642/2196 2558/2902/2463 2023/2903/2464
f 2375/2642/2196 1846/2631/2185 2021/2897/2458 2558/2902/2463
f 2558/2902/2463 2021/2897/2458 1824/2901/2462 2022/2904/2465
f 2023/2903/2464 2558/2902/2463 2022/2904/2465 1826/2905/2466
f 1848/2661/2209 2381/2660/2208 2559/2906/2467 2025/2907/2468
f 2381/2660/2208 1847/2659/2197 2023/2908/2464 2559/2906/2467
f 2559/2906/2467 2023/2908/2464 1826/2909/2466 2024/2910/2469
f 2025/2907/2468 2559/2906/2467 2024/2910/2469 1828/2911/2470
f 1849/2670/2218 2386/2669/2217 2560/2912/2471 2027/2913/2472
f 2386/2669/2217 1848/2661/2209 2025/2907/2468 2560/2912/2471
f 2560/2912/2471 2025/2907/2468 1828/2911/2470 2026/2914/2473
f 2027/2913/2472 2560/2912/2471 2026/2914/2473 1830/2915/2474
f 1854/2839/2402 2028/2916/2475 2561/2917/2476 1990/2840/2403
f 2028/2916/2475 1855/2849/2412 1993/2848/2411 2561/2917/2476
f 2561/2917/2476 1993/2848/2411 1862/2847/2410 2029/2918/2477
f 1990/2840/2403 2561/2917/2476 2029/2918/2477 1863/2841/2404
f 1802/2677/2225 2389/2674/2222 2562/2919/2478 2031/2920/2479
f 2389/2674/2222 1804/2673/2221 2030/2921/2480 2562/2919/2478
f 2562/2919/2478 2030/2921/2480 1851/2796/2365 1970/2793/2362
f 2031/2920/2479 2562/2919/2478 1970/2793/2362 1850/2792/2361
f 1804/2673/2221 2393/2683/2231 2563/2922/2481 2030/2921/2480
f 2393/2683/2231 1806/2682/2230 2032/2923/2482 2563/2922/2481
f 2563/2922/2481 2032/2923/2482 1852/2809/2378 1977/2807/2376
f 2030/2921/2480 2563/2922/2481 1977/2807/2376 1851/2796/2365
f 1806/2692/2230 2396/2689/2237 2564/2924/2483 2032/2925/2482
f 2396/2689/2237 1808/2688/2236 2033/2926/2484 2564/2924/2483
f 2564/2924/2483 2033/2926/2484 1853/2823/2390 1983/2820/2388
f 2032/2925/2482 2564/2924/2483 1983/2820/2388 1852/2819/2378
f 1808/2688/2236 2399/2698/2243 2565/2927/2485 2033/2926/2484
f 2399/2698/2243 1782/2697/2242 2034/2928/2486 2565/2927/2485
f 2565/2927/2485 2034/2928/2486 1854/2839/2402 1989/2837/2400
f 2033/2926/2484 2565/2927/2485 1989/2837/2400 1853/2823/2390
f 1782/2697/2242 1998/2857/2420 2566/2929/2487 2034/2928/2486
f 1998/2857/2420 1832/2508/2065 2035/2930/2488 2566/2929/2487
f 2566/2929/2487 2035/2930/2488 1855/2849/2412 2028/2916/2475
f 2034/2928/2486 2566/2929/2487 2028/2916/2475 1854/2839/2402
f 1856/2851/2414 1994/2850/2413 2567/2931/2489 2036/2932/2490
f 1994/2850/2413 1855/2849/2412 2035/2930/2488 2567/2931/2489
f 2567/2931/2489 2035/2930/2488 1832/2508/2065 2312/2506/2063
f 2036/2932/2490 2567/2931/2489 2312/2506/2063 1781/2503/2060
f 1781/2503/2060 2385/2666/2214 2568/2933/2491 2036/2932/2490
f 2385/2666/2214 1807/2654/2205 2037/2934/2492 2568/2933/2491
f 2568/2933/2491 2037/2934/2492 1857/2828/2394 1996/2852/2415
f 2036/2932/2490 2568/2933/2491 1996/2852/2415 1856/2851/2414
f 1807/2654/2205 2379/2653/2204 2569/2935/2493 2037/2934/2492
f 2379/2653/2204 1805/2652/2193 2038/2936/2494 2569/2935/2493
f 2569/2935/2493 2038/2936/2494 1858/2832/2382 1986/2829/2395
f 2037/2934/2492 2569/2935/2493 1986/2829/2395 1857/2828/2394
f 1805/2639/2193 2373/2638/2192 2570/2937/2495 2038/2938/2494
f 2373/2638/2192 1803/2624/2178 2039/2939/2496 2570/2937/2495
f 2570/2937/2495 2039/2939/2496 1859/2801/2370 1980/2814/2383
f 2038/2938/2494 2570/2937/2495 1980/2814/2383 1858/2813/2382
f 1803/2624/2178 2366/2623/2177 2571/2940/2497 2039/2939/2496
f 2366/2623/2177 1801/2612/2166 2040/2941/2498 2571/2940/2497
f 2571/2940/2497 2040/2941/2498 1860/2783/2352 1974/2802/2371
f 2039/2939/2496 2571/2940/2497 1974/2802/2371 1859/2801/2370
f 1801/2612/2166 2364/2618/2172 2572/2942/2499 2040/2941/2498
f 2364/2618/2172 1844/2617/2171 2041/2943/2500 2572/2942/2499
f 2572/2942/2499 2041/2943/2500 1861/2787/2356 1966/2784/2353
f 2040/2941/2498 2572/2942/2499 1966/2784/2353 1860/2783/2352
f 1850/2792/2361 2018/2895/2456 2573/2944/2501 2031/2920/2479
f 2018/2895/2456 1861/2787/2356 2041/2943/2500 2573/2944/2501
f 2573/2944/2501 2041/2943/2500 1844/2617/2171 2016/2892/2453
f 2031/2920/2479 2573/2944/2501 2016/2892/2453 1802/2677/2225
f 1875/2945/2502 2042/2946/2503 2574/2947/2504 2045/2948/2505
f 2042/2946/2503 1874/2949/2506 2043/2950/2507 2574/2947/2504
f 2574/2947/2504 2043/2950/2507 1876/2951/2508 2044/2952/2509
f 2045/2948/2505 2574/2947/2504 2044/2952/2509 1877/2953/2510
f 1864/2825/2392 1991/2842/2405 2575/2954/2511 2047/2955/2512
f 1991/2842/2405 1863/2841/2404 2046/2956/2513 2575/2954/2511
f 2575/2954/2511 2046/2956/2513 1830/2915/2474 2026/2914/2473
f 2047/2955/2512 2575/2954/2511 2026/2914/2473 1828/2911/2470
f 1865/2827/2380 1985/2826/2393 2576/2957/2514 2048/2958/2515
f 1985/2826/2393 1864/2825/2392 2047/2955/2512 2576/2957/2514
f 2576/2957/2514 2047/2955/2512 1828/2911/2470 2024/2910/2469
f 2048/2958/2515 2576/2957/2514 2024/2910/2469 1826/2909/2466
f 1866/2798/2367 1979/2812/2381 2577/2959/2516 2049/2960/2517
f 1979/2812/2381 1865/2811/2380 2048/2961/2515 2577/2959/2516
f 2577/2959/2516 2048/2961/2515 1826/2905/2466 2022/2904/2465
f 2049/2960/2517 2577/2959/2516 2022/2904/2465 1824/2901/2462
f 1867/2800/2369 1972/2799/2368 2578/2962/2518 2050/2963/2519
f 1972/2799/2368 1866/2798/2367 2049/2960/2517 2578/2962/2518
f 2578/2962/2518 2049/2960/2517 1824/2901/2462 2020/2900/2461
f 2050/2963/2519 2578/2962/2518 2020/2900/2461 1823/2899/2460
f 1845/2629/2183 2051/2964/2520 2579/2965/2521 2019/2898/2459
f 2051/2964/2520 1868/2789/2358 2017/2893/2454 2579/2965/2521
f 2579/2965/2521 2017/2893/2454 1867/2800/2369 2050/2963/2519
f 2019/2898/2459 2579/2965/2521 2050/2963/2519 1823/2899/2460
f 1869/2791/2360 1968/2790/2359 2580/2966/2522 2052/2967/2523
f 1968/2790/2359 1868/2789/2358 2051/2964/2520 2580/2966/2522
f 2580/2966/2522 2051/2964/2520 1845/2629/2183 2368/2626/2180
f 2052/2967/2523 2580/2966/2522 2368/2626/2180 1822/2625/2179
f 1870/2806/2375 1975/2805/2374 2581/2968/2524 2053/2969/2525
f 1975/2805/2374 1869/2791/2360 2052/2967/2523 2581/2968/2524
f 2581/2968/2524 2052/2967/2523 1822/2625/2179 2371/2628/2182
f 2053/2969/2525 2581/2968/2524 2371/2628/2182 1825/2633/2187
f 1871/2818/2387 1981/2817/2386 2582/2970/2526 2054/2971/2527
f 1981/2817/2386 1870/2806/2375 2053/2969/2525 2582/2970/2526
f 2582/2970/2526 2053/2969/2525 1825/2633/2187 2377/2641/2195
f 2054/2971/2527 2582/2970/2526 2377/2641/2195 1827/2645/2199
f 1872/2836/2399 1987/2835/2398 2583/2972/2528 2055/2973/2529
f 1987/2835/2398 1871/2834/2387 2054/2974/2527 2583/2972/2528
f 2583/2972/2528 2054/2974/2527 1827/2655/2199 2383/2658/2207
f 2055/2973/2529 2583/2972/2528 2383/2658/2207 1829/2663/2211
f 1873/2843/2406 1997/2854/2417 2584/2975/2530 2056/2976/2531
f 1997/2854/2417 1872/2836/2399 2055/2973/2529 2584/2975/2530
f 2584/2975/2530 2055/2973/2529 1829/2663/2211 2388/2668/2216
f 2056/2976/2531 2584/2975/2530 2388/2668/2216 1831/2672/2220
f 1876/2951/2508 2043/2950/2507 2585/2977/2532 2059/2978/2533
f 2043/2950/2507 1874/2949/2506 2057/2979/2534 2585/2977/2532
f 2585/2977/2532 2057/2979/2534 1878/2980/2535 2058/2981/2536
f 2059/2978/2533 2585/2977/2532 2058/2981/2536 1879/2982/2537
f 1863/2841/2404 2029/2918/2477 2586/2983/2538 2061/2984/2539
f 2029/2918/2477 1862/2847/2410 2060/2985/2540 2586/2983/2538
f 2586/2983/2538 2060/2985/2540 1874/2949/2506 2042/2946/2503
f 2061/2984/2539 2586/2983/2538 2042/2946/2503 1875/2945/2502
f 1849/2670/2218 2027/2913/2472 2587/2986/2541 2063/2987/2542
f 2027/2913/2472 1830/2915/2474 2062/2988/2543 2587/2986/2541
f 2587/2986/2541 2062/2988/2543 1877/2953/2510 2044/2952/2509
f 2063/2987/2542 2587/2986/2541 2044/2952/2509 1876/2951/2508
f 1830/2915/2474 2046/2956/2513 2588/2989/2544 2062/2988/2543
f 2046/2956/2513 1863/2841/2404 2061/2984/2539 2588/2989/2544
f 2588/2989/2544 2061/2984/2539 1875/2945/2502 2045/2948/2505
f 2062/2988/2543 2588/2989/2544 2045/2948/2505 1877/2953/2510
f 1862/2847/2410 1992/2844/2407 2589/2990/2545 2060/2985/2540
f 1992/2844/2407 1873/2843/2406 2064/2991/2546 2589/2990/2545
f 2589/2990/2545 2064/2991/2546 1878/2980/2535 2057/2979/2534
f 2060/2985/2540 2589/2990/2545 2057/2979/2534 1874/2949/2506
f 1873/2843/2406 2056/2976/2531 2590/2992/2547 2064/2991/2546
f 2056/2976/2531 1831/2672/2220 2065/2993/2548 2590/2992/2547
f 2590/2992/2547 2065/2993/2548 1879/2982/2537 2058/2981/2536
f 2064/2991/2546 2590/2992/2547 2058/2981/2536 1878/2980/2535
f 1831/2672/2220 2387/2671/2219 2591/2994/2549 2065/2993/2548
f 2387/2671/2219 1849/2670/2218 2063/2987/2542 2591/2994/2549
f 2591/2994/2549 2063/2987/2542 1876/2951/2508 2059/2978/2533
f 2065/2993/2548 2591/2994/2549 2059/2978/2533 1879/2982/2537
f 1813/2717/2262 2407/2716/2261 2592/2995/2550 2068/2996/2551
f 2407/2716/2261 1812/2711/2256 2066/2997/2552 2592/2995/2550
f 2592/2995/2550 2066/2997/2552 1880/2998/2553 2067/2999/2554
f 2068/2996/2551 2592/2995/2550 2067/2999/2554 1881/3000/2555
f 1812/2711/2256 2417/2734/2276 2593/3001/2556 2066/2997/2552
f 2417/2734/2276 1913/2738/2280 2069/3002/2557 2593/3001/2556
f 2593/3001/2556 2069/3002/2557 1914/3003/2558 2070/3004/2559
f 2066/2997/2552 2593/3001/2556 2070/3004/2559 1880/2998/2553
f 1794/2879/2440 2008/2878/2439 2594/3005/2560 2073/3006/2561
f 2008/2878/2439 1792/2877/2436 2071/3007/2562 2594/3005/2560
f 2594/3005/2560 2071/3007/2562 1883/3008/2563 2072/3009/2564
f 2073/3006/2561 2594/3005/2560 2072/3009/2564 1882/3010/2565
f 1814/2726/2268 2410/2725/2267 2595/3011/2566 2075/3012/2567
f 2410/2725/2267 1813/2724/2262 2068/3013/2551 2595/3011/2566
f 2595/3011/2566 2068/3013/2551 1881/3014/2555 2074/3015/2568
f 2075/3012/2567 2595/3011/2566 2074/3015/2568 1884/3016/2569
f 1792/2873/2436 2006/2872/2435 2596/3017/2570 2071/3018/2562
f 2006/2872/2435 1790/2869/2432 2076/3019/2571 2596/3017/2570
f 2596/3017/2570 2076/3019/2571 1885/3020/2572 2077/3021/2573
f 2071/3018/2562 2596/3017/2570 2077/3021/2573 1883/3022/2563
f 1924/3023/2574 2078/3024/2575 2597/3025/2576 2079/3026/2577
f 2078/3024/2575 1925/2760/2330 2425/2759/2329 2597/3025/2576
f 2597/3025/2576 2425/2759/2329 1814/2726/2268 2075/3012/2567
f 2079/3026/2577 2597/3025/2576 2075/3012/2567 1884/3016/2569
f 1897/3027/2578 2080/3028/2579 2598/3029/2580 2082/3030/2581
f 2080/3028/2579 1892/3031/2582 2081/3032/2583 2598/3029/2580
f 2598/3029/2580 2081/3032/2583 1886/2743/2286 2418/2740/2282
f 2082/3030/2581 2598/3029/2580 2418/2740/2282 1887/2739/2281
f 1892/3031/2582 2083/3033/2584 2599/3034/2585 2081/3032/2583
f 2083/3033/2584 1917/3035/2586 2084/3036/2587 2599/3034/2585
f 2599/3034/2585 2084/3036/2587 3528/4260/2588 3517/4248/2589
f 2081/3032/2583 2599/3034/2585 3517/4248/2589 1886/2743/2286
f 1893/3037/2590 2085/3038/2591 2600/3039/2592 2088/3040/2593
f 2085/3038/2591 1894/3041/2594 2086/3042/2595 2600/3039/2592
f 2600/3039/2592 2086/3042/2595 3524/4255/2596 3525/4257/2597
f 2088/3040/2593 2600/3039/2592 3525/4257/2597 3526/4258/2598
f 1896/3046/2599 2089/3047/2600 2601/3048/2601 2090/3049/2602
f 2089/3047/2600 1897/3050/2578 2082/3051/2581 2601/3048/2601
f 2601/3048/2601 2082/3051/2581 1887/2752/2281 2422/2749/2306
f 2090/3049/2602 2601/3048/2601 2422/2749/2306 1890/2748/2305
f 1894/3052/2594 2091/3053/2603 2602/3054/2604 2086/3055/2595
f 2091/3053/2603 1895/3056/2605 2092/3057/2606 2602/3054/2604
f 2602/3054/2604 2092/3057/2606 3522/4253/2607 3523/4254/2608
f 2086/3055/2595 2602/3054/2604 3523/4254/2608 3524/4256/2596
f 3547/4280/2609 3660/4393/2610 3548/4281/2611 3655/4388/2612 3549/4282/2613 3664/4397/2614 3550/4283/2615 3649/4382/2616
f 2094/3061/2617 1921/3063/2618 2095/3064/2619 2603/3062/2620
f 2603/3062/2620 2095/3064/2619 1896/3046/2599 2090/3049/2602
f 1890/2748/2305 3519/4250/2621 3647/4380/2622 2603/3062/2620 2090/3049/2602
f 1898/3065/2623 2096/3066/2624 2604/3067/2625 2098/3068/2626
f 2096/3066/2624 1916/3069/2627 2097/3070/2628 2604/3067/2625
f 2604/3067/2625 2097/3070/2628 1917/3035/2586 2083/3033/2584
f 2098/3068/2626 2604/3067/2625 2083/3033/2584 1892/3031/2582
f 1899/3071/2629 2099/3072/2630 2605/3073/2631 2101/3074/2632
f 2099/3072/2630 1900/3075/2633 2100/3076/2634 2605/3073/2631
f 2605/3073/2631 2100/3076/2634 1894/3041/2594 2085/3038/2591
f 2101/3074/2632 2605/3073/2631 2085/3038/2591 1893/3037/2590
f 1900/3077/2633 2102/3078/2635 2606/3079/2636 2100/3080/2634
f 2102/3078/2635 1901/3081/2637 2103/3082/2638 2606/3079/2636
f 2606/3079/2636 2103/3082/2638 1895/3056/2605 2091/3053/2603
f 2100/3080/2634 2606/3079/2636 2091/3053/2603 1894/3052/2594
f 1921/3063/2618 2104/3083/2639 2607/3084/2640 2095/3064/2619
f 2104/3083/2639 1922/3085/2641 2105/3086/2642 2607/3084/2640
f 2607/3084/2640 2105/3086/2642 1902/3087/2643 2106/3088/2644
f 2095/3064/2619 2607/3084/2640 2106/3088/2644 1896/3046/2599
f 1902/3087/2643 2107/3089/2645 2608/3090/2646 2106/3088/2644
f 2107/3089/2645 1903/3091/2647 2108/3092/2648 2608/3090/2646
f 2608/3090/2646 2108/3092/2648 1897/3050/2578 2089/3047/2600
f 2106/3088/2644 2608/3090/2646 2089/3047/2600 1896/3046/2599
f 1903/3093/2647 2109/3094/2649 2609/3095/2650 2108/3096/2648
f 2109/3094/2649 1898/3065/2623 2098/3068/2626 2609/3095/2650
f 2609/3095/2650 2098/3068/2626 1892/3031/2582 2080/3028/2579
f 2108/3096/2648 2609/3095/2650 2080/3028/2579 1897/3027/2578
f 1904/3097/2651 2110/3098/2652 2610/3099/2653 2112/3100/2654
f 2110/3098/2652 1915/3101/2655 2111/3102/2656 2610/3099/2653
f 2610/3099/2653 2111/3102/2656 1916/3069/2627 2096/3066/2624
f 2112/3100/2654 2610/3099/2653 2096/3066/2624 1898/3065/2623
f 1905/3103/2657 2113/3104/2658 2611/3105/2659 2115/3106/2660
f 2113/3104/2658 1906/3107/2661 2114/3108/2662 2611/3105/2659
f 2611/3105/2659 2114/3108/2662 1900/3075/2633 2099/3072/2630
f 2115/3106/2660 2611/3105/2659 2099/3072/2630 1899/3071/2629
f 1906/3109/2661 2116/3110/2663 2612/3111/2664 2114/3112/2662
f 2116/3110/2663 1907/3113/2665 2117/3114/2666 2612/3111/2664
f 2612/3111/2664 2117/3114/2666 1901/3081/2637 2102/3078/2635
f 2114/3112/2662 2612/3111/2664 2102/3078/2635 1900/3077/2633
f 1922/3085/2641 2118/3115/2667 2613/3116/2668 2105/3086/2642
f 2118/3115/2667 1923/3117/2669 2119/3118/2670 2613/3116/2668
f 2613/3116/2668 2119/3118/2670 1908/3119/2671 2120/3120/2672
f 2105/3086/2642 2613/3116/2668 2120/3120/2672 1902/3087/2643
f 1908/3119/2671 2121/3121/2673 2614/3122/2674 2120/3120/2672
f 2121/3121/2673 1909/3123/2675 2122/3124/2676 2614/3122/2674
f 2614/3122/2674 2122/3124/2676 1903/3091/2647 2107/3089/2645
f 2120/3120/2672 2614/3122/2674 2107/3089/2645 1902/3087/2643
f 1909/3125/2675 2123/3126/2677 2615/3127/2678 2122/3128/2676
f 2123/3126/2677 1904/3097/2651 2112/3100/2654 2615/3127/2678
f 2615/3127/2678 2112/3100/2654 1898/3065/2623 2109/3094/2649
f 2122/3128/2676 2615/3127/2678 2109/3094/2649 1903/3093/2647
f 1880/2998/2553 2070/3004/2559 2616/3129/2679 2125/3130/2680
f 2070/3004/2559 1914/3003/2558 2124/3131/2681 2616/3129/2679
f 2616/3129/2679 2124/3131/2681 1915/3101/2655 2110/3098/2652
f 2125/3130/2680 2616/3129/2679 2110/3098/2652 1904/3097/2651
f 1882/3010/2565 2072/3009/2564 2617/3132/2682 2127/3133/2683
f 2072/3009/2564 1883/3008/2563 2126/3134/2684 2617/3132/2682
f 2617/3132/2682 2126/3134/2684 1906/3107/2661 2113/3104/2658
f 2127/3133/2683 2617/3132/2682 2113/3104/2658 1905/3103/2657
f 1883/3022/2563 2077/3021/2573 2618/3135/2685 2126/3136/2684
f 2077/3021/2573 1885/3020/2572 2128/3137/2686 2618/3135/2685
f 2618/3135/2685 2128/3137/2686 1907/3113/2665 2116/3110/2663
f 2126/3136/2684 2618/3135/2685 2116/3110/2663 1906/3109/2661
f 1923/3117/2669 2129/3138/2687 2619/3139/2688 2119/3118/2670
f 2129/3138/2687 1924/3023/2574 2079/3026/2577 2619/3139/2688
f 2619/3139/2688 2079/3026/2577 1884/3016/2569 2130/3140/2689
f 2119/3118/2670 2619/3139/2688 2130/3140/2689 1908/3119/2671
f 1884/3016/2569 2074/3015/2568 2620/3141/2690 2130/3140/2689
f 2074/3015/2568 1881/3014/2555 2131/3142/2691 2620/3141/2690
f 2620/3141/2690 2131/3142/2691 1909/3123/2675 2121/3121/2673
f 2130/3140/2689 2620/3141/2690 2121/3121/2673 1908/3119/2671
f 1881/3000/2555 2067/2999/2554 2621/3143/2692 2131/3144/2691
f 2067/2999/2554 1880/2998/2553 2125/3130/2680 2621/3143/2692
f 2621/3143/2692 2125/3130/2680 1904/3097/2651 2123/3126/2677
f 2131/3144/2691 2621/3143/2692 2123/3126/2677 1909/3125/2675
f 1935/2583/2137 2132/3145/2693 2622/3146/2694 2347/2584/2138
f 2132/3145/2693 1934/2567/2121 2343/2570/2124 2622/3146/2694
f 2622/3146/2694 2343/2570/2124 1795/2574/2128 2133/3147/2695
f 2347/2584/2138 2622/3146/2694 2133/3147/2695 1910/2585/2139
f 1795/2574/2128 2345/2578/2132 2623/3148/2696 2133/3147/2695
f 2345/2578/2132 1840/2577/2131 2134/3149/2697 2623/3148/2696
f 2623/3148/2696 2134/3149/2697 1911/2590/2144 2350/2588/2142
f 2133/3147/2695 2623/3148/2696 2350/2588/2142 1910/2585/2139
f 1912/2736/2278 2012/2886/2447 2624/3150/2698 2135/3151/2699
f 2012/2886/2447 1911/2590/2144 2134/3149/2697 2624/3150/2698
f 2624/3150/2698 2134/3149/2697 1840/2577/2131 2011/2881/2442
f 2135/3151/2699 2624/3150/2698 2011/2881/2442 1796/2883/2444
f 1913/2738/2280 2416/2737/2279 2625/3152/2700 2136/3153/2701
f 2416/2737/2279 1912/2736/2278 2135/3151/2699 2625/3152/2700
f 2625/3152/2700 2135/3151/2699 1796/2883/2444 2010/2882/2443
f 2136/3153/2701 2625/3152/2700 2010/2882/2443 1794/2879/2440
f 1914/3003/2558 2069/3002/2557 2626/3154/2702 2137/3155/2703
f 2069/3002/2557 1913/2738/2280 2136/3153/2701 2626/3154/2702
f 2626/3154/2702 2136/3153/2701 1794/2879/2440 2073/3006/2561
f 2137/3155/2703 2626/3154/2702 2073/3006/2561 1882/3010/2565
f 1915/3101/2655 2124/3131/2681 2627/3156/2704 2138/3157/2705
f 2124/3131/2681 1914/3003/2558 2137/3155/2703 2627/3156/2704
f 2627/3156/2704 2137/3155/2703 1882/3010/2565 2127/3133/2683
f 2138/3157/2705 2627/3156/2704 2127/3133/2683 1905/3103/2657
f 1916/3069/2627 2111/3102/2656 2628/3158/2706 2139/3159/2707
f 2111/3102/2656 1915/3101/2655 2138/3157/2705 2628/3158/2706
f 2628/3158/2706 2138/3157/2705 1905/3103/2657 2115/3106/2660
f 2139/3159/2707 2628/3158/2706 2115/3106/2660 1899/3071/2629
f 1917/3035/2586 2097/3070/2628 2629/3160/2708 2140/3161/2709
f 2097/3070/2628 1916/3069/2627 2139/3159/2707 2629/3160/2708
f 2629/3160/2708 2139/3159/2707 1899/3071/2629 2101/3074/2632
f 2140/3161/2709 2629/3160/2708 2101/3074/2632 1893/3037/2590
f 3527/4259/2710 3528/4260/2588 2084/3036/2587 2630/3162/2711
f 2084/3036/2587 1917/3035/2586 2140/3161/2709 2630/3162/2711
f 2630/3162/2711 2140/3161/2709 1893/3037/2590 2088/3040/2593
f 3526/4258/2598 3527/4259/2710 2630/3162/2711 2088/3040/2593
f 1919/2747/2712 3716/4451/2713 2420/2746/2714 2631/3164/2715 2142/3165/2716
f 2420/2746/2714 3742/4479/2717 1918/2745/2718 2141/3163/2719 2631/3164/2715
f 2631/3164/2715 2141/3163/2719 1888/3045/2720 2087/3044/2721
f 2142/3165/2716 2631/3164/2715 2087/3044/2721 1889/3043/2722
f 1920/2756/2723 3774/4511/2724 2423/2755/2725 2632/3166/2726 2143/3167/2727
f 2423/2755/2725 3694/4427/2728 1919/2754/2712 2142/3168/2716 2632/3166/2726
f 2632/3166/2726 2142/3168/2716 1889/3060/2722 2093/3059/2729
f 2143/3167/2727 2632/3166/2726 2093/3059/2729 1891/3058/2730
f 1895/3056/2605 2144/3169/2731 2633/3170/2732 2092/3057/2606
f 2144/3169/2731 1921/3063/2618 2094/3061/2617 2633/3170/2732
f 2633/3170/2732 2094/3061/2617 3653/4386/2733 3520/4251/2734 3521/4252/2735
f 2092/3057/2606 2633/3170/2732 3521/4252/2735 3522/4253/2607
f 1901/3081/2637 2145/3171/2736 2634/3172/2737 2103/3082/2638
f 2145/3171/2736 1922/3085/2641 2104/3083/2639 2634/3172/2737
f 2634/3172/2737 2104/3083/2639 1921/3063/2618 2144/3169/2731
f 2103/3082/2638 2634/3172/2737 2144/3169/2731 1895/3056/2605
f 1907/3113/2665 2146/3173/2738 2635/3174/2739 2117/3114/2666
f 2146/3173/2738 1923/3117/2669 2118/3115/2667 2635/3174/2739
f 2635/3174/2739 2118/3115/2667 1922/3085/2641 2145/3171/2736
f 2117/3114/2666 2635/3174/2739 2145/3171/2736 1901/3081/2637
f 1885/3020/2572 2147/3175/2740 2636/3176/2741 2128/3137/2686
f 2147/3175/2740 1924/3023/2574 2129/3138/2687 2636/3176/2741
f 2636/3176/2741 2129/3138/2687 1923/3117/2669 2146/3173/2738
f 2128/3137/2686 2636/3176/2741 2146/3173/2738 1907/3113/2665
f 1790/2869/2432 2148/3177/2742 2637/3178/2743 2076/3019/2571
f 2148/3177/2742 1925/2760/2330 2078/3024/2575 2637/3178/2743
f 2637/3178/2743 2078/3024/2575 1924/3023/2574 2147/3175/2740
f 2076/3019/2571 2637/3178/2743 2147/3175/2740 1885/3020/2572
f 1926/2762/2332 2426/2761/2331 2638/3179/2744 2149/3180/2745
f 2426/2761/2331 1925/2760/2330 2148/3177/2742 2638/3179/2744
f 2638/3179/2744 2148/3177/2742 1790/2869/2432 2004/2868/2431
f 2149/3180/2745 2638/3179/2744 2004/2868/2431 1788/2867/2430
f 1836/2548/2105 2150/3181/2746 2639/3182/2747 2003/2866/2429
f 2150/3181/2746 1927/2535/2092 2002/2862/2425 2639/3182/2747
f 2639/3182/2747 2002/2862/2425 1926/2762/2332 2149/3180/2745
f 2003/2866/2429 2639/3182/2747 2149/3180/2745 1788/2867/2430
f 1928/2532/2089 2326/2536/2093 2640/3183/2748 2151/3184/2749
f 2326/2536/2093 1927/2535/2092 2150/3181/2746 2640/3183/2748
f 2640/3183/2748 2150/3181/2746 1836/2548/2105 2331/2546/2103
f 2151/3184/2749 2640/3183/2748 2331/2546/2103 1787/2543/2100
f 1948/2541/2098 2152/3185/2750 2641/3186/2751 2328/2542/2099
f 2152/3185/2750 1947/2527/2084 2324/2530/2087 2641/3186/2751
f 2641/3186/2751 2324/2530/2087 1928/2532/2089 2151/3184/2749
f 2328/2542/2099 2641/3186/2751 2151/3184/2749 1787/2543/2100
f 1950/3187/2752 2153/3188/2753 2642/3189/2754 2155/3190/2755
f 2153/3188/2753 1949/2537/2094 2330/2540/2097 2642/3189/2754
f 2642/3189/2754 2330/2540/2097 1789/2545/2102 2154/3191/2756
f 2155/3190/2755 2642/3189/2754 2154/3191/2756 1929/3192/2757
f 1789/2545/2102 2336/2553/2110 2643/3193/2758 2154/3191/2756
f 2336/2553/2110 1791/2557/2114 2156/3194/2759 2643/3193/2758
f 2643/3193/2758 2156/3194/2759 1930/3195/2760 2157/3196/2761
f 2154/3191/2756 2643/3193/2758 2157/3196/2761 1929/3192/2757
f 1791/2558/2114 2339/2561/2116 2644/3197/2762 2156/3198/2759
f 2339/2561/2116 1793/2566/2120 2158/3199/2763 2644/3197/2762
f 2644/3197/2762 2158/3199/2763 1931/3200/2764 2159/3201/2765
f 2156/3198/2759 2644/3197/2762 2159/3201/2765 1930/3202/2760
f 1793/2566/2120 2341/2572/2126 2645/3203/2766 2158/3199/2763
f 2341/2572/2126 1933/2571/2125 2160/3204/2767 2645/3203/2766
f 2645/3203/2766 2160/3204/2767 1932/3205/2768 2161/3206/2769
f 2158/3199/2763 2645/3203/2766 2161/3206/2769 1931/3200/2764
f 1929/3192/2757 2157/3196/2761 2646/3207/2770 2164/3208/2771
f 2157/3196/2761 1930/3195/2760 2163/3209/2772 2646/3207/2770
f 2646/3207/2770 2163/3209/2772 1778/2492/2044 2306/2491/2049
f 2164/3208/2771 2646/3207/2770 2306/2491/2049 1780/2490/2048
f 1930/3202/2760 2159/3201/2765 2647/3210/2773 2163/3211/2772
f 2159/3201/2765 1931/3200/2764 2165/3212/2774 2647/3210/2773
f 2647/3210/2773 2165/3212/2774 1777/2480/2039 2303/2486/2045
f 2163/3211/2772 2647/3210/2773 2303/2486/2045 1778/2485/2044
f 1931/3200/2764 2161/3206/2769 2648/3213/2775 2165/3212/2774
f 2161/3206/2769 1932/3205/2768 2166/3214/2776 2648/3213/2775
f 2648/3213/2775 2166/3214/2776 1776/2482/2041 2301/2481/2040
f 2165/3212/2774 2648/3213/2775 2301/2481/2040 1777/2480/2039
f 1779/2495/2052 2162/3215/2777 2649/3216/2778 2307/2496/2053
f 2162/3215/2777 1950/3187/2752 2155/3190/2755 2649/3216/2778
f 2649/3216/2778 2155/3190/2755 1929/3192/2757 2164/3208/2771
f 2307/2496/2053 2649/3216/2778 2164/3208/2771 1780/2490/2048
f 1755/2380/1947 2253/2379/1946 2650/3217/2779 2168/3218/2780
f 2253/2379/1946 1754/2376/1943 2167/3219/2781 2650/3217/2779
f 2650/3217/2779 2167/3219/2781 1951/2397/1962 2260/2394/1959
f 2168/3218/2780 2650/3217/2779 2260/2394/1959 1952/2393/1958
f 1754/2376/1943 2259/2390/1955 2651/3220/2782 2167/3219/2781
f 2259/2390/1955 1757/2392/1957 2169/3221/2783 2651/3220/2782
f 2651/3220/2782 2169/3221/2783 1953/2399/1964 2261/2398/1963
f 2167/3219/2781 2651/3220/2782 2261/2398/1963 1951/2397/1962
f 1757/2392/1957 2270/2415/1979 2652/3222/2784 2169/3221/2783
f 2270/2415/1979 1758/2414/1970 2170/3223/2785 2652/3222/2784
f 2652/3222/2784 2170/3223/2785 1954/2401/1966 2262/2400/1965
f 2169/3221/2783 2652/3222/2784 2262/2400/1965 1953/2399/1964
f 1758/2414/1970 2264/3224/1969 2653/3225/2786 2170/3223/2785
f 2264/3224/1969 1755/2380/1947 2168/3218/2780 2653/3225/2786
f 2653/3225/2786 2168/3218/2780 1952/2393/1958 2263/2396/1961
f 2170/3223/2785 2653/3225/2786 2263/2396/1961 1954/2401/1966
f 1707/3226/1779 2171/3227/1782 3291/3228/2787 3068/3229/2788
f 3068/3229/2788 3291/3228/2787 3069/3230/2789 2654/3231/2790
f 3291/3228/2787 3070/3232/2791 2656/3233/2792 3069/3230/2789
f 2171/3227/1782 1710/3234/1787 3070/3232/2791 3291/3228/2787
f 2654/3231/2790 3069/3230/2789 3292/3235/2793 3071/3236/2794
f 3071/3236/2794 3292/3235/2793 3072/3237/2795 2655/3238/2796
f 3292/3235/2793 3073/3239/2797 2657/3240/2798 3072/3237/2795
f 3069/3230/2789 2656/3233/2792 3073/3239/2797 3292/3235/2793
f 1767/3241/1794 2178/3242/1797 3293/3243/2799 3074/3244/2800
f 3074/3244/2800 3293/3243/2799 3075/3245/2801 2697/3246/2802
f 3293/3243/2799 3076/3247/2803 2698/3248/2804 3075/3245/2801
f 2178/3242/1797 1768/3249/1802 3076/3247/2803 3293/3243/2799
f 2656/3233/2792 3079/3250/2805 3294/3251/2806 3073/3239/2797
f 3073/3239/2797 3294/3251/2806 3077/3252/2807 2657/3240/2798
f 3294/3251/2806 3078/3253/2808 2659/3254/2809 3077/3252/2807
f 3079/3250/2805 2658/3255/2810 3078/3253/2808 3294/3251/2806
f 1713/3256/1809 2185/3257/1812 3295/3258/2811 3080/3259/2812
f 3080/3259/2812 3295/3258/2811 3081/3260/2813 2658/3255/2810
f 3295/3258/2811 3082/3261/2814 2660/3262/2815 3081/3260/2813
f 2185/3257/1812 1716/3263/1816 3082/3261/2814 3295/3258/2811
f 2658/3255/2810 3081/3260/2813 3296/3264/2816 3078/3253/2808
f 3078/3253/2808 3296/3264/2816 3083/3265/2817 2659/3254/2809
f 3296/3264/2816 3084/3266/2818 2661/3267/2819 3083/3265/2817
f 3081/3260/2813 2660/3262/2815 3084/3266/2818 3296/3264/2816
f 1716/3263/1816 2191/3268/1822 3297/3269/2820 3082/3261/2814
f 3082/3261/2814 3297/3269/2820 3085/3270/2821 2660/3262/2815
f 3297/3269/2820 3086/3271/2822 2662/3272/2823 3085/3270/2821
f 2191/3268/1822 1719/3273/1826 3086/3271/2822 3297/3269/2820
f 2660/3262/2815 3085/3270/2821 3298/3274/2824 3084/3266/2818
f 3084/3266/2818 3298/3274/2824 3087/3275/2825 2661/3267/2819
f 3298/3274/2824 3088/3276/2826 2663/3277/2827 3087/3275/2825
f 3085/3270/2821 2662/3272/2823 3088/3276/2826 3298/3274/2824
f 1719/3273/1826 2196/3278/1832 3299/3279/2828 3086/3271/2822
f 3086/3271/2822 3299/3279/2828 3089/3280/2829 2662/3272/2823
f 3299/3279/2828 3090/3281/2830 2664/3282/2831 3089/3280/2829
f 2196/3278/1832 1722/3283/1836 3090/3281/2830 3299/3279/2828
f 2662/3272/2823 3089/3280/2829 3300/3284/2832 3088/3276/2826
f 3088/3276/2826 3300/3284/2832 3091/3285/2833 2663/3277/2827
f 3300/3284/2832 3092/3286/2834 2665/3287/2835 3091/3285/2833
f 3089/3280/2829 2664/3282/2831 3092/3286/2834 3300/3284/2832
f 1722/3283/1836 2201/3288/1842 3301/3289/2836 3090/3281/2830
f 3090/3281/2830 3301/3289/2836 3093/3290/2837 2664/3282/2831
f 3301/3289/2836 3094/3291/2838 2666/3292/2839 3093/3290/2837
f 2201/3288/1842 1725/3293/1846 3094/3291/2838 3301/3289/2836
f 2664/3282/2831 3093/3290/2837 3302/3294/2840 3092/3286/2834
f 3092/3286/2834 3302/3294/2840 3095/3295/2841 2665/3287/2835
f 3302/3294/2840 3096/3296/2842 2667/3297/2843 3095/3295/2841
f 3093/3290/2837 2666/3292/2839 3096/3296/2842 3302/3294/2840
f 1725/3298/1846 2206/3299/1852 3303/3300/2844 3094/3301/2838
f 3094/3301/2838 3303/3300/2844 3097/3302/2845 2666/3303/2839
f 3303/3300/2844 3098/3304/2846 2668/3305/2847 3097/3302/2845
f 2206/3299/1852 1728/3306/1856 3098/3304/2846 3303/3300/2844
f 2666/3303/2839 3097/3302/2845 3304/3307/2848 3096/3308/2842
f 3096/3308/2842 3304/3307/2848 3099/3309/2849 2667/3310/2843
f 3304/3307/2848 3100/3311/2850 2669/3312/2851 3099/3309/2849
f 3097/3302/2845 2668/3305/2847 3100/3311/2850 3304/3307/2848
f 1728/3306/1856 2211/3313/1862 3305/3314/2852 3098/3304/2846
f 3098/3304/2846 3305/3314/2852 3101/3315/2853 2668/3305/2847
f 3305/3314/2852 3102/3316/2854 2670/3317/2855 3101/3315/2853
f 2211/3313/1862 1731/3318/1866 3102/3316/2854 3305/3314/2852
f 2668/3305/2847 3101/3315/2853 3306/3319/2856 3100/3311/2850
f 3100/3311/2850 3306/3319/2856 3103/3320/2857 2669/3312/2851
f 3306/3319/2856 3104/3321/2858 2671/3322/2859 3103/3320/2857
f 3101/3315/2853 2670/3317/2855 3104/3321/2858 3306/3319/2856
f 1731/3318/1866 2216/3323/1872 3307/3324/2860 3102/3316/2854
f 3102/3316/2854 3307/3324/2860 3105/3325/2861 2670/3317/2855
f 3307/3324/2860 3106/3326/2862 2672/3327/2863 3105/3325/2861
f 2216/3323/1872 1734/3328/1876 3106/3326/2862 3307/3324/2860
f 2670/3317/2855 3105/3325/2861 3308/3329/2864 3104/3321/2858
f 3104/3321/2858 3308/3329/2864 3107/3330/2865 2671/3322/2859
f 3308/3329/2864 3108/3331/2866 2673/3332/2867 3107/3330/2865
f 3105/3325/2861 2672/3327/2863 3108/3331/2866 3308/3329/2864
f 1734/3328/1876 2221/3333/1882 3309/3334/2868 3106/3326/2862
f 3106/3326/2862 3309/3334/2868 3109/3335/2869 2672/3327/2863
f 3309/3334/2868 3110/3336/2870 2674/3337/2871 3109/3335/2869
f 2221/3333/1882 1737/3338/1886 3110/3336/2870 3309/3334/2868
f 2672/3327/2863 3109/3335/2869 3310/3339/2872 3108/3331/2866
f 3108/3331/2866 3310/3339/2872 3111/3340/2873 2673/3332/2867
f 3310/3339/2872 3112/3341/2874 2675/3342/2875 3111/3340/2873
f 3109/3335/2869 2674/3337/2871 3112/3341/2874 3310/3339/2872
f 1737/3338/1886 2226/3343/1892 3311/3344/2876 3110/3336/2870
f 3110/3336/2870 3311/3344/2876 3113/3345/2877 2674/3337/2871
f 3311/3344/2876 3114/3346/2878 2676/3347/2879 3113/3345/2877
f 2226/3343/1892 1740/3348/1896 3114/3346/2878 3311/3344/2876
f 2674/3337/2871 3113/3345/2877 3312/3349/2880 3112/3341/2874
f 3112/3341/2874 3312/3349/2880 3115/3350/2881 2675/3342/2875
f 3312/3349/2880 3116/3351/2882 2677/3352/2883 3115/3350/2881
f 3113/3345/2877 2676/3347/2879 3116/3351/2882 3312/3349/2880
f 1740/3348/1896 2231/3353/1902 3313/3354/2884 3114/3346/2878
f 3114/3346/2878 3313/3354/2884 3117/3355/2885 2676/3347/2879
f 3313/3354/2884 3118/3356/2886 2678/3357/2887 3117/3355/2885
f 2231/3353/1902 1743/3358/1906 3118/3356/2886 3313/3354/2884
f 2676/3347/2879 3117/3355/2885 3314/3359/2888 3116/3351/2882
f 3116/3351/2882 3314/3359/2888 3119/3360/2889 2677/3352/2883
f 3314/3359/2888 3120/3361/2890 2679/3362/2891 3119/3360/2889
f 3117/3355/2885 2678/3357/2887 3120/3361/2890 3314/3359/2888
f 1743/3358/1906 2236/3363/1912 3315/3364/2892 3118/3356/2886
f 3118/3356/2886 3315/3364/2892 3121/3365/2893 2678/3357/2887
f 3315/3364/2892 3122/3366/2894 2680/3367/2895 3121/3365/2893
f 2236/3363/1912 1746/3368/1916 3122/3366/2894 3315/3364/2892
f 2678/3357/2887 3121/3365/2893 3316/3369/2896 3120/3361/2890
f 3120/3361/2890 3316/3369/2896 3123/3370/2897 2679/3362/2891
f 3316/3369/2896 3124/3371/2898 2681/3372/2899 3123/3370/2897
f 3121/3365/2893 2680/3367/2895 3124/3371/2898 3316/3369/2896
f 2680/3367/2895 3127/3373/2900 3317/3374/2901 3124/3371/2898
f 3124/3371/2898 3317/3374/2901 3125/3375/2902 2681/3372/2899
f 3317/3374/2901 3126/3376/2903 2683/3377/2904 3125/3375/2902
f 3127/3373/2900 2682/3378/2905 3126/3376/2903 3317/3374/2901
f 2682/3379/2905 3130/3380/2906 3318/3381/2907 3126/3382/2903
f 3126/3382/2903 3318/3381/2907 3128/3383/2908 2683/3384/2904
f 3318/3381/2907 3129/3385/2909 2685/3386/2910 3128/3383/2908
f 3130/3380/2906 2684/3387/2911 3129/3385/2909 3318/3381/2907
f 1751/3388/1933 2247/3389/1936 3319/3390/2912 3131/3391/2913
f 3131/3391/2913 3319/3390/2912 3132/3392/2914 2684/3387/2911
f 3319/3390/2912 3068/3229/2788 2654/3231/2790 3132/3392/2914
f 2247/3389/1936 1707/3226/1779 3068/3229/2788 3319/3390/2912
f 2684/3387/2911 3132/3392/2914 3320/3393/2915 3129/3385/2909
f 3129/3385/2909 3320/3393/2915 3133/3394/2916 2685/3386/2910
f 3320/3393/2915 3071/3236/2794 2655/3238/2796 3133/3394/2916
f 3132/3392/2914 2654/3231/2790 3071/3236/2794 3320/3393/2915
f 2681/3372/2899 3135/3395/2917 3321/3396/2918 3123/3370/2897
f 3123/3370/2897 3321/3396/2918 3119/3360/2889 2679/3362/2891
f 3321/3396/2918 3134/3397/2919 2677/3352/2883 3119/3360/2889
f 3135/3395/2917 2686/3398/2920 3134/3397/2919 3321/3396/2918
f 2683/3377/2904 3137/3399/2921 3322/3400/2922 3125/3375/2902
f 3125/3375/2902 3322/3400/2922 3135/3395/2917 2681/3372/2899
f 3322/3400/2922 3136/3401/2923 2686/3398/2920 3135/3395/2917
f 3137/3399/2921 2687/3402/2924 3136/3401/2923 3322/3400/2922
f 2685/3386/2910 3139/3403/2925 3323/3404/2926 3128/3383/2908
f 3128/3383/2908 3323/3404/2926 3137/3405/2921 2683/3384/2904
f 3323/3404/2926 3138/3406/2927 2687/3407/2924 3137/3405/2921
f 3139/3403/2925 2688/3408/2928 3138/3406/2927 3323/3404/2926
f 2655/3238/2796 3072/3237/2795 3324/3409/2929 3133/3394/2916
f 3133/3394/2916 3324/3409/2929 3139/3403/2925 2685/3386/2910
f 3324/3409/2929 3140/3410/2930 2688/3408/2928 3139/3403/2925
f 3072/3237/2795 2657/3240/2798 3140/3410/2930 3324/3409/2929
f 2686/3398/2920 3142/3411/2931 3325/3412/2932 3134/3397/2919
f 3134/3397/2919 3325/3412/2932 3115/3350/2881 2677/3352/2883
f 3325/3412/2932 3141/3413/2933 2675/3342/2875 3115/3350/2881
f 3142/3411/2931 2689/3414/2934 3141/3413/2933 3325/3412/2932
f 2857/3415/2935 3146/3416/2936 3326/3417/2937 3143/3418/2938
f 3143/3418/2938 3326/3417/2937 3144/3419/2939 2856/3420/2940
f 3326/3417/2937 3145/3421/2941 2858/3422/2942 3144/3419/2939
f 3146/3416/2936 2859/3423/2943 3145/3421/2941 3326/3417/2937
f 2688/3408/2928 3149/3424/2944 3327/3425/2945 3138/3406/2927
f 3138/3406/2927 3327/3425/2945 3147/3426/2946 2687/3407/2924
f 3327/3425/2945 3148/3427/2947 2690/3428/2948 3147/3426/2946
f 3149/3424/2944 2691/3429/2949 3148/3427/2947 3327/3425/2945
f 2657/3240/2798 3077/3252/2807 3328/3430/2950 3140/3410/2930
f 3140/3410/2930 3328/3430/2950 3149/3424/2944 2688/3408/2928
f 3328/3430/2950 3150/3431/2951 2691/3429/2949 3149/3424/2944
f 3077/3252/2807 2659/3254/2809 3150/3431/2951 3328/3430/2950
f 2689/3414/2934 3152/3432/2952 3329/3433/2953 3141/3413/2933
f 3141/3413/2933 3329/3433/2953 3111/3340/2873 2675/3342/2875
f 3329/3433/2953 3151/3434/2954 2673/3332/2867 3111/3340/2873
f 3152/3432/2952 2692/3435/2955 3151/3434/2954 3329/3433/2953
f 2690/3436/2948 3155/3437/2956 3330/3438/2957 3153/3439/2958
f 3153/3439/2958 3330/3438/2957 3152/3432/2952 2689/3414/2934
f 3330/3438/2957 3154/3440/2959 2692/3435/2955 3152/3432/2952
f 3155/3437/2956 2693/3441/2960 3154/3440/2959 3330/3438/2957
f 2691/3429/2949 3157/3442/2961 3331/3443/2962 3148/3427/2947
f 3148/3427/2947 3331/3443/2962 3155/3444/2956 2690/3428/2948
f 3331/3443/2962 3156/3445/2963 2693/3446/2960 3155/3444/2956
f 3157/3442/2961 2694/3447/2964 3156/3445/2963 3331/3443/2962
f 2659/3254/2809 3083/3265/2817 3332/3448/2965 3150/3431/2951
f 3150/3431/2951 3332/3448/2965 3157/3442/2961 2691/3429/2949
f 3332/3448/2965 3158/3449/2966 2694/3447/2964 3157/3442/2961
f 3083/3265/2817 2661/3267/2819 3158/3449/2966 3332/3448/2965
f 2692/3435/2955 3159/3450/2967 3333/3451/2968 3151/3434/2954
f 3151/3434/2954 3333/3451/2968 3107/3330/2865 2673/3332/2867
f 3333/3451/2968 3103/3320/2857 2671/3322/2859 3107/3330/2865
f 3159/3450/2967 2669/3312/2851 3103/3320/2857 3333/3451/2968
f 2693/3441/2960 3160/3452/2969 3334/3453/2970 3154/3440/2959
f 3154/3440/2959 3334/3453/2970 3159/3450/2967 2692/3435/2955
f 3334/3453/2970 3099/3309/2849 2669/3312/2851 3159/3450/2967
f 3160/3452/2969 2667/3310/2843 3099/3309/2849 3334/3453/2970
f 2694/3447/2964 3161/3454/2971 3335/3455/2972 3156/3445/2963
f 3156/3445/2963 3335/3455/2972 3160/3456/2969 2693/3446/2960
f 3335/3455/2972 3095/3295/2841 2667/3297/2843 3160/3456/2969
f 3161/3454/2971 2665/3287/2835 3095/3295/2841 3335/3455/2972
f 2661/3267/2819 3087/3275/2825 3336/3457/2973 3158/3449/2966
f 3158/3449/2966 3336/3457/2973 3161/3454/2971 2694/3447/2964
f 3336/3457/2973 3091/3285/2833 2665/3287/2835 3161/3454/2971
f 3087/3275/2825 2663/3277/2827 3091/3285/2833 3336/3457/2973
f 1710/3234/1787 2279/3458/1998 3337/3459/2974 3070/3232/2791
f 3070/3232/2791 3337/3459/2974 3162/3460/2975 2656/3233/2792
f 3337/3459/2974 3163/3461/2976 2695/3462/2977 3162/3460/2975
f 2279/3458/1998 1763/3463/2002 3163/3461/2976 3337/3459/2974
f 2656/3233/2792 3162/3460/2975 3338/3464/2978 3079/3250/2805
f 3079/3250/2805 3338/3464/2978 3164/3465/2979 2658/3255/2810
f 3338/3464/2978 3165/3466/2980 2696/3467/2981 3164/3465/2979
f 3162/3460/2975 2695/3462/2977 3165/3466/2980 3338/3464/2978
f 2658/3255/2810 3164/3465/2979 3339/3468/2982 3080/3259/2812
f 3080/3259/2812 3339/3468/2982 2280/3469/2008 1713/3256/1809
f 3339/3468/2982 3166/3470/2983 1764/3471/2009 2280/3469/2008
f 3164/3465/2979 2696/3467/2981 3166/3470/2983 3339/3468/2982
f 1763/3463/2002 2286/3472/2012 3340/3473/2984 3163/3461/2976
f 3163/3461/2976 3340/3473/2984 3167/3474/2985 2695/3462/2977
f 3340/3473/2984 3074/3244/2800 2697/3246/2802 3167/3474/2985
f 2286/3472/2012 1767/3241/1794 3074/3244/2800 3340/3473/2984
f 2695/3462/2977 3167/3474/2985 3341/3475/2986 3165/3466/2980
f 3165/3466/2980 3341/3475/2986 3168/3476/2987 2696/3467/2981
f 3341/3475/2986 3075/3245/2801 2698/3248/2804 3168/3476/2987
f 3167/3474/2985 2697/3246/2802 3075/3245/2801 3341/3475/2986
f 2696/3467/2981 3168/3476/2987 3342/3477/2988 3166/3470/2983
f 3166/3470/2983 3342/3477/2988 2287/3478/2017 1764/3471/2009
f 3342/3477/2988 3076/3247/2803 1768/3249/1802 2287/3478/2017
f 3168/3476/2987 2698/3248/2804 3076/3247/2803 3342/3477/2988
f 1746/3368/1916 2290/3479/2019 3343/3480/2989 3122/3366/2894
f 3122/3366/2894 3343/3480/2989 3169/3481/2990 2680/3367/2895
f 3343/3480/2989 3170/3482/2991 2699/3483/2992 3169/3481/2990
f 2290/3479/2019 1771/3484/2023 3170/3482/2991 3343/3480/2989
f 2680/3367/2895 3169/3481/2990 3344/3485/2993 3127/3373/2900
f 3127/3373/2900 3344/3485/2993 3171/3486/2994 2682/3378/2905
f 3344/3485/2993 3172/3487/2995 2700/3488/2996 3171/3486/2994
f 3169/3481/2990 2699/3483/2992 3172/3487/2995 3344/3485/2993
f 2682/3379/2905 3171/3489/2994 3345/3490/2997 3130/3380/2906
f 3130/3380/2906 3345/3490/2997 3173/3491/2998 2684/3387/2911
f 3345/3490/2997 3174/3492/2999 2701/3493/3000 3173/3491/2998
f 3171/3489/2994 2700/3494/2996 3174/3492/2999 3345/3490/2997
f 2684/3387/2911 3173/3491/2998 3346/3495/3001 3131/3391/2913
f 3131/3391/2913 3346/3495/3001 2295/3496/2033 1751/3388/1933
f 3346/3495/3001 3175/3497/3002 1774/3498/2034 2295/3496/2033
f 3173/3491/2998 2701/3493/3000 3175/3497/3002 3346/3495/3001
f 1771/3484/2023 2299/3499/2037 3347/3500/3003 3170/3482/2991
f 3170/3482/2991 3347/3500/3003 3176/3501/3004 2699/3483/2992
f 3347/3500/3003 3177/3502/3005 2702/3503/3006 3176/3501/3004
f 2299/3499/2037 1776/3504/2041 3177/3502/3005 3347/3500/3003
f 2699/3483/2992 3176/3501/3004 3348/3505/3007 3172/3487/2995
f 3172/3487/2995 3348/3505/3007 3178/3506/3008 2700/3488/2996
f 3348/3505/3007 3179/3507/3009 2703/3508/3010 3178/3506/3008
f 3176/3501/3004 2702/3503/3006 3179/3507/3009 3348/3505/3007
f 2700/3494/2996 3178/3509/3008 3349/3510/3011 3174/3492/2999
f 3174/3492/2999 3349/3510/3011 3180/3511/3012 2701/3493/3000
f 3349/3510/3011 3181/3512/3013 2704/3513/3014 3180/3511/3012
f 3178/3509/3008 2703/3514/3010 3181/3512/3013 3349/3510/3011
f 2701/3493/3000 3180/3511/3012 3350/3515/3015 3175/3497/3002
f 3175/3497/3002 3350/3515/3015 2304/3516/2051 1774/3498/2034
f 3350/3515/3015 3182/3517/3016 1779/3518/2052 2304/3516/2051
f 3180/3511/3012 2704/3513/3014 3182/3517/3016 3350/3515/3015
f 1944/3519/2054 3185/3520/3017 3351/3521/3018 2308/3522/2055
f 2308/3522/2055 3351/3521/3018 3183/3523/3019 1943/3524/2058
f 3351/3521/3018 3184/3525/3020 2705/3526/3021 3183/3523/3019
f 3185/3520/3017 2745/3527/3022 3184/3525/3020 3351/3521/3018
f 2705/3526/3021 3184/3525/3020 3352/3528/3023 3186/3529/3024
f 3186/3529/3024 3352/3528/3023 3187/3530/3025 2756/3531/3026
f 3352/3528/3023 3188/3532/3027 2757/3533/3028 3187/3530/3025
f 3184/3525/3020 2745/3527/3022 3188/3532/3027 3352/3528/3023
f 1946/3534/2069 3191/3535/3029 3353/3536/3030 2315/3537/2070
f 2315/3537/2070 3353/3536/3030 3189/3538/3031 1945/3539/2073
f 3353/3536/3030 3190/3540/3032 2707/3541/3033 3189/3538/3031
f 3191/3535/3029 2709/3542/3034 3190/3540/3032 3353/3536/3030
f 2707/3541/3033 3190/3540/3032 3354/3543/3035 3192/3544/3036
f 3192/3544/3036 3354/3543/3035 3193/3545/3037 2758/3546/3038
f 3354/3543/3035 3194/3547/3039 2759/3548/3040 3193/3545/3037
f 3190/3540/3032 2709/3542/3034 3194/3547/3039 3354/3543/3035
f 1947/3549/2084 3196/3550/3041 3355/3551/3042 2322/3552/2085
f 2322/3552/2085 3355/3551/3042 3191/3535/3029 1946/3534/2069
f 3355/3551/3042 3195/3553/3043 2709/3542/3034 3191/3535/3029
f 3196/3550/3041 2852/3554/3044 3195/3553/3043 3355/3551/3042
f 2709/3542/3034 3195/3553/3043 3356/3555/3045 3194/3547/3039
f 3194/3547/3039 3356/3555/3045 3197/3556/3046 2759/3548/3040
f 3356/3555/3045 3198/3557/3047 2851/3558/3048 3197/3556/3046
f 3195/3553/3043 2852/3554/3044 3198/3557/3047 3356/3555/3045
f 1949/3559/2094 3201/3560/3049 3357/3561/3050 2327/3562/2095
f 2327/3562/2095 3357/3561/3050 3199/3563/3051 1948/3564/2098
f 3357/3561/3050 3200/3565/3052 2711/3566/3053 3199/3563/3051
f 3201/3560/3049 2713/3567/3054 3200/3565/3052 3357/3561/3050
f 2711/3566/3053 3200/3565/3052 3358/3568/3055 3202/3569/3056
f 3202/3569/3056 3358/3568/3055 3203/3570/3057 2760/3571/3058
f 3358/3568/3055 3204/3572/3059 2761/3573/3060 3203/3570/3057
f 3200/3565/3052 2713/3567/3054 3204/3572/3059 3358/3568/3055
f 2713/3567/3054 3207/3574/3061 3359/3575/3062 3204/3572/3059
f 3204/3572/3059 3359/3575/3062 3205/3576/3063 2761/3573/3060
f 3359/3575/3062 3206/3577/3064 2762/3578/3065 3205/3576/3063
f 3207/3574/3061 2715/3579/3066 3206/3577/3064 3359/3575/3062
f 2715/3580/3066 3210/3581/3067 3360/3582/3068 3206/3583/3064
f 3206/3583/3064 3360/3582/3068 3208/3584/3069 2762/3585/3065
f 3360/3582/3068 3209/3586/3070 2763/3587/3071 3208/3584/3069
f 3210/3581/3067 2717/3588/3072 3209/3586/3070 3360/3582/3068
f 1934/3589/2121 3213/3590/3073 3361/3591/3074 2340/3592/2122
f 2340/3592/2122 3361/3591/3074 3211/3593/3075 1933/3594/2125
f 3361/3591/3074 3212/3595/3076 2717/3588/3072 3211/3593/3075
f 3213/3590/3073 2719/3596/3077 3212/3595/3076 3361/3591/3074
f 2717/3588/3072 3212/3595/3076 3362/3597/3078 3209/3586/3070
f 3209/3586/3070 3362/3597/3078 3214/3598/3079 2763/3587/3071
f 3362/3597/3078 3215/3599/3080 2764/3600/3081 3214/3598/3079
f 3212/3595/3076 2719/3596/3077 3215/3599/3080 3362/3597/3078
f 1936/3601/2133 3218/3602/3082 3363/3603/3083 2346/3604/2134
f 2346/3604/2134 3363/3603/3083 3216/3605/3084 1935/3606/2137
f 3363/3603/3083 3217/3607/3085 2834/3608/3086 3216/3605/3084
f 3218/3602/3082 2721/3609/3087 3217/3607/3085 3363/3603/3083
f 2834/3608/3086 3217/3607/3085 3364/3610/3088 3219/3611/3089
f 3219/3611/3089 3364/3610/3088 3220/3612/3090 2835/3613/3091
f 3364/3610/3088 3221/3614/3092 2765/3615/3093 3220/3612/3090
f 3217/3607/3085 2721/3609/3087 3221/3614/3092 3364/3610/3088
f 1937/3616/2148 3223/3617/3094 3365/3618/3095 2353/3619/2149
f 2353/3619/2149 3365/3618/3095 3218/3602/3082 1936/3601/2133
f 3365/3618/3095 3222/3620/3096 2721/3609/3087 3218/3602/3082
f 3223/3617/3094 2723/3621/3097 3222/3620/3096 3365/3618/3095
f 2721/3609/3087 3222/3620/3096 3366/3622/3098 3221/3614/3092
f 3221/3614/3092 3366/3622/3098 3224/3623/3099 2765/3615/3093
f 3366/3622/3098 3225/3624/3100 2766/3625/3101 3224/3623/3099
f 3222/3620/3096 2723/3621/3097 3225/3624/3100 3366/3622/3098
f 1939/3626/2158 3228/3627/3102 3367/3628/3103 2358/3629/2159
f 2358/3629/2159 3367/3628/3103 3226/3630/3104 1938/3631/2162
f 3367/3628/3103 3227/3632/3105 2739/3633/3106 3226/3630/3104
f 3228/3627/3102 2725/3634/3107 3227/3632/3105 3367/3628/3103
f 2739/3633/3106 3227/3632/3105 3368/3635/3108 3229/3636/3109
f 3229/3636/3109 3368/3635/3108 3230/3637/3110 2767/3638/3111
f 3368/3635/3108 3231/3639/3112 2768/3640/3113 3230/3637/3110
f 3227/3632/3105 2725/3634/3107 3231/3639/3112 3368/3635/3108
f 1940/3641/2173 3233/3642/3114 3369/3643/3115 2365/3644/2174
f 2365/3644/2174 3369/3643/3115 3228/3627/3102 1939/3626/2158
f 3369/3643/3115 3232/3645/3116 2725/3634/3107 3228/3627/3102
f 3233/3642/3114 2727/3646/3117 3232/3645/3116 3369/3643/3115
f 2746/3647/3118 3237/3648/3119 3370/3649/3120 3234/3650/3121
f 3234/3650/3121 3370/3649/3120 3235/3651/3122 2769/3652/3123
f 3370/3649/3120 3236/3653/3124 2770/3654/3125 3235/3651/3122
f 3237/3648/3119 2749/3655/3126 3236/3653/3124 3370/3649/3120
f 1941/3656/2188 3239/3657/3127 3371/3658/3128 2372/3659/2189
f 2372/3659/2189 3371/3658/3128 3233/3642/3114 1940/3641/2173
f 3371/3658/3128 3238/3660/3129 2727/3646/3117 3233/3642/3114
f 3239/3657/3127 2729/3661/3130 3238/3660/3129 3371/3658/3128
f 2749/3655/3126 3242/3662/3131 3372/3663/3132 3236/3653/3124
f 3236/3653/3124 3372/3663/3132 3240/3664/3133 2770/3654/3125
f 3372/3663/3132 3241/3665/3134 2771/3666/3135 3240/3664/3133
f 3242/3662/3131 2751/3667/3136 3241/3665/3134 3372/3663/3132
f 1942/3668/2200 3244/3669/3137 3373/3670/3138 2378/3671/2201
f 2378/3671/2201 3373/3670/3138 3239/3672/3127 1941/3673/2188
f 3373/3670/3138 3243/3674/3139 2729/3675/3130 3239/3672/3127
f 3244/3669/3137 2731/3676/3140 3243/3674/3139 3373/3670/3138
f 2751/3677/3136 3247/3678/3141 3374/3679/3142 3241/3680/3134
f 3241/3680/3134 3374/3679/3142 3245/3681/3143 2771/3682/3135
f 3374/3679/3142 3246/3683/3144 2772/3684/3145 3245/3681/3143
f 3247/3678/3141 2753/3685/3146 3246/3683/3144 3374/3679/3142
f 1943/3524/2058 3183/3523/3019 3375/3686/3147 2384/3687/2212
f 2384/3687/2212 3375/3686/3147 3244/3669/3137 1942/3668/2200
f 3375/3686/3147 3248/3688/3148 2731/3676/3140 3244/3669/3137
f 3183/3523/3019 2705/3526/3021 3248/3688/3148 3375/3686/3147
f 2753/3685/3146 3251/3689/3149 3376/3690/3150 3246/3683/3144
f 3246/3683/3144 3376/3690/3150 3249/3691/3151 2772/3684/3145
f 3376/3690/3150 3250/3692/3152 2773/3693/3153 3249/3691/3151
f 3251/3689/3149 2755/3694/3154 3250/3692/3152 3376/3690/3150
f 2728/3695/3155 3255/3696/3156 3377/3697/3157 3252/3698/3158
f 3252/3698/3158 3377/3697/3157 3253/3699/3159 2726/3700/3160
f 3377/3697/3157 3254/3701/3161 2740/3702/3162 3253/3699/3159
f 3255/3696/3156 2741/3703/3163 3254/3701/3161 3377/3697/3157
f 2730/3704/3164 3258/3705/3165 3378/3706/3166 3256/3707/3167
f 3256/3707/3167 3378/3706/3166 3255/3696/3156 2728/3695/3155
f 3378/3706/3166 3257/3708/3168 2741/3703/3163 3255/3696/3156
f 3258/3705/3165 2742/3709/3169 3257/3708/3168 3378/3706/3166
f 2732/3710/3170 3261/3711/3171 3379/3712/3172 3259/3713/3173
f 3259/3713/3173 3379/3712/3172 3258/3714/3165 2730/3715/3164
f 3379/3712/3172 3260/3716/3174 2742/3717/3169 3258/3714/3165
f 3261/3711/3171 2743/3718/3175 3260/3716/3174 3379/3712/3172
f 2706/3719/3176 3264/3720/3177 3380/3721/3178 3262/3722/3179
f 3262/3722/3179 3380/3721/3178 3261/3711/3171 2732/3710/3170
f 3380/3721/3178 3263/3723/3180 2743/3718/3175 3261/3711/3171
f 3264/3720/3177 2744/3724/3181 3263/3723/3180 3380/3721/3178
f 2733/3725/3182 3268/3726/3183 3381/3727/3184 3265/3728/3185
f 3265/3728/3185 3381/3727/3184 3266/3729/3186 2724/3730/3187
f 3381/3727/3184 3267/3731/3188 2722/3732/3189 3266/3729/3186
f 3268/3726/3183 2736/3733/3190 3267/3731/3188 3381/3727/3184
f 2734/3734/3191 3271/3735/3192 3382/3736/3193 3269/3737/3194
f 3269/3737/3194 3382/3736/3193 3268/3726/3183 2733/3725/3182
f 3382/3736/3193 3270/3738/3195 2736/3733/3190 3268/3726/3183
f 3271/3735/3192 2737/3739/3196 3270/3738/3195 3382/3736/3193
f 2735/3740/3197 3274/3741/3198 3383/3742/3199 3272/3743/3200
f 3272/3743/3200 3383/3742/3199 3271/3744/3192 2734/3745/3191
f 3383/3742/3199 3273/3746/3201 2737/3747/3196 3271/3744/3192
f 3274/3741/3198 2738/3748/3202 3273/3746/3201 3383/3742/3199
f 2708/3749/3203 3277/3750/3204 3384/3751/3205 3275/3752/3206
f 3275/3752/3206 3384/3751/3205 3274/3741/3198 2735/3740/3197
f 3384/3751/3205 3276/3753/3207 2738/3748/3202 3274/3741/3198
f 3277/3750/3204 2710/3754/3208 3276/3753/3207 3384/3751/3205
f 2736/3733/3190 3280/3755/3209 3385/3756/3210 3267/3731/3188
f 3267/3731/3188 3385/3756/3210 3278/3757/3211 2722/3732/3189
f 3385/3756/3210 3279/3758/3212 2836/3759/3213 3278/3757/3211
f 3280/3755/3209 2837/3760/3214 3279/3758/3212 3385/3756/3210
f 2811/3761/3215 3284/3762/3216 3738/4475/3217 3386/3763/3218 3281/3764/3219
f 3281/3764/3219 3386/3763/3218 3762/4499/3220 3282/3765/3221 2810/3766/3222
f 3588/4320/3223 3773/4510/3224 3587/4321/3225 3749/4486/3226 3589/4322/3227 3757/4494/3228 3590/4323/3229 3765/4502/3230
f 3579/4312/3231 3741/4478/3232 3580/4313/3233 3721/4456/3234 3581/4314/3235 3733/4470/3236 3582/4315/3237 3739/4476/3238
f 2814/3770/3239 3287/3771/3240 3387/3772/3241 3285/3773/3242
f 3285/3773/3242 3387/3772/3241 3284/3774/3216 2811/3775/3215
f 3387/3772/3241 3286/3776/3243 2843/3777/3244 3707/4442/3245 3725/4462/3246 3284/3774/3216
f 3567/4300/3247 3674/4407/3248 3568/4301/3249 3681/4414/3250 3569/4302/3251 3570/4303/3252
f 2710/3754/3208 3290/3779/3253 3388/3780/3254 3276/3753/3207
f 3276/3753/3207 3388/3780/3254 3288/3781/3255 2738/3748/3202
f 3388/3780/3254 3289/3782/3256 2849/3783/3257 3288/3781/3255
f 3290/3779/3253 2850/3784/3258 3289/3782/3256 3388/3780/3254
f 1938/3631/2162 3226/3630/3104 3389/3785/3259 1955/3786/2333
f 1955/3786/2333 3389/3785/3259 3223/3617/3094 1937/3616/2148
f 3389/3785/3259 2860/3787/3260 2723/3621/3097 3223/3617/3094
f 3226/3630/3104 2739/3633/3106 2860/3787/3260 3389/3785/3259
f 2723/3621/3097 2860/3787/3260 3390/3788/3261 3225/3624/3100
f 3225/3624/3100 3390/3788/3261 2861/3789/3262 2766/3625/3101
f 3390/3788/3261 3229/3636/3109 2767/3638/3111 2861/3789/3262
f 2860/3787/3260 2739/3633/3106 3229/3636/3109 3390/3788/3261
f 2741/3703/3163 2863/3790/3263 3391/3791/3264 3254/3701/3161
f 3254/3701/3161 3391/3791/3264 2862/3792/3265 2740/3702/3162
f 3391/3791/3264 3265/3728/3185 2724/3730/3187 2862/3792/3265
f 2863/3790/3263 2733/3725/3182 3265/3728/3185 3391/3791/3264
f 2742/3709/3169 2864/3793/3266 3392/3794/3267 3257/3708/3168
f 3257/3708/3168 3392/3794/3267 2863/3790/3263 2741/3703/3163
f 3392/3794/3267 3269/3737/3194 2733/3725/3182 2863/3790/3263
f 2864/3793/3266 2734/3734/3191 3269/3737/3194 3392/3794/3267
f 2743/3718/3175 2865/3795/3268 3393/3796/3269 3260/3716/3174
f 3260/3716/3174 3393/3796/3269 2864/3797/3266 2742/3717/3169
f 3393/3796/3269 3272/3743/3200 2734/3745/3191 2864/3797/3266
f 2865/3795/3268 2735/3740/3197 3272/3743/3200 3393/3796/3269
f 2744/3724/3181 2866/3798/3270 3394/3799/3271 3263/3723/3180
f 3263/3723/3180 3394/3799/3271 2865/3795/3268 2743/3718/3175
f 3394/3799/3271 3275/3752/3206 2735/3740/3197 2865/3795/3268
f 2866/3798/3270 2708/3749/3203 3275/3752/3206 3394/3799/3271
f 2745/3527/3022 2868/3800/3272 3395/3801/3273 3188/3532/3027
f 3188/3532/3027 3395/3801/3273 2867/3802/3274 2757/3533/3028
f 3395/3801/3273 3192/3544/3036 2758/3546/3038 2867/3802/3274
f 2868/3800/3272 2707/3541/3033 3192/3544/3036 3395/3801/3273
f 1945/3539/2073 3189/3538/3031 3396/3803/3275 1965/3804/2350
f 1965/3804/2350 3396/3803/3275 3185/3520/3017 1944/3519/2054
f 3396/3803/3275 2868/3800/3272 2745/3527/3022 3185/3520/3017
f 3189/3538/3031 2707/3541/3033 2868/3800/3272 3396/3803/3275
f 2784/3805/3276 2872/3806/3277 3397/3807/3278 2869/3808/3279
f 2869/3808/3279 3397/3807/3278 2870/3809/3280 2785/3810/3281
f 3397/3807/3278 2871/3811/3282 2792/3812/3283 2870/3809/3280
f 2872/3806/3277 2793/3813/3284 2871/3811/3282 3397/3807/3278
f 2774/3814/3285 2876/3815/3286 3398/3816/3287 2873/3817/3288
f 2873/3817/3288 3398/3816/3287 2874/3818/3289 2775/3819/3290
f 3398/3816/3287 2875/3820/3291 2790/3821/3292 2874/3818/3289
f 2876/3815/3286 2791/3822/3293 2875/3820/3291 3398/3816/3287
f 2783/3823/3294 2879/3824/3295 3399/3825/3296 2877/3826/3297
f 2877/3826/3297 3399/3825/3296 2872/3806/3277 2784/3805/3276
f 3399/3825/3296 2878/3827/3298 2793/3813/3284 2872/3806/3277
f 2879/3824/3295 2794/3828/3299 2878/3827/3298 3399/3825/3296
f 2775/3819/3290 2874/3818/3289 3400/3829/3300 2880/3830/3301
f 2880/3830/3301 3400/3829/3300 2881/3831/3302 2776/3832/3303
f 3400/3829/3300 2882/3833/3304 2789/3834/3305 2881/3831/3302
f 2874/3818/3289 2790/3821/3292 2882/3833/3304 3400/3829/3300
f 2782/3835/3306 2885/3836/3307 3401/3837/3308 2883/3838/3309
f 2883/3838/3309 3401/3837/3308 2879/3824/3295 2783/3823/3294
f 3401/3837/3308 2884/3839/3310 2794/3828/3299 2879/3824/3295
f 2885/3836/3307 2795/3840/3311 2884/3839/3310 3401/3837/3308
f 2776/3841/3303 2881/3842/3302 3402/3843/3312 2886/3844/3313
f 2886/3844/3313 3402/3843/3312 2887/3845/3314 2777/3846/3315
f 3402/3843/3312 2888/3847/3316 2788/3848/3317 2887/3845/3314
f 2881/3842/3302 2789/3849/3305 2888/3847/3316 3402/3843/3312
f 2781/3850/3318 2891/3851/3319 3403/3852/3320 2889/3853/3321
f 2889/3853/3321 3403/3852/3320 2885/3854/3307 2782/3855/3306
f 3403/3852/3320 2890/3856/3322 2795/3857/3311 2885/3854/3307
f 2891/3851/3319 2796/3858/3323 2890/3856/3322 3403/3852/3320
f 2777/3846/3315 2887/3845/3314 3404/3859/3324 2892/3860/3325
f 2892/3860/3325 3404/3859/3324 2893/3861/3326 2778/3862/3327
f 3404/3859/3324 2894/3863/3328 2787/3864/3329 2893/3861/3326
f 2887/3845/3314 2788/3848/3317 2894/3863/3328 3404/3859/3324
f 2797/3865/3330 2898/3866/3331 3405/3867/3332 2895/3868/3333
f 2895/3868/3333 3405/3867/3332 2896/3869/3334 2786/3870/3335
f 3405/3867/3332 2897/3871/3336 2779/3872/3337 2896/3869/3334
f 2898/3866/3331 2780/3873/3338 2897/3871/3336 3405/3867/3332
f 2780/3873/3338 2898/3866/3331 3406/3874/3339 2899/3875/3340
f 2899/3875/3340 3406/3874/3339 2891/3851/3319 2781/3850/3318
f 3406/3874/3339 2900/3876/3341 2796/3858/3323 2891/3851/3319
f 2898/3866/3331 2797/3865/3330 2900/3876/3341 3406/3874/3339
f 2757/3533/3028 2902/3877/3342 3407/3878/3343 3187/3530/3025
f 3187/3530/3025 3407/3878/3343 2901/3879/3344 2756/3531/3026
f 3407/3878/3343 3264/3720/3177 2706/3719/3176 2901/3879/3344
f 2902/3877/3342 2744/3724/3181 3264/3720/3177 3407/3878/3343
f 2758/3546/3038 2903/3880/3345 3408/3881/3346 2867/3802/3274
f 2867/3802/3274 3408/3881/3346 2902/3877/3342 2757/3533/3028
f 3408/3881/3346 2866/3798/3270 2744/3724/3181 2902/3877/3342
f 2903/3880/3345 2708/3749/3203 2866/3798/3270 3408/3881/3346
f 2759/3548/3040 2904/3882/3347 3409/3883/3348 3193/3545/3037
f 3193/3545/3037 3409/3883/3348 2903/3880/3345 2758/3546/3038
f 3409/3883/3348 3277/3750/3204 2708/3749/3203 2903/3880/3345
f 2904/3882/3347 2710/3754/3208 3277/3750/3204 3409/3883/3348
f 2850/3784/3258 3290/3779/3253 3410/3884/3349 2905/3885/3350
f 2905/3885/3350 3410/3884/3349 3197/3556/3046 2851/3558/3048
f 3410/3884/3349 2904/3882/3347 2759/3548/3040 3197/3556/3046
f 3290/3779/3253 2710/3754/3208 2904/3882/3347 3410/3884/3349
f 2761/3573/3060 2908/3886/3351 3411/3887/3352 3203/3570/3057
f 3203/3570/3057 3411/3887/3352 2906/3888/3353 2760/3571/3058
f 3411/3887/3352 2907/3889/3354 2712/3890/3355 2906/3888/3353
f 2908/3886/3351 2714/3891/3356 2907/3889/3354 3411/3887/3352
f 2762/3578/3065 2910/3892/3357 3412/3893/3358 3205/3576/3063
f 3205/3576/3063 3412/3893/3358 2908/3886/3351 2761/3573/3060
f 3412/3893/3358 2909/3894/3359 2714/3891/3356 2908/3886/3351
f 2910/3892/3357 2716/3895/3360 2909/3894/3359 3412/3893/3358
f 2763/3587/3071 2912/3896/3361 3413/3897/3362 3208/3584/3069
f 3208/3584/3069 3413/3897/3362 2910/3898/3357 2762/3585/3065
f 3413/3897/3362 2911/3899/3363 2716/3900/3360 2910/3898/3357
f 2912/3896/3361 2718/3901/3364 2911/3899/3363 3413/3897/3362
f 2764/3600/3081 2914/3902/3365 3414/3903/3366 3214/3598/3079
f 3214/3598/3079 3414/3903/3366 2912/3896/3361 2763/3587/3071
f 3414/3903/3366 2913/3904/3367 2718/3901/3364 2912/3896/3361
f 2914/3902/3365 2720/3905/3368 2913/3904/3367 3414/3903/3366
f 2765/3615/3093 2916/3906/3369 3415/3907/3370 3220/3612/3090
f 3220/3612/3090 3415/3907/3370 2915/3908/3371 2835/3613/3091
f 3415/3907/3370 3278/3757/3211 2836/3759/3213 2915/3908/3371
f 2916/3906/3369 2722/3732/3189 3278/3757/3211 3415/3907/3370
f 2766/3625/3101 2917/3909/3372 3416/3910/3373 3224/3623/3099
f 3224/3623/3099 3416/3910/3373 2916/3906/3369 2765/3615/3093
f 3416/3910/3373 3266/3729/3186 2722/3732/3189 2916/3906/3369
f 2917/3909/3372 2724/3730/3187 3266/3729/3186 3416/3910/3373
f 2767/3638/3111 2918/3911/3374 3417/3912/3375 2861/3789/3262
f 2861/3789/3262 3417/3912/3375 2917/3909/3372 2766/3625/3101
f 3417/3912/3375 2862/3792/3265 2724/3730/3187 2917/3909/3372
f 2918/3911/3374 2740/3702/3162 2862/3792/3265 3417/3912/3375
f 2768/3640/3113 2919/3913/3376 3418/3914/3377 3230/3637/3110
f 3230/3637/3110 3418/3914/3377 2918/3911/3374 2767/3638/3111
f 3418/3914/3377 3253/3699/3159 2740/3702/3162 2918/3911/3374
f 2919/3913/3376 2726/3700/3160 3253/3699/3159 3418/3914/3377
f 2791/3822/3293 2876/3815/3286 3419/3915/3378 2920/3916/3379
f 2920/3916/3379 3419/3915/3378 2870/3809/3280 2792/3812/3283
f 3419/3915/3378 2921/3917/3380 2785/3810/3281 2870/3809/3280
f 2876/3815/3286 2774/3814/3285 2921/3917/3380 3419/3915/3378
f 2770/3654/3125 2924/3918/3381 3420/3919/3382 3235/3651/3122
f 3235/3651/3122 3420/3919/3382 2922/3920/3383 2769/3652/3123
f 3420/3919/3382 2923/3921/3384 2747/3922/3385 2922/3920/3383
f 2924/3918/3381 2748/3923/3386 2923/3921/3384 3420/3919/3382
f 2771/3666/3135 2926/3924/3387 3421/3925/3388 3240/3664/3133
f 3240/3664/3133 3421/3925/3388 2924/3918/3381 2770/3654/3125
f 3421/3925/3388 2925/3926/3389 2748/3923/3386 2924/3918/3381
f 2926/3924/3387 2750/3927/3390 2925/3926/3389 3421/3925/3388
f 2772/3684/3145 2928/3928/3391 3422/3929/3392 3245/3681/3143
f 3245/3681/3143 3422/3929/3392 2926/3930/3387 2771/3682/3135
f 3422/3929/3392 2927/3931/3393 2750/3932/3390 2926/3930/3387
f 2928/3928/3391 2752/3933/3394 2927/3931/3393 3422/3929/3392
f 2773/3693/3153 2930/3934/3395 3423/3935/3396 3249/3691/3151
f 3249/3691/3151 3423/3935/3396 2928/3928/3391 2772/3684/3145
f 3423/3935/3396 2929/3936/3397 2752/3933/3394 2928/3928/3391
f 2930/3934/3395 2754/3937/3398 2929/3936/3397 3423/3935/3396
f 2778/3862/3327 2893/3861/3326 3424/3938/3399 2931/3939/3400
f 2931/3939/3400 3424/3938/3399 2896/3869/3334 2779/3872/3337
f 3424/3938/3399 2932/3940/3401 2786/3870/3335 2896/3869/3334
f 2893/3861/3326 2787/3864/3329 2932/3940/3401 3424/3938/3399
f 2726/3700/3160 2934/3941/3402 3425/3942/3403 3252/3698/3158
f 3252/3698/3158 3425/3942/3403 2933/3943/3404 2728/3695/3155
f 3425/3942/3403 2873/3817/3288 2775/3819/3290 2933/3943/3404
f 2934/3941/3402 2774/3814/3285 2873/3817/3288 3425/3942/3403
f 2728/3695/3155 2933/3943/3404 3426/3944/3405 3256/3707/3167
f 3256/3707/3167 3426/3944/3405 2935/3945/3406 2730/3704/3164
f 3426/3944/3405 2880/3830/3301 2776/3832/3303 2935/3945/3406
f 2933/3943/3404 2775/3819/3290 2880/3830/3301 3426/3944/3405
f 2730/3715/3164 2935/3946/3406 3427/3947/3407 3259/3713/3173
f 3259/3713/3173 3427/3947/3407 2936/3948/3408 2732/3710/3170
f 3427/3947/3407 2886/3844/3313 2777/3846/3315 2936/3948/3408
f 2935/3946/3406 2776/3841/3303 2886/3844/3313 3427/3947/3407
f 2732/3710/3170 2936/3948/3408 3428/3949/3409 3262/3722/3179
f 3262/3722/3179 3428/3949/3409 2937/3950/3410 2706/3719/3176
f 3428/3949/3409 2892/3860/3325 2778/3862/3327 2937/3950/3410
f 2936/3948/3408 2777/3846/3315 2892/3860/3325 3428/3949/3409
f 2706/3719/3176 2937/3950/3410 3429/3951/3411 2901/3879/3344
f 2901/3879/3344 3429/3951/3411 2938/3952/3412 2756/3531/3026
f 3429/3951/3411 2931/3939/3400 2779/3872/3337 2938/3952/3412
f 2937/3950/3410 2778/3862/3327 2931/3939/3400 3429/3951/3411
f 2780/3873/3338 2939/3953/3413 3430/3954/3414 2897/3871/3336
f 2897/3871/3336 3430/3954/3414 2938/3952/3412 2779/3872/3337
f 3430/3954/3414 3186/3529/3024 2756/3531/3026 2938/3952/3412
f 2939/3953/3413 2705/3526/3021 3186/3529/3024 3430/3954/3414
f 2705/3526/3021 2939/3953/3413 3431/3955/3415 3248/3688/3148
f 3248/3688/3148 3431/3955/3415 2940/3956/3416 2731/3676/3140
f 3431/3955/3415 2899/3875/3340 2781/3850/3318 2940/3956/3416
f 2939/3953/3413 2780/3873/3338 2899/3875/3340 3431/3955/3415
f 2731/3676/3140 2940/3956/3416 3432/3957/3417 3243/3674/3139
f 3243/3674/3139 3432/3957/3417 2941/3958/3418 2729/3675/3130
f 3432/3957/3417 2889/3853/3321 2782/3855/3306 2941/3958/3418
f 2940/3956/3416 2781/3850/3318 2889/3853/3321 3432/3957/3417
f 2729/3661/3130 2941/3959/3418 3433/3960/3419 3238/3660/3129
f 3238/3660/3129 3433/3960/3419 2942/3961/3420 2727/3646/3117
f 3433/3960/3419 2883/3838/3309 2783/3823/3294 2942/3961/3420
f 2941/3959/3418 2782/3835/3306 2883/3838/3309 3433/3960/3419
f 2727/3646/3117 2942/3961/3420 3434/3962/3421 3232/3645/3116
f 3232/3645/3116 3434/3962/3421 2943/3963/3422 2725/3634/3107
f 3434/3962/3421 2877/3826/3297 2784/3805/3276 2943/3963/3422
f 2942/3961/3420 2783/3823/3294 2877/3826/3297 3434/3962/3421
f 2725/3634/3107 2943/3963/3422 3435/3964/3423 3231/3639/3112
f 3231/3639/3112 3435/3964/3423 2944/3965/3424 2768/3640/3113
f 3435/3964/3423 2869/3808/3279 2785/3810/3281 2944/3965/3424
f 2943/3963/3422 2784/3805/3276 2869/3808/3279 3435/3964/3423
f 2774/3814/3285 2934/3941/3402 3436/3966/3425 2921/3917/3380
f 2921/3917/3380 3436/3966/3425 2944/3965/3424 2785/3810/3281
f 3436/3966/3425 2919/3913/3376 2768/3640/3113 2944/3965/3424
f 2934/3941/3402 2726/3700/3160 2919/3913/3376 3436/3966/3425
f 2799/3967/3426 2948/3968/3427 3437/3969/3428 2945/3970/3429
f 2945/3970/3429 3437/3969/3428 2946/3971/3430 2798/3972/3431
f 3437/3969/3428 2947/3973/3432 2800/3974/3433 2946/3971/3430
f 2948/3968/3427 2801/3975/3434 2947/3973/3432 3437/3969/3428
f 2788/3848/3317 2950/3976/3435 3438/3977/3436 2894/3863/3328
f 2894/3863/3328 3438/3977/3436 2949/3978/3437 2787/3864/3329
f 3438/3977/3436 2929/3936/3397 2754/3937/3398 2949/3978/3437
f 2950/3976/3435 2752/3933/3394 2929/3936/3397 3438/3977/3436
f 2789/3849/3305 2951/3979/3438 3439/3980/3439 2888/3847/3316
f 2888/3847/3316 3439/3980/3439 2950/3976/3435 2788/3848/3317
f 3439/3980/3439 2927/3931/3393 2752/3933/3394 2950/3976/3435
f 2951/3979/3438 2750/3932/3390 2927/3931/3393 3439/3980/3439
f 2790/3821/3292 2952/3981/3440 3440/3982/3441 2882/3833/3304
f 2882/3833/3304 3440/3982/3441 2951/3983/3438 2789/3834/3305
f 3440/3982/3441 2925/3926/3389 2750/3927/3390 2951/3983/3438
f 2952/3981/3440 2748/3923/3386 2925/3926/3389 3440/3982/3441
f 2791/3822/3293 2953/3984/3442 3441/3985/3443 2875/3820/3291
f 2875/3820/3291 3441/3985/3443 2952/3981/3440 2790/3821/3292
f 3441/3985/3443 2923/3921/3384 2748/3923/3386 2952/3981/3440
f 2953/3984/3442 2747/3922/3385 2923/3921/3384 3441/3985/3443
f 2769/3652/3123 2922/3920/3383 3442/3986/3444 2954/3987/3445
f 2954/3987/3445 3442/3986/3444 2920/3916/3379 2792/3812/3283
f 3442/3986/3444 2953/3984/3442 2791/3822/3293 2920/3916/3379
f 2922/3920/3383 2747/3922/3385 2953/3984/3442 3442/3986/3444
f 2793/3813/3284 2955/3988/3446 3443/3989/3447 2871/3811/3282
f 2871/3811/3282 3443/3989/3447 2954/3987/3445 2792/3812/3283
f 3443/3989/3447 3234/3650/3121 2769/3652/3123 2954/3987/3445
f 2955/3988/3446 2746/3647/3118 3234/3650/3121 3443/3989/3447
f 2794/3828/3299 2956/3990/3448 3444/3991/3449 2878/3827/3298
f 2878/3827/3298 3444/3991/3449 2955/3988/3446 2793/3813/3284
f 3444/3991/3449 3237/3648/3119 2746/3647/3118 2955/3988/3446
f 2956/3990/3448 2749/3655/3126 3237/3648/3119 3444/3991/3449
f 2795/3840/3311 2957/3992/3450 3445/3993/3451 2884/3839/3310
f 2884/3839/3310 3445/3993/3451 2956/3990/3448 2794/3828/3299
f 3445/3993/3451 3242/3662/3131 2749/3655/3126 2956/3990/3448
f 2957/3992/3450 2751/3667/3136 3242/3662/3131 3445/3993/3451
f 2796/3858/3323 2958/3994/3452 3446/3995/3453 2890/3856/3322
f 2890/3856/3322 3446/3995/3453 2957/3996/3450 2795/3857/3311
f 3446/3995/3453 3247/3678/3141 2751/3677/3136 2957/3996/3450
f 2958/3994/3452 2753/3685/3146 3247/3678/3141 3446/3995/3453
f 2797/3865/3330 2959/3997/3454 3447/3998/3455 2900/3876/3341
f 2900/3876/3341 3447/3998/3455 2958/3994/3452 2796/3858/3323
f 3447/3998/3455 3251/3689/3149 2753/3685/3146 2958/3994/3452
f 2959/3997/3454 2755/3694/3154 3251/3689/3149 3447/3998/3455
f 2800/3974/3433 2962/3999/3456 3448/4000/3457 2946/3971/3430
f 2946/3971/3430 3448/4000/3457 2960/4001/3458 2798/3972/3431
f 3448/4000/3457 2961/4002/3459 2802/4003/3460 2960/4001/3458
f 2962/3999/3456 2803/4004/3461 2961/4002/3459 3448/4000/3457
f 2787/3864/3329 2964/4005/3462 3449/4006/3463 2932/3940/3401
f 2932/3940/3401 3449/4006/3463 2963/4007/3464 2786/3870/3335
f 3449/4006/3463 2945/3970/3429 2798/3972/3431 2963/4007/3464
f 2964/4005/3462 2799/3967/3426 2945/3970/3429 3449/4006/3463
f 2773/3693/3153 2966/4008/3465 3450/4009/3466 2930/3934/3395
f 2930/3934/3395 3450/4009/3466 2965/4010/3467 2754/3937/3398
f 3450/4009/3466 2947/3973/3432 2801/3975/3434 2965/4010/3467
f 2966/4008/3465 2800/3974/3433 2947/3973/3432 3450/4009/3466
f 2754/3937/3398 2965/4010/3467 3451/4011/3468 2949/3978/3437
f 2949/3978/3437 3451/4011/3468 2964/4005/3462 2787/3864/3329
f 3451/4011/3468 2948/3968/3427 2799/3967/3426 2964/4005/3462
f 2965/4010/3467 2801/3975/3434 2948/3968/3427 3451/4011/3468
f 2786/3870/3335 2963/4007/3464 3452/4012/3469 2895/3868/3333
f 2895/3868/3333 3452/4012/3469 2967/4013/3470 2797/3865/3330
f 3452/4012/3469 2960/4001/3458 2802/4003/3460 2967/4013/3470
f 2963/4007/3464 2798/3972/3431 2960/4001/3458 3452/4012/3469
f 2797/3865/3330 2967/4013/3470 3453/4014/3471 2959/3997/3454
f 2959/3997/3454 3453/4014/3471 2968/4015/3472 2755/3694/3154
f 3453/4014/3471 2961/4002/3459 2803/4004/3461 2968/4015/3472
f 2967/4013/3470 2802/4003/3460 2961/4002/3459 3453/4014/3471
f 2755/3694/3154 2968/4015/3472 3454/4016/3473 3250/3692/3152
f 3250/3692/3152 3454/4016/3473 2966/4008/3465 2773/3693/3153
f 3454/4016/3473 2962/3999/3456 2800/3974/3433 2966/4008/3465
f 2968/4015/3472 2803/4004/3461 2962/3999/3456 3454/4016/3473
f 2737/3739/3196 2971/4017/3474 3455/4018/3475 3270/3738/3195
f 3270/3738/3195 3455/4018/3475 2969/4019/3476 2736/3733/3190
f 3455/4018/3475 2970/4020/3477 2804/4021/3478 2969/4019/3476
f 2971/4017/3474 2805/4022/3479 2970/4020/3477 3455/4018/3475
f 2736/3733/3190 2969/4019/3476 3456/4023/3480 3280/3755/3209
f 3280/3755/3209 3456/4023/3480 2972/4024/3481 2837/3760/3214
f 3456/4023/3480 2973/4025/3482 2838/4026/3483 2972/4024/3481
f 2969/4019/3476 2804/4021/3478 2973/4025/3482 3456/4023/3480
f 2718/3901/3364 2976/4027/3484 3457/4028/3485 2911/3899/3363
f 2911/3899/3363 3457/4028/3485 2974/4029/3486 2716/3900/3360
f 3457/4028/3485 2975/4030/3487 2807/4031/3488 2974/4029/3486
f 2976/4027/3484 2806/4032/3489 2975/4030/3487 3457/4028/3485
f 2738/3748/3202 2978/4033/3490 3458/4034/3491 3273/3746/3201
f 3273/3746/3201 3458/4034/3491 2971/4035/3474 2737/3747/3196
f 3458/4034/3491 2977/4036/3492 2805/4037/3479 2971/4035/3474
f 2978/4033/3490 2808/4038/3493 2977/4036/3492 3458/4034/3491
f 2716/3895/3360 2974/4039/3486 3459/4040/3494 2909/3894/3359
f 2909/3894/3359 3459/4040/3494 2979/4041/3495 2714/3891/3356
f 3459/4040/3494 2980/4042/3496 2809/4043/3497 2979/4041/3495
f 2974/4039/3486 2807/4044/3488 2980/4042/3496 3459/4040/3494
f 2848/4045/3498 2982/4046/3499 3460/4047/3500 2981/4048/3501
f 2981/4048/3501 3460/4047/3500 3288/3781/3255 2849/3783/3257
f 3460/4047/3500 2978/4033/3490 2738/3748/3202 3288/3781/3255
f 2982/4046/3499 2808/4038/3493 2978/4033/3490 3460/4047/3500
f 2821/4049/3502 2985/4050/3503 3461/4051/3504 2983/4052/3505
f 2983/4052/3505 3461/4051/3504 2984/4053/3506 2816/4054/3507
f 3461/4051/3504 3281/3764/3219 2810/3766/3222 2984/4053/3506
f 2985/4050/3503 2811/3761/3215 3281/3764/3219 3461/4051/3504
f 2816/4054/3507 2984/4053/3506 3462/4055/3508 2986/4056/3509
f 2986/4056/3509 3462/4055/3508 2987/4057/3510 2841/4058/3511
f 3538/4271/3512 3518/4249/3513 3282/3765/3221 3754/4491/3514 2842/3768/3515
f 3518/4249/3513 2810/3766/3222 3282/3765/3221
f 2817/4059/3516 2991/4060/3517 3463/4061/3518 2988/4062/3519
f 2988/4062/3519 3463/4061/3518 2989/4063/3520 2818/4064/3521
f 3534/4267/3522 3535/4268/3523 2990/4065/3524 2813/4066/3525
f 3535/4268/3523 3536/4269/3526 2812/4067/3527 2990/4065/3524
f 2820/4068/3528 2993/4069/3529 3464/4070/3530 2992/4071/3531
f 2992/4071/3531 3464/4070/3530 2985/4072/3503 2821/4073/3502
f 3464/4070/3530 3285/3773/3242 2811/3775/3215 2985/4072/3503
f 2993/4069/3529 2814/3770/3239 3285/3773/3242 3464/4070/3530
f 2818/4074/3521 2989/4075/3520 3465/4076/3532 2994/4077/3533
f 2994/4077/3533 3465/4076/3532 2995/4078/3534 2819/4079/3535
f 3532/4264/3536 3533/4265/3537 2996/4080/3538 2815/4081/3539
f 3533/4265/3537 3534/4266/3522 2813/4082/3525 2996/4080/3538
f 2844/3778/3540 3287/3771/3240 3529/4261/3541 3530/4262/3542
f 2997/4084/3543 3466/4083/3544 2998/4085/3545 2845/4086/3546
f 3466/4083/3544 2993/4069/3529 2820/4068/3528 2998/4085/3545
f 3287/3771/3240 2814/3770/3239 3529/4261/3541
f 2822/4087/3547 3001/4088/3548 3467/4089/3549 2999/4090/3550
f 2999/4090/3550 3467/4089/3549 3000/4091/3551 2840/4092/3552
f 3467/4089/3549 2986/4056/3509 2841/4058/3511 3000/4091/3551
f 3001/4088/3548 2816/4054/3507 2986/4056/3509 3467/4089/3549
f 2823/4093/3553 3004/4094/3554 3468/4095/3555 3002/4096/3556
f 3002/4096/3556 3468/4095/3555 3003/4097/3557 2824/4098/3558
f 3468/4095/3555 2988/4062/3519 2818/4064/3521 3003/4097/3557
f 3004/4094/3554 2817/4059/3516 2988/4062/3519 3468/4095/3555
f 2824/4099/3558 3003/4100/3557 3469/4101/3559 3005/4102/3560
f 3005/4102/3560 3469/4101/3559 3006/4103/3561 2825/4104/3562
f 3469/4101/3559 2994/4077/3533 2819/4079/3535 3006/4103/3561
f 3003/4100/3557 2818/4074/3521 2994/4077/3533 3469/4101/3559
f 2845/4086/3546 2998/4085/3545 3470/4105/3563 3007/4106/3564
f 3007/4106/3564 3470/4105/3563 3008/4107/3565 2846/4108/3566
f 3470/4105/3563 3009/4109/3567 2826/4110/3568 3008/4107/3565
f 2998/4085/3545 2820/4068/3528 3009/4109/3567 3470/4105/3563
f 2826/4110/3568 3009/4109/3567 3471/4111/3569 3010/4112/3570
f 3010/4112/3570 3471/4111/3569 3011/4113/3571 2827/4114/3572
f 3471/4111/3569 2992/4071/3531 2821/4073/3502 3011/4113/3571
f 3009/4109/3567 2820/4068/3528 2992/4071/3531 3471/4111/3569
f 2827/4115/3572 3011/4116/3571 3472/4117/3573 3012/4118/3574
f 3012/4118/3574 3472/4117/3573 3001/4088/3548 2822/4087/3547
f 3472/4117/3573 2983/4052/3505 2816/4054/3507 3001/4088/3548
f 3011/4116/3571 2821/4049/3502 2983/4052/3505 3472/4117/3573
f 2828/4119/3575 3015/4120/3576 3473/4121/3577 3013/4122/3578
f 3013/4122/3578 3473/4121/3577 3014/4123/3579 2839/4124/3580
f 3473/4121/3577 2999/4090/3550 2840/4092/3552 3014/4123/3579
f 3015/4120/3576 2822/4087/3547 2999/4090/3550 3473/4121/3577
f 2829/4125/3581 3018/4126/3582 3474/4127/3583 3016/4128/3584
f 3016/4128/3584 3474/4127/3583 3017/4129/3585 2830/4130/3586
f 3474/4127/3583 3002/4096/3556 2824/4098/3558 3017/4129/3585
f 3018/4126/3582 2823/4093/3553 3002/4096/3556 3474/4127/3583
f 2830/4131/3586 3017/4132/3585 3475/4133/3587 3019/4134/3588
f 3019/4134/3588 3475/4133/3587 3020/4135/3589 2831/4136/3590
f 3475/4133/3587 3005/4102/3560 2825/4104/3562 3020/4135/3589
f 3017/4132/3585 2824/4099/3558 3005/4102/3560 3475/4133/3587
f 2846/4108/3566 3008/4107/3565 3476/4137/3591 3021/4138/3592
f 3021/4138/3592 3476/4137/3591 3022/4139/3593 2847/4140/3594
f 3476/4137/3591 3023/4141/3595 2832/4142/3596 3022/4139/3593
f 3008/4107/3565 2826/4110/3568 3023/4141/3595 3476/4137/3591
f 2832/4142/3596 3023/4141/3595 3477/4143/3597 3024/4144/3598
f 3024/4144/3598 3477/4143/3597 3025/4145/3599 2833/4146/3600
f 3477/4143/3597 3010/4112/3570 2827/4114/3572 3025/4145/3599
f 3023/4141/3595 2826/4110/3568 3010/4112/3570 3477/4143/3597
f 2833/4147/3600 3025/4148/3599 3478/4149/3601 3026/4150/3602
f 3026/4150/3602 3478/4149/3601 3015/4120/3576 2828/4119/3575
f 3478/4149/3601 3012/4118/3574 2822/4087/3547 3015/4120/3576
f 3025/4148/3599 2827/4115/3572 3012/4118/3574 3478/4149/3601
f 2804/4021/3478 3028/4151/3603 3479/4152/3604 2973/4025/3482
f 2973/4025/3482 3479/4152/3604 3027/4153/3605 2838/4026/3483
f 3479/4152/3604 3013/4122/3578 2839/4124/3580 3027/4153/3605
f 3028/4151/3603 2828/4119/3575 3013/4122/3578 3479/4152/3604
f 2806/4032/3489 3030/4154/3606 3480/4155/3607 2975/4030/3487
f 2975/4030/3487 3480/4155/3607 3029/4156/3608 2807/4031/3488
f 3480/4155/3607 3016/4128/3584 2830/4130/3586 3029/4156/3608
f 3030/4154/3606 2829/4125/3581 3016/4128/3584 3480/4155/3607
f 2807/4044/3488 3029/4157/3608 3481/4158/3609 2980/4042/3496
f 2980/4042/3496 3481/4158/3609 3031/4159/3610 2809/4043/3497
f 3481/4158/3609 3019/4134/3588 2831/4136/3590 3031/4159/3610
f 3029/4157/3608 2830/4131/3586 3019/4134/3588 3481/4158/3609
f 2847/4140/3594 3022/4139/3593 3482/4160/3611 3032/4161/3612
f 3032/4161/3612 3482/4160/3611 2982/4046/3499 2848/4045/3498
f 3482/4160/3611 3033/4162/3613 2808/4038/3493 2982/4046/3499
f 3022/4139/3593 2832/4142/3596 3033/4162/3613 3482/4160/3611
f 2808/4038/3493 3033/4162/3613 3483/4163/3614 2977/4036/3492
f 2977/4036/3492 3483/4163/3614 3034/4164/3615 2805/4037/3479
f 3483/4163/3614 3024/4144/3598 2833/4146/3600 3034/4164/3615
f 3033/4162/3613 2832/4142/3596 3024/4144/3598 3483/4163/3614
f 2805/4022/3479 3034/4165/3615 3484/4166/3616 2970/4020/3477
f 2970/4020/3477 3484/4166/3616 3028/4151/3603 2804/4021/3478
f 3484/4166/3616 3026/4150/3602 2828/4119/3575 3028/4151/3603
f 3034/4165/3615 2833/4147/3600 3026/4150/3602 3484/4166/3616
f 1935/3606/2137 3216/3605/3084 3485/4167/3617 2132/4168/2693
f 2132/4168/2693 3485/4167/3617 3213/3590/3073 1934/3589/2121
f 3485/4167/3617 3035/4169/3618 2719/3596/3077 3213/3590/3073
f 3216/3605/3084 2834/3608/3086 3035/4169/3618 3485/4167/3617
f 2719/3596/3077 3035/4169/3618 3486/4170/3619 3215/3599/3080
f 3215/3599/3080 3486/4170/3619 3036/4171/3620 2764/3600/3081
f 3486/4170/3619 3219/3611/3089 2835/3613/3091 3036/4171/3620
f 3035/4169/3618 2834/3608/3086 3219/3611/3089 3486/4170/3619
f 2836/3759/3213 3037/4172/3621 3487/4173/3622 2915/3908/3371
f 2915/3908/3371 3487/4173/3622 3036/4171/3620 2835/3613/3091
f 3487/4173/3622 2914/3902/3365 2764/3600/3081 3036/4171/3620
f 3037/4172/3621 2720/3905/3368 2914/3902/3365 3487/4173/3622
f 2837/3760/3214 3038/4174/3623 3488/4175/3624 3279/3758/3212
f 3279/3758/3212 3488/4175/3624 3037/4172/3621 2836/3759/3213
f 3488/4175/3624 2913/3904/3367 2720/3905/3368 3037/4172/3621
f 3038/4174/3623 2718/3901/3364 2913/3904/3367 3488/4175/3624
f 2838/4026/3483 3039/4176/3625 3489/4177/3626 2972/4024/3481
f 2972/4024/3481 3489/4177/3626 3038/4174/3623 2837/3760/3214
f 3489/4177/3626 2976/4027/3484 2718/3901/3364 3038/4174/3623
f 3039/4176/3625 2806/4032/3489 2976/4027/3484 3489/4177/3626
f 2839/4124/3580 3040/4178/3627 3490/4179/3628 3027/4153/3605
f 3027/4153/3605 3490/4179/3628 3039/4176/3625 2838/4026/3483
f 3490/4179/3628 3030/4154/3606 2806/4032/3489 3039/4176/3625
f 3040/4178/3627 2829/4125/3581 3030/4154/3606 3490/4179/3628
f 2840/4092/3552 3041/4180/3629 3491/4181/3630 3014/4123/3579
f 3014/4123/3579 3491/4181/3630 3040/4178/3627 2839/4124/3580
f 3491/4181/3630 3018/4126/3582 2829/4125/3581 3040/4178/3627
f 3041/4180/3629 2823/4093/3553 3018/4126/3582 3491/4181/3630
f 2841/4058/3511 3042/4182/3631 3492/4183/3632 3000/4091/3551
f 3000/4091/3551 3492/4183/3632 3041/4180/3629 2840/4092/3552
f 3492/4183/3632 3004/4094/3554 2823/4093/3553 3041/4180/3629
f 3042/4182/3631 2817/4059/3516 3004/4094/3554 3492/4183/3632
f 2842/3768/3515 3043/4184/3633 3537/4270/3634 3538/4271/3512
f 2987/4057/3510 3493/4185/3635 3042/4182/3631 2841/4058/3511
f 3493/4185/3635 2991/4060/3517 2817/4059/3516 3042/4182/3631
f 3043/4184/3633 2812/4067/3527 3536/4269/3526 3537/4270/3634
f 2843/3769/3244 3044/4186/3636 3494/4187/3637 3283/3767/3638 3720/4455/3639
f 3283/3767/3638 3494/4187/3637 3043/4184/3633 2842/3768/3515 3746/4483/3640
f 3494/4187/3637 2990/4065/3524 2812/4067/3527 3043/4184/3633
f 3044/4186/3636 2813/4066/3525 2990/4065/3524 3494/4187/3637
f 2844/3778/3540 3045/4188/3641 3495/4189/3642 3286/3776/3243
f 3286/3776/3243 3495/4189/3642 3044/4190/3636 2843/3777/3244
f 3495/4189/3642 2996/4080/3538 2813/4082/3525 3044/4190/3636
f 3045/4188/3641 2815/4081/3539 2996/4080/3538 3495/4189/3642
f 2819/4079/3535 2995/4078/3534 3496/4191/3643 3046/4192/3644
f 3046/4192/3644 3496/4191/3643 2997/4084/3543 2845/4086/3546
f 3530/4262/3542 3531/4263/3645 3045/4188/3641 2844/3778/3540
f 3531/4263/3645 3532/4264/3536 2815/4081/3539 3045/4188/3641
f 2825/4104/3562 3006/4103/3561 3497/4193/3646 3047/4194/3647
f 3047/4194/3647 3497/4193/3646 3007/4106/3564 2846/4108/3566
f 3497/4193/3646 3046/4192/3644 2845/4086/3546 3007/4106/3564
f 3006/4103/3561 2819/4079/3535 3046/4192/3644 3497/4193/3646
f 2831/4136/3590 3020/4135/3589 3498/4195/3648 3048/4196/3649
f 3048/4196/3649 3498/4195/3648 3021/4138/3592 2847/4140/3594
f 3498/4195/3648 3047/4194/3647 2846/4108/3566 3021/4138/3592
f 3020/4135/3589 2825/4104/3562 3047/4194/3647 3498/4195/3648
f 2809/4043/3497 3031/4159/3610 3499/4197/3650 3049/4198/3651
f 3049/4198/3651 3499/4197/3650 3032/4161/3612 2848/4045/3498
f 3499/4197/3650 3048/4196/3649 2847/4140/3594 3032/4161/3612
f 3031/4159/3610 2831/4136/3590 3048/4196/3649 3499/4197/3650
f 2714/3891/3356 2979/4041/3495 3500/4199/3652 3050/4200/3653
f 3050/4200/3653 3500/4199/3652 2981/4048/3501 2849/3783/3257
f 3500/4199/3652 3049/4198/3651 2848/4045/3498 2981/4048/3501
f 2979/4041/3495 2809/4043/3497 3049/4198/3651 3500/4199/3652
f 2850/3784/3258 3051/4201/3654 3501/4202/3655 3289/3782/3256
f 3289/3782/3256 3501/4202/3655 3050/4200/3653 2849/3783/3257
f 3501/4202/3655 2907/3889/3354 2714/3891/3356 3050/4200/3653
f 3051/4201/3654 2712/3890/3355 2907/3889/3354 3501/4202/3655
f 2760/3571/3058 2906/3888/3353 3502/4203/3656 3052/4204/3657
f 3052/4204/3657 3502/4203/3656 2905/3885/3350 2851/3558/3048
f 3502/4203/3656 3051/4201/3654 2850/3784/3258 2905/3885/3350
f 2906/3888/3353 2712/3890/3355 3051/4201/3654 3502/4203/3656
f 2852/3554/3044 3053/4205/3658 3503/4206/3659 3198/3557/3047
f 3198/3557/3047 3503/4206/3659 3052/4204/3657 2851/3558/3048
f 3503/4206/3659 3202/3569/3056 2760/3571/3058 3052/4204/3657
f 3053/4205/3658 2711/3566/3053 3202/3569/3056 3503/4206/3659
f 1948/3564/2098 3199/3563/3051 3504/4207/3660 2152/4208/2750
f 2152/4208/2750 3504/4207/3660 3196/3550/3041 1947/3549/2084
f 3504/4207/3660 3053/4205/3658 2852/3554/3044 3196/3550/3041
f 3199/3563/3051 2711/3566/3053 3053/4205/3658 3504/4207/3660
f 1950/4209/2752 3055/4210/3661 3505/4211/3662 2153/4212/2753
f 2153/4212/2753 3505/4211/3662 3201/3560/3049 1949/3559/2094
f 3505/4211/3662 3054/4213/3663 2713/3567/3054 3201/3560/3049
f 3055/4210/3661 2853/4214/3664 3054/4213/3663 3505/4211/3662
f 2713/3567/3054 3054/4213/3663 3506/4215/3665 3207/3574/3061
f 3207/3574/3061 3506/4215/3665 3056/4216/3666 2715/3579/3066
f 3506/4215/3665 3057/4217/3667 2854/4218/3668 3056/4216/3666
f 3054/4213/3663 2853/4214/3664 3057/4217/3667 3506/4215/3665
f 2715/3580/3066 3056/4219/3666 3507/4220/3669 3210/3581/3067
f 3210/3581/3067 3507/4220/3669 3058/4221/3670 2717/3588/3072
f 3507/4220/3669 3059/4222/3671 2855/4223/3672 3058/4221/3670
f 3056/4219/3666 2854/4224/3668 3059/4222/3671 3507/4220/3669
f 2717/3588/3072 3058/4221/3670 3508/4225/3673 3211/3593/3075
f 3211/3593/3075 3508/4225/3673 2160/4226/2767 1933/3594/2125
f 3508/4225/3673 3060/4227/3674 1932/4228/2768 2160/4226/2767
f 3058/4221/3670 2855/4223/3672 3060/4227/3674 3508/4225/3673
f 2853/4214/3664 3062/4229/3675 3509/4230/3676 3057/4217/3667
f 3057/4217/3667 3509/4230/3676 3061/4231/3677 2854/4218/3668
f 3509/4230/3676 3181/3512/3013 2703/3514/3010 3061/4231/3677
f 3062/4229/3675 2704/3513/3014 3181/3512/3013 3509/4230/3676
f 2854/4224/3668 3061/4232/3677 3510/4233/3678 3059/4222/3671
f 3059/4222/3671 3510/4233/3678 3063/4234/3679 2855/4223/3672
f 3510/4233/3678 3179/3507/3009 2702/3503/3006 3063/4234/3679
f 3061/4232/3677 2703/3508/3010 3179/3507/3009 3510/4233/3678
f 2855/4223/3672 3063/4234/3679 3511/4235/3680 3060/4227/3674
f 3060/4227/3674 3511/4235/3680 2166/4236/2776 1932/4228/2768
f 3511/4235/3680 3177/3502/3005 1776/3504/2041 2166/4236/2776
f 3063/4234/3679 2702/3503/3006 3177/3502/3005 3511/4235/3680
f 1779/3518/2052 3182/3517/3016 3512/4237/3681 2162/4238/2777
f 2162/4238/2777 3512/4237/3681 3055/4210/3661 1950/4209/2752
f 3512/4237/3681 3062/4229/3675 2853/4214/3664 3055/4210/3661
f 3182/3517/3016 2704/3513/3014 3062/4229/3675 3512/4237/3681
f 2687/3402/2924 3065/4239/3682 3513/4240/3683 3136/3401/2923
f 3136/3401/2923 3513/4240/3683 3064/4241/3684 2686/3398/2920
f 3513/4240/3683 3143/3418/2938 2856/3420/2940 3064/4241/3684
f 3065/4239/3682 2857/3415/2935 3143/3418/2938 3513/4240/3683
f 2686/3398/2920 3064/4241/3684 3514/4242/3685 3142/3411/2931
f 3142/3411/2931 3514/4242/3685 3066/4243/3686 2689/3414/2934
f 3514/4242/3685 3144/3419/2939 2858/3422/2942 3066/4243/3686
f 3064/4241/3684 2856/3420/2940 3144/3419/2939 3514/4242/3685
f 2689/3414/2934 3066/4243/3686 3515/4244/3687 3153/3439/2958
f 3153/3439/2958 3515/4244/3687 3067/4245/3688 2690/3436/2948
f 3515/4244/3687 3145/3421/2941 2859/3423/2943 3067/4245/3688
f 3066/4243/3686 2858/3422/2942 3145/3421/2941 3515/4244/3687
f 2690/3436/2948 3067/4245/3688 3516/4246/3689 3147/4247/2946
f 3147/4247/2946 3516/4246/3689 3065/4239/3682 2687/3402/2924
f 3516/4246/3689 3146/3416/2936 2857/3415/2935 3065/4239/3682
f 3067/4245/3688 2859/3423/2943 3146/3416/2936 3516/4246/3689
f 1886/2743/2286 3517/4248/2589 2419/2744/2287
f 2984/4053/3506 2810/3766/3222 3518/4249/3513 3462/4055/3508
f 2424/2751/2309 3519/4250/2621 1890/2748/2305
f 1920/2756/2723 3520/4251/2734 3519/4250/2621 2424/2751/2309 3667/4400/3690
f 3521/4252/2735 3520/4251/2734 1920/2756/2723 2143/3167/2727
f 3522/4253/2607 3521/4252/2735 2143/3167/2727 1891/3058/2730
f 3523/4254/2608 3522/4253/2607 1891/3058/2730 2093/3059/2729
f 3524/4256/2596 3523/4254/2608 2093/3059/2729 1889/3060/2722
f 3525/4257/2597 3524/4255/2596 1889/3043/2722 2087/3044/2721
f 3526/4258/2598 3525/4257/2597 2087/3044/2721 1888/3045/2720
f 2141/3163/2719 3527/4259/2710 3526/4258/2598 1888/3045/2720
f 1918/2745/2718 3528/4260/2588 3527/4259/2710 2141/3163/2719
f 3517/4248/2589 3528/4260/2588 1918/2745/2718 3750/4487/3691 2419/2744/2287
f 3529/4261/3541 2814/3770/3239 2993/4069/3529 3466/4083/3544 3650/4383/3692
f 3552/4284/3693 3662/4395/3694 3551/4285/3695 3652/4385/3696 3553/4286/3697 3666/4399/3698 3554/4287/3699 3658/4391/3700
f 3496/4191/3643 3531/4263/3645 3530/4262/3542 3656/4389/3701 2997/4084/3543
f 2995/4078/3534 3532/4264/3536 3531/4263/3645 3496/4191/3643
f 3465/4076/3532 3533/4265/3537 3532/4264/3536 2995/4078/3534
f 2989/4075/3520 3534/4266/3522 3533/4265/3537 3465/4076/3532
f 3463/4061/3518 3535/4268/3523 3534/4267/3522 2989/4063/3520
f 2991/4060/3517 3536/4269/3526 3535/4268/3523 3463/4061/3518
f 3537/4270/3634 3536/4269/3526 2991/4060/3517 3493/4185/3635
f 3538/4271/3512 3537/4270/3634 3493/4185/3635 2987/4057/3510
f 3462/4055/3508 3518/4249/3513 3538/4271/3512 2987/4057/3510
f 3519/4250/2621 3520/4251/2734 3540/4273/3702 3659/4392/3703 3539/4272/3704
f 3520/4251/2734 3653/4386/2733 3654/4387/3705 3540/4273/3702
f 2094/3061/2617 2603/3062/2620 3542/4275/3706 3663/4396/3707 3541/4274/3708
f 2603/3062/2620 3647/4380/2622 3648/4381/3709 3542/4275/3706
f 3530/4262/3542 3529/4261/3541 3543/4277/3710 3661/4394/3711 3544/4276/3712
f 3529/4261/3541 3650/4383/3692 3651/4384/3713 3543/4277/3710
f 3466/4083/3544 2997/4084/3543 3546/4279/3714 3665/4398/3715 3545/4278/3716
f 2997/4084/3543 3656/4389/3701 3657/4390/3717 3546/4279/3714
f 3539/4272/3704 3659/4392/3703 3660/4393/2610 3547/4280/2609
f 3540/4273/3702 3654/4387/3705 3655/4388/2612 3548/4281/2611
f 3541/4274/3708 3663/4396/3707 3664/4397/2614 3549/4282/2613
f 3542/4275/3706 3648/4381/3709 3649/4382/2616 3550/4283/2615
f 3544/4276/3712 3661/4394/3711 3662/4395/3694 3552/4284/3693
f 3543/4277/3710 3651/4384/3713 3652/4385/3696 3551/4285/3695
f 3545/4278/3716 3665/4398/3715 3666/4399/3698 3553/4286/3697
f 3546/4279/3714 3657/4390/3717 3658/4391/3700 3554/4287/3699
f 2424/2751/2309 3710/4445/2308 2524/2750/2307 3555/4289/3718 3556/4288/3719
f 2524/2750/2307 3698/4431/3720 2423/2755/2725 3557/4290/3721 3682/4415/3722 3555/4289/3718
f 3675/4408/3723 3774/4511/2724 1920/2756/2723 3558/4291/3724
f 1920/2756/2723 3667/4400/3690 3668/4401/3725 3558/4291/3724
f 3287/3771/3240 2844/3778/3540 3560/4293/3726 3559/4292/3727
f 2844/3778/3540 3286/3776/3243 3561/4294/3728 3560/4293/3726
f 3286/3776/3243 3387/3772/3241 3562/4295/3729 3686/4419/3730 3561/4294/3728
f 3387/3772/3241 3287/3771/3240 3559/4292/3727 3711/4446/3731 3562/4295/3729
f 3556/4288/3719 3555/4289/3718 3591/4324/3732 3689/4422/3733 3592/4325/3734
f 3555/4289/3718 3682/4415/3722 3683/4416/3735 3591/4324/3732
f 3557/4290/3721 3675/4408/3723 3676/4409/3736 3594/4327/3737
f 3558/4291/3724 3668/4401/3725 3669/4402/3738 3593/4326/3739
f 3604/4337/3740 3673/4406/3741 3674/4407/3248 3567/4300/3247
f 3605/4338/3742 3680/4413/3743 3681/4414/3250 3568/4301/3249
f 3606/4339/3744 3702/4435/3745 3688/4421/3746 3603/4336/3747 3570/4303/3252 3569/4302/3251
f 3603/4336/3747 3693/4426/3748 3604/4337/3740 3567/4300/3247 3570/4303/3252
f 2524/2750/2307 3712/4447/2310 3713/4448/3749 3608/4341/3750
f 2421/2753/2285 3722/4457/3751 3703/4436/3752 3704/4438/3753 3607/4340/3754
f 1919/2754/2712 3694/4427/2728 3695/4428/3755 3610/4343/3756
f 2423/2755/2725 3698/4431/3720 3699/4432/3757 3609/4342/3758
f 2421/2742/2285 3734/4471/2284 3735/4472/3759 3620/4353/3760
f 2523/2741/2283 3766/4503/3761 3726/4463/3762 3727/4464/3763 3619/4352/3764
f 2420/2746/2714 3716/4451/2713 3717/4452/3765 3622/4355/3766
f 1919/2747/2712 3703/4437/3752 3722/4458/3751 3723/4459/3767 3621/4354/3768
f 3617/4350/3769 3709/4444/3770 3741/4478/3232 3579/4312/3231
f 2843/3769/3244 3720/4455/3639 3721/4456/3234 3580/4313/3233 3618/4351/3771 3612/4345/3772
f 3283/3767/3638 3730/4467/3773 3731/4468/3774 3624/4357/3775
f 3386/3763/3218 3738/4475/3217 3739/4476/3238 3582/4315/3237 3645/4378/3776 3623/4356/3777
f 2523/2741/2283 3758/4495/2288 3759/4496/3778 3626/4359/3779
f 2419/2744/2287 3750/4487/3691 3751/4488/3780 3625/4358/3781
f 1918/2745/2718 3742/4479/2717 3743/4480/3782 3628/4361/3783
f 2420/2746/2714 3726/4463/3762 3766/4503/3761 3767/4504/3784 3627/4360/3785
f 3638/4371/3786 3772/4509/3787 3773/4510/3224 3588/4320/3223
f 3639/4372/3788 3748/4485/3789 3749/4486/3226 3587/4321/3225
f 3640/4373/3790 3756/4493/3791 3757/4494/3228 3589/4322/3227
f 3637/4370/3792 3764/4501/3793 3765/4502/3230 3590/4323/3229
f 3592/4325/3734 3689/4422/3733 3690/4423/3794 3600/4333/3795
f 3593/4326/3739 3669/4402/3738 3670/4403/3796 3601/4334/3797
f 3594/4327/3737 3676/4409/3736 3677/4410/3798 3602/4335/3799
f 3591/4324/3732 3683/4416/3735 3684/4417/3800 3599/4332/3801
f 3562/4295/3729 3711/4446/3731 3559/4292/3727 3596/4329/3802 3692/4425/3803 3595/4328/3804
f 3559/4292/3727 3560/4293/3726 3597/4330/3805 3672/4405/3806 3596/4329/3802
f 3560/4293/3726 3561/4294/3728 3598/4331/3807 3679/4412/3808 3597/4330/3805
f 3561/4294/3728 3686/4419/3730 3687/4420/3809 3598/4331/3807
f 3600/4333/3795 3690/4423/3794 3691/4424/2320 3564/4296/2319
f 3601/4334/3797 3670/4403/3796 3671/4404/2326 3566/4299/2325
f 3602/4335/3799 3677/4410/3798 3678/4411/2324 3565/4298/2323
f 3599/4332/3801 3684/4417/3800 3685/4418/2322 3563/4297/2321
f 3595/4328/3804 3692/4425/3803 3693/4426/3748 3603/4336/3747
f 3596/4329/3802 3672/4405/3806 3673/4406/3741 3604/4337/3740
f 3597/4330/3805 3679/4412/3808 3680/4413/3743 3605/4338/3742
f 3598/4331/3807 3687/4420/3809 3688/4421/3746 3702/4435/3745 3606/4339/3744
f 3608/4341/3750 3713/4448/3749 3714/4449/3810 3614/4347/3811
f 3609/4342/3758 3699/4432/3757 3700/4433/3812 3615/4348/3813
f 3610/4343/3756 3695/4428/3755 3696/4429/3814 3616/4349/3815
f 3607/4340/3754 3704/4438/3753 3705/4439/3816 3613/4346/3817
f 3284/3762/3216 3725/4461/3246 3707/4441/3245 3708/4443/3818 3611/4344/3819
f 3614/4347/3811 3714/4449/3810 3715/4450/2312 3572/4304/2311
f 3615/4348/3813 3700/4433/3812 3701/4434/2318 3574/4307/2317
f 3616/4349/3815 3696/4429/3814 3697/4430/2316 3573/4306/2315
f 3613/4346/3817 3705/4439/3816 3706/4440/2314 3571/4305/2313
f 3611/4344/3819 3708/4443/3818 3709/4444/3770 3617/4350/3769
f 3620/4353/3760 3735/4472/3759 3736/4473/3820 3642/4375/3821
f 3621/4354/3768 3723/4459/3767 3724/4460/3822 3643/4376/3823
f 3622/4355/3766 3717/4452/3765 3718/4453/3824 3644/4377/3825
f 3619/4352/3764 3727/4464/3763 3728/4465/3826 3641/4374/3827
f 3624/4357/3775 3731/4468/3774 3732/4469/3828 3646/4379/3829
f 3626/4359/3779 3759/4496/3778 3760/4497/3830 3634/4367/3831
f 3627/4360/3785 3767/4504/3784 3768/4505/3832 3635/4368/3833
f 3628/4361/3783 3743/4480/3782 3744/4481/3834 3636/4369/3835
f 3625/4358/3781 3751/4488/3780 3752/4489/3836 3633/4366/3837
f 3282/3765/3221 3762/4499/3220 3763/4500/3838 3629/4362/3839
f 3386/3763/3218 3770/4507/3840 3771/4508/3841 3630/4363/3842
f 3283/3767/3638 3746/4483/3640 3747/4484/3843 3631/4364/3844
f 2842/3768/3515 3754/4491/3514 3755/4492/3845 3632/4365/3846
f 3634/4367/3831 3760/4497/3830 3761/4498/2290 3584/4316/2289
f 3635/4368/3833 3768/4505/3832 3769/4506/2296 3586/4319/2295
f 3636/4369/3835 3744/4481/3834 3745/4482/2294 3585/4318/2293
f 3633/4366/3837 3752/4489/3836 3753/4490/2292 3583/4317/2291
f 3629/4362/3839 3763/4500/3838 3764/4501/3793 3637/4370/3792
f 3630/4363/3842 3771/4508/3841 3772/4509/3787 3638/4371/3786
f 3631/4364/3844 3747/4484/3843 3748/4485/3789 3639/4372/3788
f 3632/4365/3846 3755/4492/3845 3756/4493/3791 3640/4373/3790
f 3642/4375/3821 3736/4473/3820 3737/4474/2298 3576/4308/2297
f 3643/4376/3823 3724/4460/3822 3740/4477/2304 3578/4311/2303
f 3644/4377/3825 3718/4453/3824 3719/4454/2302 3577/4310/2301
f 3641/4374/3827 3728/4465/3826 3729/4466/2300 3575/4309/2299
f 3646/4379/3829 3732/4469/3828 3733/4470/3236 3581/4314/3235
f 3648/4381/3709 3647/4380/2622 3519/4250/2621 3539/4272/3704
f 3649/4382/2616 3648/4381/3709 3539/4272/3704 3547/4280/2609
f 3651/4384/3713 3650/4383/3692 3466/4083/3544 3545/4278/3716
f 3652/4385/3696 3651/4384/3713 3545/4278/3716 3553/4286/3697
f 3654/4387/3705 3653/4386/2733 2094/3061/2617 3541/4274/3708
f 3655/4388/2612 3654/4387/3705 3541/4274/3708 3549/4282/2613
f 3657/4390/3717 3656/4389/3701 3530/4262/3542 3544/4276/3712
f 3658/4391/3700 3657/4390/3717 3544/4276/3712 3552/4284/3693
f 3660/4393/2610 3659/4392/3703 3540/4273/3702 3548/4281/2611
f 3662/4395/3694 3661/4394/3711 3543/4277/3710 3551/4285/3695
f 3664/4397/2614 3663/4396/3707 3542/4275/3706 3550/4283/2615
f 3666/4399/3698 3665/4398/3715 3546/4279/3714 3554/4287/3699
f 3668/4401/3725 3667/4400/3690 2424/2751/2309 3556/4288/3719
f 3669/4402/3738 3668/4401/3725 3556/4288/3719 3592/4325/3734
f 3670/4403/3796 3669/4402/3738 3592/4325/3734 3600/4333/3795
f 3671/4404/2326 3670/4403/3796 3600/4333/3795 3564/4296/2319
f 3673/4406/3741 3672/4405/3806 3597/4330/3805 3605/4338/3742
f 3674/4407/3248 3673/4406/3741 3605/4338/3742 3568/4301/3249
f 3676/4409/3736 3675/4408/3723 3558/4291/3724 3593/4326/3739
f 3677/4410/3798 3676/4409/3736 3593/4326/3739 3601/4334/3797
f 3678/4411/2324 3677/4410/3798 3601/4334/3797 3566/4299/2325
f 3680/4413/3743 3679/4412/3808 3598/4331/3807 3606/4339/3744
f 3681/4414/3250 3680/4413/3743 3606/4339/3744 3569/4302/3251
f 3683/4416/3735 3682/4415/3722 3557/4290/3721 3594/4327/3737
f 3684/4417/3800 3683/4416/3735 3594/4327/3737 3602/4335/3799
f 3685/4418/2322 3684/4417/3800 3602/4335/3799 3565/4298/2323
f 3687/4420/3809 3686/4419/3730 3562/4295/3729 3595/4328/3804
f 3688/4421/3746 3687/4420/3809 3595/4328/3804 3603/4336/3747
f 3690/4423/3794 3689/4422/3733 3591/4324/3732 3599/4332/3801
f 3691/4424/2320 3690/4423/3794 3599/4332/3801 3563/4297/2321
f 3693/4426/3748 3692/4425/3803 3596/4329/3802 3604/4337/3740
f 3695/4428/3755 3694/4427/2728 2423/2755/2725 3609/4342/3758
f 3696/4429/3814 3695/4428/3755 3609/4342/3758 3615/4348/3813
f 3697/4430/2316 3696/4429/3814 3615/4348/3813 3574/4307/2317
f 3699/4432/3757 3698/4431/3720 2524/2750/2307 3608/4341/3750
f 3700/4433/3812 3699/4432/3757 3608/4341/3750 3614/4347/3811
f 3701/4434/2318 3700/4433/3812 3614/4347/3811 3572/4304/2311
f 3704/4438/3753 3703/4436/3752 1919/2754/2712 3610/4343/3756
f 3705/4439/3816 3704/4438/3753 3610/4343/3756 3616/4349/3815
f 3706/4440/2314 3705/4439/3816 3616/4349/3815 3573/4306/2315
f 3708/4443/3818 3707/4441/3245 2843/3769/3244 3612/4345/3772
f 3709/4444/3770 3708/4443/3818 3612/4345/3772 3618/4351/3771
f 3713/4448/3749 3712/4447/2310 2421/2753/2285 3607/4340/3754
f 3714/4449/3810 3713/4448/3749 3607/4340/3754 3613/4346/3817
f 3715/4450/2312 3714/4449/3810 3613/4346/3817 3571/4305/2313
f 3717/4452/3765 3716/4451/2713 1919/2747/2712 3621/4354/3768
f 3718/4453/3824 3717/4452/3765 3621/4354/3768 3643/4376/3823
f 3719/4454/2302 3718/4453/3824 3643/4376/3823 3578/4311/2303
f 3721/4456/3234 3720/4455/3639 3283/3767/3638 3624/4357/3775 3646/4379/3829 3581/4314/3235
f 3723/4459/3767 3722/4458/3751 2421/2742/2285 3620/4353/3760
f 3724/4460/3822 3723/4459/3767 3620/4353/3760 3642/4375/3821
f 3727/4464/3763 3726/4463/3762 2420/2746/2714 3622/4355/3766
f 3728/4465/3826 3727/4464/3763 3622/4355/3766 3644/4377/3825
f 3729/4466/2300 3728/4465/3826 3644/4377/3825 3577/4310/2301
f 3731/4468/3774 3730/4467/3773 3770/4507/3840 3386/3763/3218 3623/4356/3777
f 3732/4469/3828 3731/4468/3774 3623/4356/3777 3645/4378/3776
f 3733/4470/3236 3732/4469/3828 3645/4378/3776 3582/4315/3237
f 3735/4472/3759 3734/4471/2284 2523/2741/2283 3619/4352/3764
f 3736/4473/3820 3735/4472/3759 3619/4352/3764 3641/4374/3827
f 3737/4474/2298 3736/4473/3820 3641/4374/3827 3575/4309/2299
f 3739/4476/3238 3738/4475/3217 3284/3762/3216 3611/4344/3819 3617/4350/3769 3579/4312/3231
f 3740/4477/2304 3724/4460/3822 3642/4375/3821 3576/4308/2297
f 3741/4478/3232 3709/4444/3770 3618/4351/3771 3580/4313/3233
f 3743/4480/3782 3742/4479/2717 2420/2746/2714 3627/4360/3785
f 3744/4481/3834 3743/4480/3782 3627/4360/3785 3635/4368/3833
f 3745/4482/2294 3744/4481/3834 3635/4368/3833 3586/4319/2295
f 3747/4484/3843 3746/4483/3640 2842/3768/3515 3632/4365/3846
f 3748/4485/3789 3747/4484/3843 3632/4365/3846 3640/4373/3790
f 3749/4486/3226 3748/4485/3789 3640/4373/3790 3589/4322/3227
f 3751/4488/3780 3750/4487/3691 1918/2745/2718 3628/4361/3783
f 3752/4489/3836 3751/4488/3780 3628/4361/3783 3636/4369/3835
f 3753/4490/2292 3752/4489/3836 3636/4369/3835 3585/4318/2293
f 3755/4492/3845 3754/4491/3514 3282/3765/3221 3629/4362/3839
f 3756/4493/3791 3755/4492/3845 3629/4362/3839 3637/4370/3792
f 3757/4494/3228 3756/4493/3791 3637/4370/3792 3590/4323/3229
f 3759/4496/3778 3758/4495/2288 2419/2744/2287 3625/4358/3781
f 3760/4497/3830 3759/4496/3778 3625/4358/3781 3633/4366/3837
f 3761/4498/2290 3760/4497/3830 3633/4366/3837 3583/4317/2291
f 3763/4500/3838 3762/4499/3220 3386/3763/3218 3630/4363/3842
f 3764/4501/3793 3763/4500/3838 3630/4363/3842 3638/4371/3786
f 3765/4502/3230 3764/4501/3793 3638/4371/3786 3588/4320/3223
f 3767/4504/3784 3766/4503/3761 2523/2741/2283 3626/4359/3779
f 3768/4505/3832 3767/4504/3784 3626/4359/3779 3634/4367/3831
f 3769/4506/2296 3768/4505/3832 3634/4367/3831 3584/4316/2289
f 3771/4508/3841 3770/4507/3840 3730/4467/3773 3283/3767/3638 3631/4364/3844
f 3772/4509/3787 3771/4508/3841 3631/4364/3844 3639/4372/3788
f 3773/4510/3224 3772/4509/3787 3639/4372/3788 3587/4321/3225
f 2423/2755/2725 3774/4511/2724 3675/4408/3723 3557/4290/3721
